date,revenue_offeredcapacity_others
2023-04-01 00:00:00,0
2023-04-01 01:00:00,0
2023-04-01 02:00:00,0
2023-04-01 03:00:00,0
2023-04-01 04:00:00,0
2023-04-01 05:00:00,0
2023-04-01 06:00:00,9.8500
2023-04-01 07:00:00,-24.6900
2023-04-01 08:00:00,0.0800
2023-04-01 09:00:00,-0.3600
2023-04-01 10:00:00,-0.8600
2023-04-01 11:00:00,-51.6300
2023-04-01 12:00:00,-82.1100
2023-04-01 13:00:00,-27.5100
2023-04-01 14:00:00,-30.6200
2023-04-01 15:00:00,-62.1600
2023-04-01 16:00:00,-102.2800
2023-04-01 17:00:00,-0.3800
2023-04-01 18:00:00,0.6700
2023-04-01 19:00:00,-1.5300
2023-04-01 20:00:00,-1.9000
2023-04-01 21:00:00,0
2023-04-01 22:00:00,-2.9200
2023-04-01 23:00:00,0
2023-04-02 00:00:00,-15.0700
2023-04-02 01:00:00,0
2023-04-02 02:00:00,0
2023-04-02 03:00:00,0
2023-04-02 04:00:00,0
2023-04-02 05:00:00,0
2023-04-02 06:00:00,9.1400
2023-04-02 07:00:00,-30.2700
2023-04-02 08:00:00,-20.9600
2023-04-02 09:00:00,-38.1000
2023-04-02 10:00:00,-27.7900
2023-04-02 11:00:00,-50.3000
2023-04-02 12:00:00,-80.8600
2023-04-02 13:00:00,-121.6100
2023-04-02 14:00:00,-123.5300
2023-04-02 15:00:00,-128.1300
2023-04-02 16:00:00,-160.2900
2023-04-02 17:00:00,0.5000
2023-04-02 18:00:00,-70.7600
2023-04-02 19:00:00,-11.7000
2023-04-02 20:00:00,6.7100
2023-04-02 21:00:00,4.3500
2023-04-02 22:00:00,2.1000
2023-04-02 23:00:00,0.0200
2023-04-03 00:00:00,0
2023-04-03 01:00:00,0
2023-04-03 02:00:00,0
2023-04-03 03:00:00,0
2023-04-03 04:00:00,0.0500
2023-04-03 05:00:00,-2.5800
2023-04-03 06:00:00,-2.7300
2023-04-03 07:00:00,-200.2800
2023-04-03 08:00:00,-102.1300
2023-04-03 09:00:00,-82.2600
2023-04-03 10:00:00,10.3600
2023-04-03 11:00:00,0.0100
2023-04-03 12:00:00,2.7200
2023-04-03 13:00:00,-2.0400
2023-04-03 14:00:00,-9.2300
2023-04-03 15:00:00,-0.6500
2023-04-03 16:00:00,0.4800
2023-04-03 17:00:00,18.3800
2023-04-03 18:00:00,-52.4700
2023-04-03 19:00:00,7.1900
2023-04-03 20:00:00,-0.9000
2023-04-03 21:00:00,6.7000
2023-04-03 22:00:00,6.5100
2023-04-03 23:00:00,0.0200
2023-04-04 00:00:00,0.0200
2023-04-04 01:00:00,0
2023-04-04 02:00:00,0.0400
2023-04-04 03:00:00,0.1600
2023-04-04 04:00:00,0.0100
2023-04-04 05:00:00,-7.6300
2023-04-04 06:00:00,-11.8700
2023-04-04 07:00:00,-27.2000
2023-04-04 08:00:00,1.9600
2023-04-04 09:00:00,0.1400
2023-04-04 10:00:00,-0.5700
2023-04-04 11:00:00,-0.5500
2023-04-04 12:00:00,-1.4600
2023-04-04 13:00:00,-18.6000
2023-04-04 14:00:00,-20.1700
2023-04-04 15:00:00,-449.8100
2023-04-04 16:00:00,-233.2700
2023-04-04 17:00:00,-0.2100
2023-04-04 18:00:00,-158.8400
2023-04-04 19:00:00,-63.4000
2023-04-04 20:00:00,11.1200
2023-04-04 21:00:00,9.2700
2023-04-04 22:00:00,0.0400
2023-04-04 23:00:00,0.0100
2023-04-05 00:00:00,0.1700
2023-04-05 01:00:00,0.0500
2023-04-05 02:00:00,0.0800
2023-04-05 03:00:00,0.0200
2023-04-05 04:00:00,0.5000
2023-04-05 05:00:00,-4.4400
2023-04-05 06:00:00,16.3000
2023-04-05 07:00:00,-552.4000
2023-04-05 08:00:00,5.6000
2023-04-05 09:00:00,-0.9900
2023-04-05 10:00:00,-1.4200
2023-04-05 11:00:00,-5.4200
2023-04-05 12:00:00,-78.8300
2023-04-05 13:00:00,-114.0800
2023-04-05 14:00:00,-18.6700
2023-04-05 15:00:00,1.2600
2023-04-05 16:00:00,-149.8100
2023-04-05 17:00:00,0.5700
2023-04-05 18:00:00,-13.9800
2023-04-05 19:00:00,-438.7800
2023-04-05 20:00:00,-189.4300
2023-04-05 21:00:00,-95.7500
2023-04-05 22:00:00,16.3000
2023-04-05 23:00:00,4.2500
2023-04-06 00:00:00,0.6500
2023-04-06 01:00:00,0.0300
2023-04-06 02:00:00,0
2023-04-06 03:00:00,0
2023-04-06 04:00:00,0
2023-04-06 05:00:00,0
2023-04-06 06:00:00,29.4100
2023-04-06 07:00:00,-75.0100
2023-04-06 08:00:00,-0.0300
2023-04-06 09:00:00,-0.5700
2023-04-06 10:00:00,-1.4800
2023-04-06 11:00:00,-0.7900
2023-04-06 12:00:00,-2.9300
2023-04-06 13:00:00,0.7900
2023-04-06 14:00:00,-0.6500
2023-04-06 15:00:00,3.0700
2023-04-06 16:00:00,-0.6000
2023-04-06 17:00:00,2.6500
2023-04-06 18:00:00,17.1700
2023-04-06 19:00:00,-41.7400
2023-04-06 20:00:00,-92.1100
2023-04-06 21:00:00,-18.2100
2023-04-06 22:00:00,-5.2100
2023-04-06 23:00:00,-18.7800
2023-04-07 00:00:00,0
2023-04-07 01:00:00,0
2023-04-07 02:00:00,0
2023-04-07 03:00:00,0
2023-04-07 04:00:00,0
2023-04-07 05:00:00,0
2023-04-07 06:00:00,-4.8900
2023-04-07 07:00:00,-19.6700
2023-04-07 08:00:00,6.8000
2023-04-07 09:00:00,-1.1700
2023-04-07 10:00:00,-0.5000
2023-04-07 11:00:00,0.0800
2023-04-07 12:00:00,-0.1600
2023-04-07 13:00:00,0.3500
2023-04-07 14:00:00,-6.3100
2023-04-07 15:00:00,-1.7500
2023-04-07 16:00:00,0.2000
2023-04-07 17:00:00,2.1900
2023-04-07 18:00:00,7.2100
2023-04-07 19:00:00,0
2023-04-07 20:00:00,-87.0000
2023-04-07 21:00:00,-0.0600
2023-04-07 22:00:00,-1.0200
2023-04-07 23:00:00,-55.1800
2023-04-08 00:00:00,-7.0300
2023-04-08 01:00:00,0
2023-04-08 02:00:00,0
2023-04-08 03:00:00,0
2023-04-08 04:00:00,0
2023-04-08 05:00:00,0
2023-04-08 06:00:00,11.0800
2023-04-08 07:00:00,-44.0400
2023-04-08 08:00:00,0.2700
2023-04-08 09:00:00,-0.0100
2023-04-08 10:00:00,-0.2800
2023-04-08 11:00:00,-3.1400
2023-04-08 12:00:00,-1.1600
2023-04-08 13:00:00,-4.1900
2023-04-08 14:00:00,-2.3800
2023-04-08 15:00:00,1.7000
2023-04-08 16:00:00,0
2023-04-08 17:00:00,2.6700
2023-04-08 18:00:00,14.5600
2023-04-08 19:00:00,-9.2300
2023-04-08 20:00:00,-22.7000
2023-04-08 21:00:00,4.6900
2023-04-08 22:00:00,8.7400
2023-04-08 23:00:00,-9.9000
2023-04-09 00:00:00,0.0500
2023-04-09 01:00:00,0
2023-04-09 02:00:00,0.0300
2023-04-09 03:00:00,0
2023-04-09 04:00:00,0
2023-04-09 05:00:00,-4.6000
2023-04-09 06:00:00,13.1600
2023-04-09 07:00:00,-41.4300
2023-04-09 08:00:00,0.2600
2023-04-09 09:00:00,-0.2400
2023-04-09 10:00:00,-0.3900
2023-04-09 11:00:00,-0.2200
2023-04-09 12:00:00,0.1200
2023-04-09 13:00:00,0.0900
2023-04-09 14:00:00,0.2700
2023-04-09 15:00:00,-0.4000
2023-04-09 16:00:00,-0.0500
2023-04-09 17:00:00,-95.7400
2023-04-09 18:00:00,-107.1200
2023-04-09 19:00:00,-46.1900
2023-04-09 20:00:00,-2.7200
2023-04-09 21:00:00,-10.1800
2023-04-09 22:00:00,8.8700
2023-04-09 23:00:00,1.5300
2023-04-10 00:00:00,0.8300
2023-04-10 01:00:00,0
2023-04-10 02:00:00,0.0200
2023-04-10 03:00:00,0.0200
2023-04-10 04:00:00,0
2023-04-10 05:00:00,-3.2600
2023-04-10 06:00:00,31.4800
2023-04-10 07:00:00,-315.8500
2023-04-10 08:00:00,-6.9300
2023-04-10 09:00:00,1.6000
2023-04-10 10:00:00,6.2000
2023-04-10 11:00:00,0.0700
2023-04-10 12:00:00,0.4300
2023-04-10 13:00:00,-0.0900
2023-04-10 14:00:00,0.7300
2023-04-10 15:00:00,0.5700
2023-04-10 16:00:00,0.4100
2023-04-10 17:00:00,13.4800
2023-04-10 18:00:00,-111.4900
2023-04-10 19:00:00,-0.6200
2023-04-10 20:00:00,2.1200
2023-04-10 21:00:00,17.1200
2023-04-10 22:00:00,0.0100
2023-04-10 23:00:00,0
2023-04-11 00:00:00,0.1400
2023-04-11 01:00:00,0.0200
2023-04-11 02:00:00,0.6500
2023-04-11 03:00:00,0.0200
2023-04-11 04:00:00,0.0100
2023-04-11 05:00:00,-1.5500
2023-04-11 06:00:00,13.7600
2023-04-11 07:00:00,-13.7100
2023-04-11 08:00:00,0.7900
2023-04-11 09:00:00,1.3000
2023-04-11 10:00:00,5.3500
2023-04-11 11:00:00,1.0500
2023-04-11 12:00:00,1.4700
2023-04-11 13:00:00,0.5000
2023-04-11 14:00:00,0.0700
2023-04-11 15:00:00,0
2023-04-11 16:00:00,2.5200
2023-04-11 17:00:00,3.8000
2023-04-11 18:00:00,-80.3600
2023-04-11 19:00:00,6.3900
2023-04-11 20:00:00,-1.8700
2023-04-11 21:00:00,-48.6900
2023-04-11 22:00:00,-134.0700
2023-04-11 23:00:00,-13.7500
2023-04-12 00:00:00,0
2023-04-12 01:00:00,0
2023-04-12 02:00:00,0
2023-04-12 03:00:00,0
2023-04-12 04:00:00,0
2023-04-12 05:00:00,0
2023-04-12 06:00:00,29.7900
2023-04-12 07:00:00,16.5800
2023-04-12 08:00:00,19.7100
2023-04-12 09:00:00,3.4100
2023-04-12 10:00:00,1.5500
2023-04-12 11:00:00,-7.3800
2023-04-12 12:00:00,1.3300
2023-04-12 13:00:00,0.1100
2023-04-12 14:00:00,0.1200
2023-04-12 15:00:00,1.6300
2023-04-12 16:00:00,6.0900
2023-04-12 17:00:00,3.6500
2023-04-12 18:00:00,11.2400
2023-04-12 19:00:00,9.7500
2023-04-12 20:00:00,1.0800
2023-04-12 21:00:00,1.2700
2023-04-12 22:00:00,0.7300
2023-04-12 23:00:00,-9.5600
2023-04-13 00:00:00,0
2023-04-13 01:00:00,0
2023-04-13 02:00:00,0
2023-04-13 03:00:00,0.0100
2023-04-13 04:00:00,0
2023-04-13 05:00:00,0.0500
2023-04-13 06:00:00,26.8100
2023-04-13 07:00:00,28.7500
2023-04-13 08:00:00,-2.2500
2023-04-13 09:00:00,-0.1000
2023-04-13 10:00:00,0.0200
2023-04-13 11:00:00,-0.1100
2023-04-13 12:00:00,-0.1500
2023-04-13 13:00:00,0.1500
2023-04-13 14:00:00,0.0200
2023-04-13 15:00:00,-0.3400
2023-04-13 16:00:00,-0.1300
2023-04-13 17:00:00,1.0700
2023-04-13 18:00:00,-124.3700
2023-04-13 19:00:00,14.0300
2023-04-13 20:00:00,3.4200
2023-04-13 21:00:00,1.5400
2023-04-13 22:00:00,1.3000
2023-04-13 23:00:00,8.0700
2023-04-14 00:00:00,0.3800
2023-04-14 01:00:00,0
2023-04-14 02:00:00,0
2023-04-14 03:00:00,0.0200
2023-04-14 04:00:00,0.1100
2023-04-14 05:00:00,0.0600
2023-04-14 06:00:00,27.3800
2023-04-14 07:00:00,29.1200
2023-04-14 08:00:00,0.2000
2023-04-14 09:00:00,0.0800
2023-04-14 10:00:00,0.3100
2023-04-14 11:00:00,0.3400
2023-04-14 12:00:00,0.7600
2023-04-14 13:00:00,0
2023-04-14 14:00:00,0.0100
2023-04-14 15:00:00,0
2023-04-14 16:00:00,0
2023-04-14 17:00:00,2.7500
2023-04-14 18:00:00,-72.0600
2023-04-14 19:00:00,1.3200
2023-04-14 20:00:00,-0.0900
2023-04-14 21:00:00,5.5500
2023-04-14 22:00:00,4.6100
2023-04-14 23:00:00,9.6600
2023-04-15 00:00:00,0.0900
2023-04-15 01:00:00,0
2023-04-15 02:00:00,0
2023-04-15 03:00:00,0.0100
2023-04-15 04:00:00,0
2023-04-15 05:00:00,-2.8400
2023-04-15 06:00:00,5.1700
2023-04-15 07:00:00,6.8900
2023-04-15 08:00:00,0.1300
2023-04-15 09:00:00,-0.2500
2023-04-15 10:00:00,-0.4200
2023-04-15 11:00:00,-0.0600
2023-04-15 12:00:00,-0.0300
2023-04-15 13:00:00,0.1700
2023-04-15 14:00:00,-0.3800
2023-04-15 15:00:00,-0.4500
2023-04-15 16:00:00,-0.5600
2023-04-15 17:00:00,1.5800
2023-04-15 18:00:00,-62.1700
2023-04-15 19:00:00,17.3600
2023-04-15 20:00:00,-0.0700
2023-04-15 21:00:00,0.1600
2023-04-15 22:00:00,-2.7800
2023-04-15 23:00:00,-30.3200
2023-04-16 00:00:00,-9.7600
2023-04-16 01:00:00,0.0100
2023-04-16 02:00:00,0.0100
2023-04-16 03:00:00,0
2023-04-16 04:00:00,0.0200
2023-04-16 05:00:00,-2.6300
2023-04-16 06:00:00,1.6200
2023-04-16 07:00:00,17.0200
2023-04-16 08:00:00,0.1500
2023-04-16 09:00:00,-0.6700
2023-04-16 10:00:00,0.3300
2023-04-16 11:00:00,-0.0200
2023-04-16 12:00:00,-0.0200
2023-04-16 13:00:00,0.0100
2023-04-16 14:00:00,-0.1800
2023-04-16 15:00:00,-2.6100
2023-04-16 16:00:00,-0.1900
2023-04-16 17:00:00,2.4900
2023-04-16 18:00:00,8.3000
2023-04-16 19:00:00,-3.2300
2023-04-16 20:00:00,-1.9300
2023-04-16 21:00:00,0.1000
2023-04-16 22:00:00,4.4300
2023-04-16 23:00:00,4.6900
2023-04-17 00:00:00,0.0500
2023-04-17 01:00:00,0.0200
2023-04-17 02:00:00,0.0100
2023-04-17 03:00:00,0.0200
2023-04-17 04:00:00,0.0400
2023-04-17 05:00:00,-2.5400
2023-04-17 06:00:00,20.5700
2023-04-17 07:00:00,18.2200
2023-04-17 08:00:00,0.2700
2023-04-17 09:00:00,1.2200
2023-04-17 10:00:00,0.1700
2023-04-17 11:00:00,0.6800
2023-04-17 12:00:00,-0.0100
2023-04-17 13:00:00,-0.0200
2023-04-17 14:00:00,0
2023-04-17 15:00:00,-0.0400
2023-04-17 16:00:00,-0.0200
2023-04-17 17:00:00,2.1900
2023-04-17 18:00:00,-183.4800
2023-04-17 19:00:00,1.9400
2023-04-17 20:00:00,-2.8500
2023-04-17 21:00:00,8.2000
2023-04-17 22:00:00,8.8900
2023-04-17 23:00:00,0.0200
2023-04-18 00:00:00,0.3400
2023-04-18 01:00:00,0.0500
2023-04-18 02:00:00,0.1000
2023-04-18 03:00:00,1.3400
2023-04-18 04:00:00,0.1300
2023-04-18 05:00:00,1.5300
2023-04-18 06:00:00,29.3800
2023-04-18 07:00:00,24.6100
2023-04-18 08:00:00,-0.3800
2023-04-18 09:00:00,0.0300
2023-04-18 10:00:00,0.0600
2023-04-18 11:00:00,0.0800
2023-04-18 12:00:00,-0.2000
2023-04-18 13:00:00,0.2500
2023-04-18 14:00:00,-1.8700
2023-04-18 15:00:00,-1.7700
2023-04-18 16:00:00,-4.6500
2023-04-18 17:00:00,14.7200
2023-04-18 18:00:00,-77.6900
2023-04-18 19:00:00,29.5600
2023-04-18 20:00:00,7.0900
2023-04-18 21:00:00,1.6000
2023-04-18 22:00:00,1.6400
2023-04-18 23:00:00,0.1100
2023-04-19 00:00:00,0.8500
2023-04-19 01:00:00,0.3500
2023-04-19 02:00:00,0
2023-04-19 03:00:00,0.0500
2023-04-19 04:00:00,2.6500
2023-04-19 05:00:00,-1.2900
2023-04-19 06:00:00,-25.4200
2023-04-19 07:00:00,-79.6900
2023-04-19 08:00:00,-0.2400
2023-04-19 09:00:00,-0.2300
2023-04-19 10:00:00,-12.4700
2023-04-19 11:00:00,-16.4000
2023-04-19 12:00:00,-17.4500
2023-04-19 13:00:00,-10.8700
2023-04-19 14:00:00,-16.6500
2023-04-19 15:00:00,-16
2023-04-19 16:00:00,-0.2500
2023-04-19 17:00:00,18.2400
2023-04-19 18:00:00,-246.6500
2023-04-19 19:00:00,28.7300
2023-04-19 20:00:00,2.9500
2023-04-19 21:00:00,8.4500
2023-04-19 22:00:00,0
2023-04-19 23:00:00,0
2023-04-20 00:00:00,0
2023-04-20 01:00:00,0
2023-04-20 02:00:00,0
2023-04-20 03:00:00,0
2023-04-20 04:00:00,0
2023-04-20 05:00:00,0
2023-04-20 06:00:00,60.3800
2023-04-20 07:00:00,12.9200
2023-04-20 08:00:00,-2.5700
2023-04-20 09:00:00,2.7700
2023-04-20 10:00:00,1.3300
2023-04-20 11:00:00,-0.0700
2023-04-20 12:00:00,6.6900
2023-04-20 13:00:00,8.3900
2023-04-20 14:00:00,3.6400
2023-04-20 15:00:00,-0.7400
2023-04-20 16:00:00,-3.7700
2023-04-20 17:00:00,1.9800
2023-04-20 18:00:00,-301.9900
2023-04-20 19:00:00,38.4000
2023-04-20 20:00:00,0
2023-04-20 21:00:00,0
2023-04-20 22:00:00,0
2023-04-20 23:00:00,0
2023-04-21 00:00:00,0
2023-04-21 01:00:00,0
2023-04-21 02:00:00,0
2023-04-21 03:00:00,0
2023-04-21 04:00:00,0
2023-04-21 05:00:00,0
2023-04-21 06:00:00,63.6100
2023-04-21 07:00:00,12.8700
2023-04-21 08:00:00,-4.9200
2023-04-21 09:00:00,2.7900
2023-04-21 10:00:00,0
2023-04-21 11:00:00,0.2000
2023-04-21 12:00:00,7.2100
2023-04-21 13:00:00,0.5600
2023-04-21 14:00:00,0.4200
2023-04-21 15:00:00,0.0100
2023-04-21 16:00:00,-0.1300
2023-04-21 17:00:00,4.2100
2023-04-21 18:00:00,-176.8500
2023-04-21 19:00:00,42.1100
2023-04-21 20:00:00,0
2023-04-21 21:00:00,0
2023-04-21 22:00:00,0
2023-04-21 23:00:00,0
2023-04-22 00:00:00,0
2023-04-22 01:00:00,0
2023-04-22 02:00:00,0
2023-04-22 03:00:00,0
2023-04-22 04:00:00,0
2023-04-22 05:00:00,0
2023-04-22 06:00:00,20.2100
2023-04-22 07:00:00,7.9200
2023-04-22 08:00:00,0.8600
2023-04-22 09:00:00,-0.1300
2023-04-22 10:00:00,-0.9200
2023-04-22 11:00:00,-0.4200
2023-04-22 12:00:00,-0.1100
2023-04-22 13:00:00,-0.3500
2023-04-22 14:00:00,-0.0300
2023-04-22 15:00:00,0.0800
2023-04-22 16:00:00,0.2800
2023-04-22 17:00:00,1.8500
2023-04-22 18:00:00,-146.1300
2023-04-22 19:00:00,30.2600
2023-04-22 20:00:00,7.7100
2023-04-22 21:00:00,0.5700
2023-04-22 22:00:00,0.2800
2023-04-22 23:00:00,-4.2900
2023-04-23 00:00:00,0.0100
2023-04-23 01:00:00,0
2023-04-23 02:00:00,0.0200
2023-04-23 03:00:00,0
2023-04-23 04:00:00,0.1500
2023-04-23 05:00:00,0.0100
2023-04-23 06:00:00,37.6500
2023-04-23 07:00:00,11.6800
2023-04-23 08:00:00,-1.1900
2023-04-23 09:00:00,0.4400
2023-04-23 10:00:00,-1.4000
2023-04-23 11:00:00,0.0600
2023-04-23 12:00:00,-0.0600
2023-04-23 13:00:00,-0.0500
2023-04-23 14:00:00,-0.0200
2023-04-23 15:00:00,0.0100
2023-04-23 16:00:00,0.0200
2023-04-23 17:00:00,0.8500
2023-04-23 18:00:00,5.5100
2023-04-23 19:00:00,29.5900
2023-04-23 20:00:00,0.0500
2023-04-23 21:00:00,7.1600
2023-04-23 22:00:00,0.2300
2023-04-23 23:00:00,0.0200
2023-04-24 00:00:00,0.0300
2023-04-24 01:00:00,0
2023-04-24 02:00:00,0
2023-04-24 03:00:00,0
2023-04-24 04:00:00,0.0200
2023-04-24 05:00:00,0.0200
2023-04-24 06:00:00,21.7600
2023-04-24 07:00:00,12.4500
2023-04-24 08:00:00,-1.8600
2023-04-24 09:00:00,-1.4200
2023-04-24 10:00:00,0
2023-04-24 11:00:00,-1.5300
2023-04-24 12:00:00,0.6300
2023-04-24 13:00:00,1.0400
2023-04-24 14:00:00,0.1000
2023-04-24 15:00:00,0.0800
2023-04-24 16:00:00,0.1500
2023-04-24 17:00:00,0.3200
2023-04-24 18:00:00,-211.9300
2023-04-24 19:00:00,39.2200
2023-04-24 20:00:00,0
2023-04-24 21:00:00,0
2023-04-24 22:00:00,0
2023-04-24 23:00:00,0
2023-04-25 00:00:00,0
2023-04-25 01:00:00,0
2023-04-25 02:00:00,0
2023-04-25 03:00:00,0
2023-04-25 04:00:00,0
2023-04-25 05:00:00,0
2023-04-25 06:00:00,34.9400
2023-04-25 07:00:00,9.2800
2023-04-25 08:00:00,-17.4500
2023-04-25 09:00:00,-7.6300
2023-04-25 10:00:00,0
2023-04-25 11:00:00,2.6400
2023-04-25 12:00:00,1.2200
2023-04-25 13:00:00,0.0400
2023-04-25 14:00:00,0.1100
2023-04-25 15:00:00,-1.8800
2023-04-25 16:00:00,0.1700
2023-04-25 17:00:00,0.2500
2023-04-25 18:00:00,-271.5400
2023-04-25 19:00:00,32.3700
2023-04-25 20:00:00,0
2023-04-25 21:00:00,0
2023-04-25 22:00:00,0
2023-04-25 23:00:00,0
2023-04-26 00:00:00,0
2023-04-26 01:00:00,0
2023-04-26 02:00:00,0
2023-04-26 03:00:00,0
2023-04-26 04:00:00,0
2023-04-26 05:00:00,-3.9300
2023-04-26 06:00:00,20.5400
2023-04-26 07:00:00,11.8000
2023-04-26 08:00:00,0.1500
2023-04-26 09:00:00,1.7700
2023-04-26 10:00:00,0
2023-04-26 11:00:00,1.2400
2023-04-26 12:00:00,0.0300
2023-04-26 13:00:00,-0.0100
2023-04-26 14:00:00,0.0300
2023-04-26 15:00:00,0.0200
2023-04-26 16:00:00,0.5800
2023-04-26 17:00:00,1.4300
2023-04-26 18:00:00,-251.4200
2023-04-26 19:00:00,44.6000
2023-04-26 20:00:00,0
2023-04-26 21:00:00,0
2023-04-26 22:00:00,0
2023-04-26 23:00:00,0
2023-04-27 00:00:00,0
2023-04-27 01:00:00,0
2023-04-27 02:00:00,0
2023-04-27 03:00:00,0
2023-04-27 04:00:00,0
2023-04-27 05:00:00,-2.7100
2023-04-27 06:00:00,11.8300
2023-04-27 07:00:00,8.4400
2023-04-27 08:00:00,0.1000
2023-04-27 09:00:00,-9.7600
2023-04-27 10:00:00,0
2023-04-27 11:00:00,1.3100
2023-04-27 12:00:00,-0.1200
2023-04-27 13:00:00,-2.8900
2023-04-27 14:00:00,-4.1900
2023-04-27 15:00:00,-3.7000
2023-04-27 16:00:00,-2.8900
2023-04-27 17:00:00,-78.5800
2023-04-27 18:00:00,-263.9700
2023-04-27 19:00:00,42.7800
2023-04-27 20:00:00,0
2023-04-27 21:00:00,0
2023-04-27 22:00:00,0
2023-04-27 23:00:00,0
2023-04-28 00:00:00,0
2023-04-28 01:00:00,0
2023-04-28 02:00:00,0
2023-04-28 03:00:00,0
2023-04-28 04:00:00,0
2023-04-28 05:00:00,-2.5000
2023-04-28 06:00:00,7.8900
2023-04-28 07:00:00,20.9200
2023-04-28 08:00:00,1.3100
2023-04-28 09:00:00,-0.1800
2023-04-28 10:00:00,0
2023-04-28 11:00:00,-0.0100
2023-04-28 12:00:00,0
2023-04-28 13:00:00,0.1200
2023-04-28 14:00:00,0.2700
2023-04-28 15:00:00,0.1500
2023-04-28 16:00:00,1.0600
2023-04-28 17:00:00,4.2800
2023-04-28 18:00:00,-261.9100
2023-04-28 19:00:00,-9.7800
2023-04-28 20:00:00,-57.1700
2023-04-28 21:00:00,-15.7900
2023-04-28 22:00:00,-865.7200
2023-04-28 23:00:00,-40.1900
2023-04-29 00:00:00,-9.2600
2023-04-29 01:00:00,-5.5000
2023-04-29 02:00:00,0.0400
2023-04-29 03:00:00,0.0100
2023-04-29 04:00:00,0
2023-04-29 05:00:00,-3.6900
2023-04-29 06:00:00,-1.0700
2023-04-29 07:00:00,7.3700
2023-04-29 08:00:00,0.7800
2023-04-29 09:00:00,0.2100
2023-04-29 10:00:00,0.0100
2023-04-29 11:00:00,0.0500
2023-04-29 12:00:00,0.0800
2023-04-29 13:00:00,0.5400
2023-04-29 14:00:00,0.8100
2023-04-29 15:00:00,0.2600
2023-04-29 16:00:00,1.1200
2023-04-29 17:00:00,-5.5100
2023-04-29 18:00:00,16.2000
2023-04-29 19:00:00,-34.4500
2023-04-29 20:00:00,-17.4400
2023-04-29 21:00:00,1.9100
2023-04-29 22:00:00,0.1900
2023-04-29 23:00:00,0
2023-04-30 00:00:00,-6.2600
2023-04-30 01:00:00,-0.9500
2023-04-30 02:00:00,0
2023-04-30 03:00:00,0.0200
2023-04-30 04:00:00,0
2023-04-30 05:00:00,-1
2023-04-30 06:00:00,7.8600
2023-04-30 07:00:00,0.7200
2023-04-30 08:00:00,-0.2100
2023-04-30 09:00:00,-0.0200
2023-04-30 10:00:00,-0.0100
2023-04-30 11:00:00,-0.0200
2023-04-30 12:00:00,-4.1000
2023-04-30 13:00:00,11.6900
2023-04-30 14:00:00,-3.8300
2023-04-30 15:00:00,-0.0200
2023-04-30 16:00:00,0.3600
2023-04-30 17:00:00,2.1600
2023-04-30 18:00:00,1.7600
2023-04-30 19:00:00,-0.0700
2023-04-30 20:00:00,-0.7500
2023-04-30 21:00:00,1.7500
2023-04-30 22:00:00,2.5300
2023-04-30 23:00:00,2.6400
2023-05-01 00:00:00,0.0100
2023-05-01 01:00:00,0
2023-05-01 02:00:00,0
2023-05-01 03:00:00,0.0200
2023-05-01 04:00:00,0.0100
2023-05-01 05:00:00,-2.0900
2023-05-01 06:00:00,16
2023-05-01 07:00:00,0.6000
2023-05-01 08:00:00,0.0800
2023-05-01 09:00:00,0.2300
2023-05-01 10:00:00,0.4800
2023-05-01 11:00:00,0.1300
2023-05-01 12:00:00,0.1400
2023-05-01 13:00:00,0.1700
2023-05-01 14:00:00,0.4000
2023-05-01 15:00:00,7.8000
2023-05-01 16:00:00,0.7500
2023-05-01 17:00:00,-357.8100
2023-05-01 18:00:00,-45.6700
2023-05-01 19:00:00,-16.5300
2023-05-01 20:00:00,-23.7000
2023-05-01 21:00:00,0
2023-05-01 22:00:00,-1.0400
2023-05-01 23:00:00,0
2023-05-02 00:00:00,0.0200
2023-05-02 01:00:00,0
2023-05-02 02:00:00,0
2023-05-02 03:00:00,0
2023-05-02 04:00:00,0
2023-05-02 05:00:00,0.4800
2023-05-02 06:00:00,18.1800
2023-05-02 07:00:00,6.0100
2023-05-02 08:00:00,14.4400
2023-05-02 09:00:00,4.9400
2023-05-02 10:00:00,4.1300
2023-05-02 11:00:00,4.1200
2023-05-02 12:00:00,0.6100
2023-05-02 13:00:00,0.2000
2023-05-02 14:00:00,3.8000
2023-05-02 15:00:00,0
2023-05-02 16:00:00,-78.1300
2023-05-02 17:00:00,-0.6400
2023-05-02 18:00:00,1.8800
2023-05-02 19:00:00,11.8000
2023-05-02 20:00:00,0
2023-05-02 21:00:00,0.0400
2023-05-02 22:00:00,-1.6500
2023-05-02 23:00:00,0.0100
2023-05-03 00:00:00,0.0200
2023-05-03 01:00:00,0
2023-05-03 02:00:00,0
2023-05-03 03:00:00,0
2023-05-03 04:00:00,0
2023-05-03 05:00:00,-1.4900
2023-05-03 06:00:00,6.1000
2023-05-03 07:00:00,4.7900
2023-05-03 08:00:00,8.9700
2023-05-03 09:00:00,-0.7600
2023-05-03 10:00:00,0.7400
2023-05-03 11:00:00,0
2023-05-03 12:00:00,-0.0100
2023-05-03 13:00:00,1.9100
2023-05-03 14:00:00,3.2400
2023-05-03 15:00:00,0.4200
2023-05-03 16:00:00,-5.7900
2023-05-03 17:00:00,-48.4000
2023-05-03 18:00:00,8.0300
2023-05-03 19:00:00,6.2200
2023-05-03 20:00:00,0
2023-05-03 21:00:00,0.0600
2023-05-03 22:00:00,0.0900
2023-05-03 23:00:00,0.0600
2023-05-04 00:00:00,0.0100
2023-05-04 01:00:00,0
2023-05-04 02:00:00,0
2023-05-04 03:00:00,0
2023-05-04 04:00:00,0
2023-05-04 05:00:00,0
2023-05-04 06:00:00,6.1600
2023-05-04 07:00:00,30.1300
2023-05-04 08:00:00,-1.6500
2023-05-04 09:00:00,3.9900
2023-05-04 10:00:00,5.3200
2023-05-04 11:00:00,5.2600
2023-05-04 12:00:00,0.4900
2023-05-04 13:00:00,0.2300
2023-05-04 14:00:00,0.9500
2023-05-04 15:00:00,-0.0200
2023-05-04 16:00:00,-25.9600
2023-05-04 17:00:00,0.0300
2023-05-04 18:00:00,-0.9100
2023-05-04 19:00:00,14.7400
2023-05-04 20:00:00,0.0400
2023-05-04 21:00:00,0.0700
2023-05-04 22:00:00,0.0400
2023-05-04 23:00:00,0
2023-05-05 00:00:00,0
2023-05-05 01:00:00,0
2023-05-05 02:00:00,0
2023-05-05 03:00:00,0.0400
2023-05-05 04:00:00,0.0500
2023-05-05 05:00:00,0.0200
2023-05-05 06:00:00,29.3600
2023-05-05 07:00:00,8.6000
2023-05-05 08:00:00,0
2023-05-05 09:00:00,0
2023-05-05 10:00:00,0
2023-05-05 11:00:00,1.0800
2023-05-05 12:00:00,-1.3600
2023-05-05 13:00:00,-0.0800
2023-05-05 14:00:00,-3.0500
2023-05-05 15:00:00,-9.5200
2023-05-05 16:00:00,-1.8400
2023-05-05 17:00:00,-1.8200
2023-05-05 18:00:00,6.0800
2023-05-05 19:00:00,10.1000
2023-05-05 20:00:00,0.0500
2023-05-05 21:00:00,0.0700
2023-05-05 22:00:00,0.2200
2023-05-05 23:00:00,0.0200
2023-05-06 00:00:00,0.0100
2023-05-06 01:00:00,0
2023-05-06 02:00:00,0
2023-05-06 03:00:00,0
2023-05-06 04:00:00,0
2023-05-06 05:00:00,-0.1900
2023-05-06 06:00:00,-0.6300
2023-05-06 07:00:00,0.5000
2023-05-06 08:00:00,-0.1800
2023-05-06 09:00:00,-0.7700
2023-05-06 10:00:00,-75.0700
2023-05-06 11:00:00,-199.9600
2023-05-06 12:00:00,-100.7100
2023-05-06 13:00:00,-0.3600
2023-05-06 14:00:00,-0.0400
2023-05-06 15:00:00,108.9100
2023-05-06 16:00:00,61.8300
2023-05-06 17:00:00,19.4400
2023-05-06 18:00:00,-26.0600
2023-05-06 19:00:00,10.1200
2023-05-06 20:00:00,0
2023-05-06 21:00:00,0
2023-05-06 22:00:00,0
2023-05-06 23:00:00,0
2023-05-07 00:00:00,0
2023-05-07 01:00:00,0
2023-05-07 02:00:00,0
2023-05-07 03:00:00,0
2023-05-07 04:00:00,0
2023-05-07 05:00:00,-0.0700
2023-05-07 06:00:00,-1.2100
2023-05-07 07:00:00,-3.1300
2023-05-07 08:00:00,-6.2300
2023-05-07 09:00:00,-15.2500
2023-05-07 10:00:00,-19.6600
2023-05-07 11:00:00,-21.1300
2023-05-07 12:00:00,-26.7600
2023-05-07 13:00:00,-26.3400
2023-05-07 14:00:00,-25.5500
2023-05-07 15:00:00,-21.6700
2023-05-07 16:00:00,-11.4200
2023-05-07 17:00:00,0.5300
2023-05-07 18:00:00,-0.0900
2023-05-07 19:00:00,12.5600
2023-05-07 20:00:00,-8.9800
2023-05-07 21:00:00,0
2023-05-07 22:00:00,0
2023-05-07 23:00:00,0
2023-05-08 00:00:00,0
2023-05-08 01:00:00,0
2023-05-08 02:00:00,0
2023-05-08 03:00:00,0
2023-05-08 04:00:00,0
2023-05-08 05:00:00,-1.6300
2023-05-08 06:00:00,-1.0100
2023-05-08 07:00:00,2.4300
2023-05-08 08:00:00,-1.9100
2023-05-08 09:00:00,-0.0100
2023-05-08 10:00:00,-0.7900
2023-05-08 11:00:00,-13.9800
2023-05-08 12:00:00,-22.4400
2023-05-08 13:00:00,-3.4500
2023-05-08 14:00:00,-2.8600
2023-05-08 15:00:00,-0.0100
2023-05-08 16:00:00,3.1600
2023-05-08 17:00:00,0.1400
2023-05-08 18:00:00,2.6900
2023-05-08 19:00:00,33.5000
2023-05-08 20:00:00,-4.0500
2023-05-08 21:00:00,0
2023-05-08 22:00:00,0
2023-05-08 23:00:00,0
2023-05-09 00:00:00,0
2023-05-09 01:00:00,0
2023-05-09 02:00:00,0
2023-05-09 03:00:00,0
2023-05-09 04:00:00,0
2023-05-09 05:00:00,-1.5200
2023-05-09 06:00:00,-3.3500
2023-05-09 07:00:00,5.3700
2023-05-09 08:00:00,0
2023-05-09 09:00:00,0
2023-05-09 10:00:00,-0.1400
2023-05-09 11:00:00,-0.0200
2023-05-09 12:00:00,-0.1400
2023-05-09 13:00:00,-0.2100
2023-05-09 14:00:00,-0.8300
2023-05-09 15:00:00,-0.0900
2023-05-09 16:00:00,-0.0400
2023-05-09 17:00:00,0.5000
2023-05-09 18:00:00,2.1200
2023-05-09 19:00:00,7.7800
2023-05-09 20:00:00,0
2023-05-09 21:00:00,0
2023-05-09 22:00:00,0
2023-05-09 23:00:00,0
2023-05-10 00:00:00,0
2023-05-10 01:00:00,0
2023-05-10 02:00:00,0
2023-05-10 03:00:00,0
2023-05-10 04:00:00,0
2023-05-10 05:00:00,-1.4300
2023-05-10 06:00:00,5.2900
2023-05-10 07:00:00,0.6200
2023-05-10 08:00:00,0.0800
2023-05-10 09:00:00,-0.5900
2023-05-10 10:00:00,0
2023-05-10 11:00:00,-1.2400
2023-05-10 12:00:00,-0.4800
2023-05-10 13:00:00,-0.4800
2023-05-10 14:00:00,-67.2900
2023-05-10 15:00:00,-0.1100
2023-05-10 16:00:00,-0.2700
2023-05-10 17:00:00,-0.4500
2023-05-10 18:00:00,0.8500
2023-05-10 19:00:00,14.1800
2023-05-10 20:00:00,-0.6700
2023-05-10 21:00:00,0.0400
2023-05-10 22:00:00,0
2023-05-10 23:00:00,0
2023-05-11 00:00:00,0
2023-05-11 01:00:00,0
2023-05-11 02:00:00,0.0200
2023-05-11 03:00:00,0
2023-05-11 04:00:00,0.0100
2023-05-11 05:00:00,0.0800
2023-05-11 06:00:00,-17.4200
2023-05-11 07:00:00,-1.9400
2023-05-11 08:00:00,0.2400
2023-05-11 09:00:00,2.4300
2023-05-11 10:00:00,-0.4800
2023-05-11 11:00:00,2.6700
2023-05-11 12:00:00,32.7400
2023-05-11 13:00:00,32.4500
2023-05-11 14:00:00,-1.8700
2023-05-11 15:00:00,0.2000
2023-05-11 16:00:00,0.0800
2023-05-11 17:00:00,0.7600
2023-05-11 18:00:00,-125.4900
2023-05-11 19:00:00,-26.3700
2023-05-11 20:00:00,0.5500
2023-05-11 21:00:00,0.0400
2023-05-11 22:00:00,0
2023-05-11 23:00:00,0
2023-05-12 00:00:00,0.0200
2023-05-12 01:00:00,0
2023-05-12 02:00:00,0
2023-05-12 03:00:00,0
2023-05-12 04:00:00,0
2023-05-12 05:00:00,0.0500
2023-05-12 06:00:00,-76.6100
2023-05-12 07:00:00,-23.1200
2023-05-12 08:00:00,-0.1800
2023-05-12 09:00:00,-0.2100
2023-05-12 10:00:00,0
2023-05-12 11:00:00,-0.0100
2023-05-12 12:00:00,0
2023-05-12 13:00:00,0.0300
2023-05-12 14:00:00,-0.0300
2023-05-12 15:00:00,0.0500
2023-05-12 16:00:00,0.1200
2023-05-12 17:00:00,-0.6100
2023-05-12 18:00:00,-120.6400
2023-05-12 19:00:00,-31.6400
2023-05-12 20:00:00,0.3300
2023-05-12 21:00:00,0.0600
2023-05-12 22:00:00,0
2023-05-12 23:00:00,0
2023-05-13 00:00:00,0
2023-05-13 01:00:00,0
2023-05-13 02:00:00,0
2023-05-13 03:00:00,0
2023-05-13 04:00:00,0
2023-05-13 05:00:00,0.0100
2023-05-13 06:00:00,-35.3200
2023-05-13 07:00:00,0.0700
2023-05-13 08:00:00,-0.0400
2023-05-13 09:00:00,-0.0100
2023-05-13 10:00:00,-0.0400
2023-05-13 11:00:00,-0.0900
2023-05-13 12:00:00,-0.0800
2023-05-13 13:00:00,-0.0300
2023-05-13 14:00:00,0.3600
2023-05-13 15:00:00,-0.1300
2023-05-13 16:00:00,-0.1700
2023-05-13 17:00:00,-0.3400
2023-05-13 18:00:00,-66.1700
2023-05-13 19:00:00,-741.3200
2023-05-13 20:00:00,0.4000
2023-05-13 21:00:00,0.0300
2023-05-13 22:00:00,0.0100
2023-05-13 23:00:00,0.0100
2023-05-14 00:00:00,0.0100
2023-05-14 01:00:00,0.0100
2023-05-14 02:00:00,0
2023-05-14 03:00:00,0
2023-05-14 04:00:00,0
2023-05-14 05:00:00,0
2023-05-14 06:00:00,-22.5600
2023-05-14 07:00:00,-0.3900
2023-05-14 08:00:00,-0.1500
2023-05-14 09:00:00,-0.0400
2023-05-14 10:00:00,-0.2900
2023-05-14 11:00:00,0.0300
2023-05-14 12:00:00,-0.2300
2023-05-14 13:00:00,-0.2300
2023-05-14 14:00:00,-0.3100
2023-05-14 15:00:00,0
2023-05-14 16:00:00,0.6300
2023-05-14 17:00:00,1.0500
2023-05-14 18:00:00,-66.3200
2023-05-14 19:00:00,-38.7000
2023-05-14 20:00:00,0.5400
2023-05-14 21:00:00,0.0300
2023-05-14 22:00:00,0
2023-05-14 23:00:00,0.0200
2023-05-15 00:00:00,0.0100
2023-05-15 01:00:00,0
2023-05-15 02:00:00,0
2023-05-15 03:00:00,0
2023-05-15 04:00:00,0
2023-05-15 05:00:00,0
2023-05-15 06:00:00,-35.8700
2023-05-15 07:00:00,-7.9400
2023-05-15 08:00:00,-0.4300
2023-05-15 09:00:00,0.7000
2023-05-15 10:00:00,-28.4000
2023-05-15 11:00:00,-30.8100
2023-05-15 12:00:00,-9.5500
2023-05-15 13:00:00,-45.3800
2023-05-15 14:00:00,-27.7100
2023-05-15 15:00:00,18.6100
2023-05-15 16:00:00,-4.3600
2023-05-15 17:00:00,2.8400
2023-05-15 18:00:00,-6.3800
2023-05-15 19:00:00,-6.4300
2023-05-15 20:00:00,-26.2000
2023-05-15 21:00:00,9.9300
2023-05-15 22:00:00,0.8600
2023-05-15 23:00:00,0.6500
2023-05-16 00:00:00,0
2023-05-16 01:00:00,0.0200
2023-05-16 02:00:00,0
2023-05-16 03:00:00,0.0300
2023-05-16 04:00:00,0
2023-05-16 05:00:00,0.0200
2023-05-16 06:00:00,-5.7400
2023-05-16 07:00:00,-369.0400
2023-05-16 08:00:00,-74.5200
2023-05-16 09:00:00,2.5000
2023-05-16 10:00:00,-0.4400
2023-05-16 11:00:00,-3.5100
2023-05-16 12:00:00,2.7600
2023-05-16 13:00:00,-3.3800
2023-05-16 14:00:00,-3.6800
2023-05-16 15:00:00,8.4100
2023-05-16 16:00:00,-6.2200
2023-05-16 17:00:00,-2.5800
2023-05-16 18:00:00,-1656.2000
2023-05-16 19:00:00,-400.3300
2023-05-16 20:00:00,-59.7000
2023-05-16 21:00:00,-14.0200
2023-05-16 22:00:00,10.6200
2023-05-16 23:00:00,0
2023-05-17 00:00:00,-1.4000
2023-05-17 01:00:00,0.0200
2023-05-17 02:00:00,0.0100
2023-05-17 03:00:00,0.0400
2023-05-17 04:00:00,0.0100
2023-05-17 05:00:00,0
2023-05-17 06:00:00,-164.3100
2023-05-17 07:00:00,-29.1300
2023-05-17 08:00:00,0.2800
2023-05-17 09:00:00,3.4600
2023-05-17 10:00:00,-0.6500
2023-05-17 11:00:00,1.2400
2023-05-17 12:00:00,0.3000
2023-05-17 13:00:00,-0.9000
2023-05-17 14:00:00,-1.0700
2023-05-17 15:00:00,0.1100
2023-05-17 16:00:00,2.0700
2023-05-17 17:00:00,-8.7300
2023-05-17 18:00:00,-144.7400
2023-05-17 19:00:00,-104.7400
2023-05-17 20:00:00,-67.5900
2023-05-17 21:00:00,0
2023-05-17 22:00:00,-61.2300
2023-05-17 23:00:00,-6.1400
2023-05-18 00:00:00,0
2023-05-18 01:00:00,0
2023-05-18 02:00:00,0
2023-05-18 03:00:00,0
2023-05-18 04:00:00,0
2023-05-18 05:00:00,0
2023-05-18 06:00:00,-70.6400
2023-05-18 07:00:00,-82.7200
2023-05-18 08:00:00,-22.2400
2023-05-18 09:00:00,0.7500
2023-05-18 10:00:00,1.2600
2023-05-18 11:00:00,0.6800
2023-05-18 12:00:00,1.0800
2023-05-18 13:00:00,-0.3500
2023-05-18 14:00:00,0.4700
2023-05-18 15:00:00,-1.5700
2023-05-18 16:00:00,1.0600
2023-05-18 17:00:00,-0.2200
2023-05-18 18:00:00,-154.2600
2023-05-18 19:00:00,-175.7600
2023-05-18 20:00:00,-19.4800
2023-05-18 21:00:00,-0.2500
2023-05-18 22:00:00,0.8800
2023-05-18 23:00:00,-57.2200
2023-05-19 00:00:00,-20.6500
2023-05-19 01:00:00,0
2023-05-19 02:00:00,0
2023-05-19 03:00:00,0
2023-05-19 04:00:00,0
2023-05-19 05:00:00,0
2023-05-19 06:00:00,-53.9500
2023-05-19 07:00:00,-41.2600
2023-05-19 08:00:00,-0.2000
2023-05-19 09:00:00,0.3400
2023-05-19 10:00:00,-0.4500
2023-05-19 11:00:00,0.6100
2023-05-19 12:00:00,0.0100
2023-05-19 13:00:00,-0.1300
2023-05-19 14:00:00,-0.2300
2023-05-19 15:00:00,-0.3100
2023-05-19 16:00:00,-1.0700
2023-05-19 17:00:00,0.2700
2023-05-19 18:00:00,-13.5300
2023-05-19 19:00:00,-34.3600
2023-05-19 20:00:00,-9.9100
2023-05-19 21:00:00,0
2023-05-19 22:00:00,-3.3700
2023-05-19 23:00:00,-25.3600
2023-05-20 00:00:00,0
2023-05-20 01:00:00,-0.9900
2023-05-20 02:00:00,0
2023-05-20 03:00:00,0
2023-05-20 04:00:00,0
2023-05-20 05:00:00,0
2023-05-20 06:00:00,-106.9900
2023-05-20 07:00:00,-727.0400
2023-05-20 08:00:00,-203.2000
2023-05-20 09:00:00,-0.8900
2023-05-20 10:00:00,-0.0100
2023-05-20 11:00:00,-0.0100
2023-05-20 12:00:00,-0.0100
2023-05-20 13:00:00,0
2023-05-20 14:00:00,1.0100
2023-05-20 15:00:00,-7
2023-05-20 16:00:00,-128.0400
2023-05-20 17:00:00,-229.3300
2023-05-20 18:00:00,-239.0700
2023-05-20 19:00:00,-42.3200
2023-05-20 20:00:00,-13.7400
2023-05-20 21:00:00,-89.9300
2023-05-20 22:00:00,-89.7900
2023-05-20 23:00:00,-5.8600
2023-05-21 00:00:00,-2.1500
2023-05-21 01:00:00,0
2023-05-21 02:00:00,0
2023-05-21 03:00:00,0
2023-05-21 04:00:00,0
2023-05-21 05:00:00,0
2023-05-21 06:00:00,-170.5300
2023-05-21 07:00:00,-1.1300
2023-05-21 08:00:00,-1.7800
2023-05-21 09:00:00,0.9800
2023-05-21 10:00:00,-0.0800
2023-05-21 11:00:00,-0.1500
2023-05-21 12:00:00,-0.7600
2023-05-21 13:00:00,-8.3400
2023-05-21 14:00:00,-258.0300
2023-05-21 15:00:00,-1109.2400
2023-05-21 16:00:00,-725.7100
2023-05-21 17:00:00,-314.7800
2023-05-21 18:00:00,-306.9300
2023-05-21 19:00:00,4.2400
2023-05-21 20:00:00,0.2400
2023-05-21 21:00:00,0.1800
2023-05-21 22:00:00,0
2023-05-21 23:00:00,0
2023-05-22 00:00:00,0
2023-05-22 01:00:00,0
2023-05-22 02:00:00,0
2023-05-22 03:00:00,0
2023-05-22 04:00:00,0
2023-05-22 05:00:00,0
2023-05-22 06:00:00,-39.3100
2023-05-22 07:00:00,-2.8900
2023-05-22 08:00:00,-0.1800
2023-05-22 09:00:00,0.0800
2023-05-22 10:00:00,-1.0100
2023-05-22 11:00:00,-1.9000
2023-05-22 12:00:00,-4.2400
2023-05-22 13:00:00,-6.7500
2023-05-22 14:00:00,-76.9000
2023-05-22 15:00:00,3.5000
2023-05-22 16:00:00,-1166.8500
2023-05-22 17:00:00,-1480.9500
2023-05-22 18:00:00,-3.2400
2023-05-22 19:00:00,-42.1000
2023-05-22 20:00:00,-87.7300
2023-05-22 21:00:00,-4.0500
2023-05-22 22:00:00,0.0100
2023-05-22 23:00:00,-1.0900
2023-05-23 00:00:00,0
2023-05-23 01:00:00,0.0200
2023-05-23 02:00:00,0
2023-05-23 03:00:00,0
2023-05-23 04:00:00,0
2023-05-23 05:00:00,0.1300
2023-05-23 06:00:00,-9.8600
2023-05-23 07:00:00,-0.6900
2023-05-23 08:00:00,-0.4400
2023-05-23 09:00:00,-0.1400
2023-05-23 10:00:00,0.2100
2023-05-23 11:00:00,-0.0300
2023-05-23 12:00:00,0.0500
2023-05-23 13:00:00,-0.4900
2023-05-23 14:00:00,-0.6300
2023-05-23 15:00:00,0.0800
2023-05-23 16:00:00,-0.3200
2023-05-23 17:00:00,-26.9900
2023-05-23 18:00:00,-654.2200
2023-05-23 19:00:00,-98.1100
2023-05-23 20:00:00,-14.6000
2023-05-23 21:00:00,-15.2000
2023-05-23 22:00:00,-7.3600
2023-05-23 23:00:00,-7.1700
2023-05-24 00:00:00,-2.7300
2023-05-24 01:00:00,0
2023-05-24 02:00:00,0
2023-05-24 03:00:00,0
2023-05-24 04:00:00,0
2023-05-24 05:00:00,-4.5200
2023-05-24 06:00:00,-227.2100
2023-05-24 07:00:00,-338.1700
2023-05-24 08:00:00,-5.1000
2023-05-24 09:00:00,-0.1300
2023-05-24 10:00:00,-0.3500
2023-05-24 11:00:00,-0.2200
2023-05-24 12:00:00,-1.7800
2023-05-24 13:00:00,0.0800
2023-05-24 14:00:00,0.0500
2023-05-24 15:00:00,-0.0500
2023-05-24 16:00:00,-0.2200
2023-05-24 17:00:00,-0.1700
2023-05-24 18:00:00,-25.7400
2023-05-24 19:00:00,-37.0800
2023-05-24 20:00:00,-16.0500
2023-05-24 21:00:00,-26.3000
2023-05-24 22:00:00,-5.0100
2023-05-24 23:00:00,3.9900
2023-05-25 00:00:00,0
2023-05-25 01:00:00,0
2023-05-25 02:00:00,0.0100
2023-05-25 03:00:00,0
2023-05-25 04:00:00,0.0100
2023-05-25 05:00:00,1.2500
2023-05-25 06:00:00,19.7400
2023-05-25 07:00:00,-3.6200
2023-05-25 08:00:00,-0.2900
2023-05-25 09:00:00,-2.1900
2023-05-25 10:00:00,-0.0200
2023-05-25 11:00:00,0.2200
2023-05-25 12:00:00,0
2023-05-25 13:00:00,1.1800
2023-05-25 14:00:00,0.4300
2023-05-25 15:00:00,-0.0100
2023-05-25 16:00:00,-0.0300
2023-05-25 17:00:00,-0.1800
2023-05-25 18:00:00,-5.5600
2023-05-25 19:00:00,-15.7700
2023-05-25 20:00:00,-11.3200
2023-05-25 21:00:00,-3.0500
2023-05-25 22:00:00,-3.4600
2023-05-25 23:00:00,1.5400
2023-05-26 00:00:00,-3.1900
2023-05-26 01:00:00,0
2023-05-26 02:00:00,0
2023-05-26 03:00:00,0
2023-05-26 04:00:00,0
2023-05-26 05:00:00,0.8500
2023-05-26 06:00:00,13.2100
2023-05-26 07:00:00,-3.4900
2023-05-26 08:00:00,0.1900
2023-05-26 09:00:00,0.0900
2023-05-26 10:00:00,0.3300
2023-05-26 11:00:00,1.4100
2023-05-26 12:00:00,0.8000
2023-05-26 13:00:00,-0.1300
2023-05-26 14:00:00,-0.0700
2023-05-26 15:00:00,-0.0000
2023-05-26 16:00:00,-0.8800
2023-05-26 17:00:00,0.6100
2023-05-26 18:00:00,-5.0800
2023-05-26 19:00:00,-57.2400
2023-05-26 20:00:00,0
2023-05-26 21:00:00,-60.8500
2023-05-26 22:00:00,-5.9400
2023-05-26 23:00:00,3.6300
2023-05-27 00:00:00,0
2023-05-27 01:00:00,-0.7800
2023-05-27 02:00:00,0.0100
2023-05-27 03:00:00,0.0100
2023-05-27 04:00:00,-0.6800
2023-05-27 05:00:00,-6.1800
2023-05-27 06:00:00,4.1200
2023-05-27 07:00:00,-11.7400
2023-05-27 08:00:00,-0.1500
2023-05-27 09:00:00,-0.6500
2023-05-27 10:00:00,-0.8100
2023-05-27 11:00:00,-0.4800
2023-05-27 12:00:00,0.3200
2023-05-27 13:00:00,-0.2100
2023-05-27 14:00:00,-0.8200
2023-05-27 15:00:00,-0.4800
2023-05-27 16:00:00,0.0900
2023-05-27 17:00:00,-0.2000
2023-05-27 18:00:00,3.8100
2023-05-27 19:00:00,-6.1600
2023-05-27 20:00:00,-23.2700
2023-05-27 21:00:00,-5.2000
2023-05-27 22:00:00,-1.4800
2023-05-27 23:00:00,-3.4600
2023-05-28 00:00:00,-1.3400
2023-05-28 01:00:00,-0.6400
2023-05-28 02:00:00,0
2023-05-28 03:00:00,0
2023-05-28 04:00:00,0
2023-05-28 05:00:00,0.7400
2023-05-28 06:00:00,7.0000
2023-05-28 07:00:00,-1.2400
2023-05-28 08:00:00,-0.9800
2023-05-28 09:00:00,0.1500
2023-05-28 10:00:00,-0.0600
2023-05-28 11:00:00,-0.2500
2023-05-28 12:00:00,0.1700
2023-05-28 13:00:00,0.1600
2023-05-28 14:00:00,-0.1100
2023-05-28 15:00:00,-0.2500
2023-05-28 16:00:00,-0.4500
2023-05-28 17:00:00,1.4600
2023-05-28 18:00:00,-3.3000
2023-05-28 19:00:00,-7.7500
2023-05-28 20:00:00,-10.5800
2023-05-28 21:00:00,-19.1100
2023-05-28 22:00:00,-20.1000
2023-05-28 23:00:00,-7.1800
2023-05-29 00:00:00,-10.0400
2023-05-29 01:00:00,-1.2900
2023-05-29 02:00:00,0
2023-05-29 03:00:00,0
2023-05-29 04:00:00,0
2023-05-29 05:00:00,0.2600
2023-05-29 06:00:00,10.6000
2023-05-29 07:00:00,-0.2000
2023-05-29 08:00:00,-0.5400
2023-05-29 09:00:00,-0.6000
2023-05-29 10:00:00,0
2023-05-29 11:00:00,0
2023-05-29 12:00:00,0.0100
2023-05-29 13:00:00,0
2023-05-29 14:00:00,0.0200
2023-05-29 15:00:00,0
2023-05-29 16:00:00,0.6700
2023-05-29 17:00:00,2.5300
2023-05-29 18:00:00,-26.1700
2023-05-29 19:00:00,-10.4100
2023-05-29 20:00:00,-19.7600
2023-05-29 21:00:00,-24.9800
2023-05-29 22:00:00,-1.3500
2023-05-29 23:00:00,-0.9600
2023-05-30 00:00:00,0.0600
2023-05-30 01:00:00,0
2023-05-30 02:00:00,0
2023-05-30 03:00:00,0
2023-05-30 04:00:00,0
2023-05-30 05:00:00,0.3200
2023-05-30 06:00:00,9.3500
2023-05-30 07:00:00,1.2100
2023-05-30 08:00:00,1.6700
2023-05-30 09:00:00,-2.2700
2023-05-30 10:00:00,-4.3300
2023-05-30 11:00:00,-4.5700
2023-05-30 12:00:00,5.3000
2023-05-30 13:00:00,-1.7900
2023-05-30 14:00:00,-0.2700
2023-05-30 15:00:00,3.0600
2023-05-30 16:00:00,2.3100
2023-05-30 17:00:00,-5.0600
2023-05-30 18:00:00,-4.5000
2023-05-30 19:00:00,-47.8800
2023-05-30 20:00:00,-33.3400
2023-05-30 21:00:00,-54.9600
2023-05-30 22:00:00,-25.4900
2023-05-30 23:00:00,4.4800
2023-05-31 00:00:00,0
2023-05-31 01:00:00,0
2023-05-31 02:00:00,0.0100
2023-05-31 03:00:00,0
2023-05-31 04:00:00,-0.8500
2023-05-31 05:00:00,0.5200
2023-05-31 06:00:00,9.7900
2023-05-31 07:00:00,-1.6800
2023-05-31 08:00:00,0.0100
2023-05-31 09:00:00,1.3100
2023-05-31 10:00:00,1.5600
2023-05-31 11:00:00,-0.3900
2023-05-31 12:00:00,-0.3900
2023-05-31 13:00:00,0
2023-05-31 14:00:00,0
2023-05-31 15:00:00,-0.3500
2023-05-31 16:00:00,-1.2400
2023-05-31 17:00:00,0.2900
2023-05-31 18:00:00,-4.7900
2023-05-31 19:00:00,-25.5600
2023-05-31 20:00:00,-20.8800
2023-05-31 21:00:00,-6.1000
2023-05-31 22:00:00,-2.5000
2023-05-31 23:00:00,5.1400
2023-06-01 00:00:00,0.3800
2023-06-01 01:00:00,0
2023-06-01 02:00:00,0
2023-06-01 03:00:00,0.0200
2023-06-01 04:00:00,-0.7900
2023-06-01 05:00:00,0.0300
2023-06-01 06:00:00,9.5900
2023-06-01 07:00:00,-6.8700
2023-06-01 08:00:00,-1.3800
2023-06-01 09:00:00,1.2500
2023-06-01 10:00:00,-0.3000
2023-06-01 11:00:00,0.4700
2023-06-01 12:00:00,-0.5600
2023-06-01 13:00:00,-1.0400
2023-06-01 14:00:00,0.4900
2023-06-01 15:00:00,0.3600
2023-06-01 16:00:00,-0.3200
2023-06-01 17:00:00,1.3600
2023-06-01 18:00:00,-3.7400
2023-06-01 19:00:00,-27.1200
2023-06-01 20:00:00,-13.0900
2023-06-01 21:00:00,-5.7900
2023-06-01 22:00:00,-5.7100
2023-06-01 23:00:00,5.6500
2023-06-02 00:00:00,-2.2600
2023-06-02 01:00:00,0
2023-06-02 02:00:00,0
2023-06-02 03:00:00,0
2023-06-02 04:00:00,1.6200
2023-06-02 05:00:00,3.3600
2023-06-02 06:00:00,9.9900
2023-06-02 07:00:00,-7.1300
2023-06-02 08:00:00,0.4300
2023-06-02 09:00:00,-1.2400
2023-06-02 10:00:00,0.3400
2023-06-02 11:00:00,1.3000
2023-06-02 12:00:00,0.9400
2023-06-02 13:00:00,14.3600
2023-06-02 14:00:00,2.1700
2023-06-02 15:00:00,-0.7000
2023-06-02 16:00:00,1.8800
2023-06-02 17:00:00,2.1600
2023-06-02 18:00:00,1.4200
2023-06-02 19:00:00,-20.9200
2023-06-02 20:00:00,-8.3500
2023-06-02 21:00:00,-4.5000
2023-06-02 22:00:00,-3.8500
2023-06-02 23:00:00,7.1400
2023-06-03 00:00:00,0
2023-06-03 01:00:00,0.0100
2023-06-03 02:00:00,0.0100
2023-06-03 03:00:00,0
2023-06-03 04:00:00,-0.8700
2023-06-03 05:00:00,0.4800
2023-06-03 06:00:00,12.2600
2023-06-03 07:00:00,-7.2400
2023-06-03 08:00:00,2.0800
2023-06-03 09:00:00,-1.5100
2023-06-03 10:00:00,-1.1400
2023-06-03 11:00:00,0.0900
2023-06-03 12:00:00,-1.2700
2023-06-03 13:00:00,-1.8600
2023-06-03 14:00:00,-1.0800
2023-06-03 15:00:00,-5.1300
2023-06-03 16:00:00,1.2500
2023-06-03 17:00:00,6.1800
2023-06-03 18:00:00,-4.6800
2023-06-03 19:00:00,-9.9800
2023-06-03 20:00:00,-41.5500
2023-06-03 21:00:00,0
2023-06-03 22:00:00,-6.5000
2023-06-03 23:00:00,-12.0100
2023-06-04 00:00:00,0
2023-06-04 01:00:00,-2.1600
2023-06-04 02:00:00,0
2023-06-04 03:00:00,0
2023-06-04 04:00:00,0
2023-06-04 05:00:00,1.8700
2023-06-04 06:00:00,12.3800
2023-06-04 07:00:00,-5.7500
2023-06-04 08:00:00,3.0800
2023-06-04 09:00:00,-1.7200
2023-06-04 10:00:00,-2.3500
2023-06-04 11:00:00,-0.7000
2023-06-04 12:00:00,-0.6500
2023-06-04 13:00:00,-0.6500
2023-06-04 14:00:00,-0.0600
2023-06-04 15:00:00,-0.0400
2023-06-04 16:00:00,0.8800
2023-06-04 17:00:00,6.6200
2023-06-04 18:00:00,1.1500
2023-06-04 19:00:00,-65.3700
2023-06-04 20:00:00,-76.3500
2023-06-04 21:00:00,13.8400
2023-06-04 22:00:00,1.1400
2023-06-04 23:00:00,0.0100
2023-06-05 00:00:00,0.0200
2023-06-05 01:00:00,0
2023-06-05 02:00:00,0.0200
2023-06-05 03:00:00,0.0100
2023-06-05 04:00:00,0.0200
2023-06-05 05:00:00,0.3900
2023-06-05 06:00:00,7.1900
2023-06-05 07:00:00,-12.1000
2023-06-05 08:00:00,3.7200
2023-06-05 09:00:00,1.9100
2023-06-05 10:00:00,-10.3700
2023-06-05 11:00:00,0.2300
2023-06-05 12:00:00,-0.7300
2023-06-05 13:00:00,-1.2600
2023-06-05 14:00:00,10.9500
2023-06-05 15:00:00,0.7700
2023-06-05 16:00:00,-189.0800
2023-06-05 17:00:00,8.7300
2023-06-05 18:00:00,-3.7500
2023-06-05 19:00:00,-214.0200
2023-06-05 20:00:00,-27.6000
2023-06-05 21:00:00,-46.8200
2023-06-05 22:00:00,-28.0200
2023-06-05 23:00:00,-2.2600
2023-06-06 00:00:00,0
2023-06-06 01:00:00,0
2023-06-06 02:00:00,0
2023-06-06 03:00:00,0
2023-06-06 04:00:00,0
2023-06-06 05:00:00,5.6000
2023-06-06 06:00:00,13.5400
2023-06-06 07:00:00,-2.7200
2023-06-06 08:00:00,1.3900
2023-06-06 09:00:00,-4.8600
2023-06-06 10:00:00,-56.6100
2023-06-06 11:00:00,-7.4400
2023-06-06 12:00:00,-0.7000
2023-06-06 13:00:00,10.5500
2023-06-06 14:00:00,-5.6400
2023-06-06 15:00:00,-4.4100
2023-06-06 16:00:00,3.8400
2023-06-06 17:00:00,5.0000
2023-06-06 18:00:00,42.0500
2023-06-06 19:00:00,-1.4900
2023-06-06 20:00:00,-9.8500
2023-06-06 21:00:00,-8.9000
2023-06-06 22:00:00,-6.7100
2023-06-06 23:00:00,10.3200
2023-06-07 00:00:00,0.4300
2023-06-07 01:00:00,0.1900
2023-06-07 02:00:00,0.0100
2023-06-07 03:00:00,0.0300
2023-06-07 04:00:00,-0.5700
2023-06-07 05:00:00,0.1100
2023-06-07 06:00:00,12.5300
2023-06-07 07:00:00,-26.5100
2023-06-07 08:00:00,1.6600
2023-06-07 09:00:00,-159.1200
2023-06-07 10:00:00,-87.2700
2023-06-07 11:00:00,13.6500
2023-06-07 12:00:00,7.2300
2023-06-07 13:00:00,14.6500
2023-06-07 14:00:00,-12.6200
2023-06-07 15:00:00,-25.1500
2023-06-07 16:00:00,7.4000
2023-06-07 17:00:00,4.4600
2023-06-07 18:00:00,24.0200
2023-06-07 19:00:00,-31.4400
2023-06-07 20:00:00,-8.3900
2023-06-07 21:00:00,-10.1600
2023-06-07 22:00:00,-28.0200
2023-06-07 23:00:00,8.1900
2023-06-08 00:00:00,0.0500
2023-06-08 01:00:00,0
2023-06-08 02:00:00,0
2023-06-08 03:00:00,0.0300
2023-06-08 04:00:00,-0.6100
2023-06-08 05:00:00,-5.1800
2023-06-08 06:00:00,18.4800
2023-06-08 07:00:00,-13.9100
2023-06-08 08:00:00,1.3900
2023-06-08 09:00:00,0.2800
2023-06-08 10:00:00,-1.7500
2023-06-08 11:00:00,-0.0300
2023-06-08 12:00:00,0.6800
2023-06-08 13:00:00,-1.0500
2023-06-08 14:00:00,-0.8400
2023-06-08 15:00:00,-2.7700
2023-06-08 16:00:00,1.6400
2023-06-08 17:00:00,4.4200
2023-06-08 18:00:00,12.1600
2023-06-08 19:00:00,-32.4500
2023-06-08 20:00:00,-161.0600
2023-06-08 21:00:00,-24.1700
2023-06-08 22:00:00,-16.5400
2023-06-08 23:00:00,12.8400
2023-06-09 00:00:00,0.7700
2023-06-09 01:00:00,1.9600
2023-06-09 02:00:00,2.0300
2023-06-09 03:00:00,1.9000
2023-06-09 04:00:00,0.0700
2023-06-09 05:00:00,-2.2800
2023-06-09 06:00:00,22.9600
2023-06-09 07:00:00,-7.6200
2023-06-09 08:00:00,2.0700
2023-06-09 09:00:00,-0.0200
2023-06-09 10:00:00,0.1500
2023-06-09 11:00:00,-1.8500
2023-06-09 12:00:00,-4.6900
2023-06-09 13:00:00,5.9000
2023-06-09 14:00:00,2.6100
2023-06-09 15:00:00,8.3700
2023-06-09 16:00:00,0.2700
2023-06-09 17:00:00,2.2900
2023-06-09 18:00:00,7.7100
2023-06-09 19:00:00,-39.7000
2023-06-09 20:00:00,-46.9100
2023-06-09 21:00:00,-18.9800
2023-06-09 22:00:00,-7.9200
2023-06-09 23:00:00,0
2023-06-10 00:00:00,0
2023-06-10 01:00:00,-2.4100
2023-06-10 02:00:00,0
2023-06-10 03:00:00,0
2023-06-10 04:00:00,0
2023-06-10 05:00:00,0.4100
2023-06-10 06:00:00,27.6800
2023-06-10 07:00:00,6.5300
2023-06-10 08:00:00,11.2400
2023-06-10 09:00:00,5.1000
2023-06-10 10:00:00,-0.5800
2023-06-10 11:00:00,4.8600
2023-06-10 12:00:00,2.6300
2023-06-10 13:00:00,4.1600
2023-06-10 14:00:00,7.6700
2023-06-10 15:00:00,0.8600
2023-06-10 16:00:00,49.9700
2023-06-10 17:00:00,5.6100
2023-06-10 18:00:00,6.5100
2023-06-10 19:00:00,0.1600
2023-06-10 20:00:00,-16.2800
2023-06-10 21:00:00,-5.3200
2023-06-10 22:00:00,-3.0500
2023-06-10 23:00:00,0
2023-06-11 00:00:00,-13.3300
2023-06-11 01:00:00,-1.9000
2023-06-11 02:00:00,0
2023-06-11 03:00:00,0
2023-06-11 04:00:00,0
2023-06-11 05:00:00,0
2023-06-11 06:00:00,19.6500
2023-06-11 07:00:00,-2.9600
2023-06-11 08:00:00,-0.5100
2023-06-11 09:00:00,-2.3800
2023-06-11 10:00:00,-0.1400
2023-06-11 11:00:00,0.9800
2023-06-11 12:00:00,79.6300
2023-06-11 13:00:00,85.2300
2023-06-11 14:00:00,-0.3500
2023-06-11 15:00:00,1.6200
2023-06-11 16:00:00,10.2900
2023-06-11 17:00:00,0.3800
2023-06-11 18:00:00,0.1400
2023-06-11 19:00:00,-19.0900
2023-06-11 20:00:00,-7.7300
2023-06-11 21:00:00,-8.5300
2023-06-11 22:00:00,-22.0100
2023-06-11 23:00:00,-0.8900
2023-06-12 00:00:00,-4.8300
2023-06-12 01:00:00,0
2023-06-12 02:00:00,0
2023-06-12 03:00:00,0
2023-06-12 04:00:00,0
2023-06-12 05:00:00,3.7800
2023-06-12 06:00:00,13.2800
2023-06-12 07:00:00,-5.7900
2023-06-12 08:00:00,-0.9000
2023-06-12 09:00:00,-4.7300
2023-06-12 10:00:00,0.0100
2023-06-12 11:00:00,-1.0100
2023-06-12 12:00:00,0.7200
2023-06-12 13:00:00,-0.2200
2023-06-12 14:00:00,-12.4400
2023-06-12 15:00:00,42.1400
2023-06-12 16:00:00,-3.4400
2023-06-12 17:00:00,-2.4300
2023-06-12 18:00:00,-5.5000
2023-06-12 19:00:00,-35.6700
2023-06-12 20:00:00,-35.7100
2023-06-12 21:00:00,-56.1000
2023-06-12 22:00:00,-11.3000
2023-06-12 23:00:00,0.5500
2023-06-13 00:00:00,-0.2900
2023-06-13 01:00:00,0.0100
2023-06-13 02:00:00,0
2023-06-13 03:00:00,0.0100
2023-06-13 04:00:00,0
2023-06-13 05:00:00,4.5000
2023-06-13 06:00:00,8.5500
2023-06-13 07:00:00,-8.2800
2023-06-13 08:00:00,1.8500
2023-06-13 09:00:00,-0.3300
2023-06-13 10:00:00,0.3100
2023-06-13 11:00:00,0.2800
2023-06-13 12:00:00,-0.1200
2023-06-13 13:00:00,-0.0400
2023-06-13 14:00:00,0.5000
2023-06-13 15:00:00,0.0600
2023-06-13 16:00:00,0
2023-06-13 17:00:00,2.3500
2023-06-13 18:00:00,-123.3800
2023-06-13 19:00:00,-3.1400
2023-06-13 20:00:00,-4.3800
2023-06-13 21:00:00,0
2023-06-13 22:00:00,-2.5200
2023-06-13 23:00:00,6.8200
2023-06-14 00:00:00,0.0400
2023-06-14 01:00:00,0
2023-06-14 02:00:00,0
2023-06-14 03:00:00,0
2023-06-14 04:00:00,0
2023-06-14 05:00:00,1.5800
2023-06-14 06:00:00,5.4200
2023-06-14 07:00:00,-3.3700
2023-06-14 08:00:00,0.2300
2023-06-14 09:00:00,0.0800
2023-06-14 10:00:00,-0.0100
2023-06-14 11:00:00,0
2023-06-14 12:00:00,0
2023-06-14 13:00:00,0
2023-06-14 14:00:00,-0.4200
2023-06-14 15:00:00,-0.1700
2023-06-14 16:00:00,2.9400
2023-06-14 17:00:00,0.3300
2023-06-14 18:00:00,-0.1200
2023-06-14 19:00:00,-30.3500
2023-06-14 20:00:00,-86
2023-06-14 21:00:00,-14.0400
2023-06-14 22:00:00,-46.0900
2023-06-14 23:00:00,-18.4300
2023-06-15 00:00:00,-0.8700
2023-06-15 01:00:00,0.9000
2023-06-15 02:00:00,1.1100
2023-06-15 03:00:00,0.4500
2023-06-15 04:00:00,0.9100
2023-06-15 05:00:00,6.4500
2023-06-15 06:00:00,14.9300
2023-06-15 07:00:00,-3.8600
2023-06-15 08:00:00,0.1600
2023-06-15 09:00:00,-0.0500
2023-06-15 10:00:00,0.3900
2023-06-15 11:00:00,0.3200
2023-06-15 12:00:00,0.2100
2023-06-15 13:00:00,0.5800
2023-06-15 14:00:00,4.9000
2023-06-15 15:00:00,4.1700
2023-06-15 16:00:00,1.9300
2023-06-15 17:00:00,1.7300
2023-06-15 18:00:00,1.6300
2023-06-15 19:00:00,-29.6400
2023-06-15 20:00:00,-93.3100
2023-06-15 21:00:00,-18.7400
2023-06-15 22:00:00,-59.8500
2023-06-15 23:00:00,5.7100
2023-06-16 00:00:00,0.5700
2023-06-16 01:00:00,0.0300
2023-06-16 02:00:00,0.0600
2023-06-16 03:00:00,1.1100
2023-06-16 04:00:00,0
2023-06-16 05:00:00,0.0700
2023-06-16 06:00:00,28.4800
2023-06-16 07:00:00,-5.5200
2023-06-16 08:00:00,0.6400
2023-06-16 09:00:00,-5.5600
2023-06-16 10:00:00,-4.3100
2023-06-16 11:00:00,0.7100
2023-06-16 12:00:00,-0.8400
2023-06-16 13:00:00,0.4000
2023-06-16 14:00:00,-1.6800
2023-06-16 15:00:00,-14.2800
2023-06-16 16:00:00,-422.2400
2023-06-16 17:00:00,-383.9600
2023-06-16 18:00:00,0.8700
2023-06-16 19:00:00,-35.6700
2023-06-16 20:00:00,-126.6500
2023-06-16 21:00:00,-9.4000
2023-06-16 22:00:00,7.1300
2023-06-16 23:00:00,0.1800
2023-06-17 00:00:00,1.3000
2023-06-17 01:00:00,0.0100
2023-06-17 02:00:00,0
2023-06-17 03:00:00,0.0500
2023-06-17 04:00:00,-0.6500
2023-06-17 05:00:00,-15.5600
2023-06-17 06:00:00,8.8600
2023-06-17 07:00:00,-7.4500
2023-06-17 08:00:00,0.4600
2023-06-17 09:00:00,0.5000
2023-06-17 10:00:00,-0.8500
2023-06-17 11:00:00,-0.5000
2023-06-17 12:00:00,-0.0700
2023-06-17 13:00:00,0
2023-06-17 14:00:00,0
2023-06-17 15:00:00,0.4900
2023-06-17 16:00:00,0.8400
2023-06-17 17:00:00,4.0400
2023-06-17 18:00:00,-1.6900
2023-06-17 19:00:00,-54.5200
2023-06-17 20:00:00,-20.3400
2023-06-17 21:00:00,-17.0500
2023-06-17 22:00:00,-14.4800
2023-06-17 23:00:00,-8.4800
2023-06-18 00:00:00,0
2023-06-18 01:00:00,-3.4100
2023-06-18 02:00:00,-2.2300
2023-06-18 03:00:00,0
2023-06-18 04:00:00,0
2023-06-18 05:00:00,2.7000
2023-06-18 06:00:00,9.4300
2023-06-18 07:00:00,-0.8700
2023-06-18 08:00:00,-1.8800
2023-06-18 09:00:00,0.2400
2023-06-18 10:00:00,-0.4800
2023-06-18 11:00:00,-23.4700
2023-06-18 12:00:00,-39.3400
2023-06-18 13:00:00,-19.5900
2023-06-18 14:00:00,-18.1400
2023-06-18 15:00:00,-2.9500
2023-06-18 16:00:00,-0.2100
2023-06-18 17:00:00,0
2023-06-18 18:00:00,2.5900
2023-06-18 19:00:00,-26.2300
2023-06-18 20:00:00,-14.2700
2023-06-18 21:00:00,-15.1300
2023-06-18 22:00:00,-11.8700
2023-06-18 23:00:00,-9.0100
2023-06-19 00:00:00,-15.2600
2023-06-19 01:00:00,-1.6100
2023-06-19 02:00:00,-1.1500
2023-06-19 03:00:00,0
2023-06-19 04:00:00,0
2023-06-19 05:00:00,1.9600
2023-06-19 06:00:00,7.4900
2023-06-19 07:00:00,0.0700
2023-06-19 08:00:00,1.3100
2023-06-19 09:00:00,-79.8200
2023-06-19 10:00:00,-59.5400
2023-06-19 11:00:00,-19.7300
2023-06-19 12:00:00,-25.0000
2023-06-19 13:00:00,-23.1000
2023-06-19 14:00:00,-23.4400
2023-06-19 15:00:00,-16.0200
2023-06-19 16:00:00,0.6800
2023-06-19 17:00:00,-3.0100
2023-06-19 18:00:00,17.8600
2023-06-19 19:00:00,-19.6300
2023-06-19 20:00:00,-82.9300
2023-06-19 21:00:00,-18.7800
2023-06-19 22:00:00,-13.1800
2023-06-19 23:00:00,0
2023-06-20 00:00:00,-3.6900
2023-06-20 01:00:00,0
2023-06-20 02:00:00,0
2023-06-20 03:00:00,0
2023-06-20 04:00:00,0
2023-06-20 05:00:00,6.3000
2023-06-20 06:00:00,8.5300
2023-06-20 07:00:00,-79.8400
2023-06-20 08:00:00,2.0600
2023-06-20 09:00:00,-1.1000
2023-06-20 10:00:00,-4.7900
2023-06-20 11:00:00,-42.9700
2023-06-20 12:00:00,-21.6900
2023-06-20 13:00:00,-42.6100
2023-06-20 14:00:00,-20.1000
2023-06-20 15:00:00,-25.6700
2023-06-20 16:00:00,-23.3000
2023-06-20 17:00:00,3.0400
2023-06-20 18:00:00,2.2300
2023-06-20 19:00:00,-63.0400
2023-06-20 20:00:00,-153.0500
2023-06-20 21:00:00,-34.6100
2023-06-20 22:00:00,-42.9100
2023-06-20 23:00:00,5.9400
2023-06-21 00:00:00,-0.0400
2023-06-21 01:00:00,0.2100
2023-06-21 02:00:00,0.2800
2023-06-21 03:00:00,0.1400
2023-06-21 04:00:00,-1.8400
2023-06-21 05:00:00,0
2023-06-21 06:00:00,24.0600
2023-06-21 07:00:00,-6.0500
2023-06-21 08:00:00,-1.3900
2023-06-21 09:00:00,0.9000
2023-06-21 10:00:00,-0.6800
2023-06-21 11:00:00,-0.2400
2023-06-21 12:00:00,0.3500
2023-06-21 13:00:00,-0.2200
2023-06-21 14:00:00,-0.2900
2023-06-21 15:00:00,-46.6200
2023-06-21 16:00:00,-109.0700
2023-06-21 17:00:00,-22.8500
2023-06-21 18:00:00,-6.0200
2023-06-21 19:00:00,-73
2023-06-21 20:00:00,-13.3600
2023-06-21 21:00:00,-12.2700
2023-06-21 22:00:00,1.1100
2023-06-21 23:00:00,5.9600
2023-06-22 00:00:00,3.6000
2023-06-22 01:00:00,-2.0400
2023-06-22 02:00:00,0.0600
2023-06-22 03:00:00,0
2023-06-22 04:00:00,-2.1600
2023-06-22 05:00:00,0
2023-06-22 06:00:00,18.0100
2023-06-22 07:00:00,-15.3000
2023-06-22 08:00:00,3.7600
2023-06-22 09:00:00,-89.8400
2023-06-22 10:00:00,-28.3700
2023-06-22 11:00:00,5.2900
2023-06-22 12:00:00,0.2800
2023-06-22 13:00:00,-0.6400
2023-06-22 14:00:00,0.1700
2023-06-22 15:00:00,-0.1100
2023-06-22 16:00:00,0.5200
2023-06-22 17:00:00,7.5500
2023-06-22 18:00:00,-26.2200
2023-06-22 19:00:00,28.8000
2023-06-22 20:00:00,-63.4500
2023-06-22 21:00:00,-13.3000
2023-06-22 22:00:00,-7.7500
2023-06-22 23:00:00,-6.2000
2023-06-23 00:00:00,5.8300
2023-06-23 01:00:00,-2.8000
2023-06-23 02:00:00,0
2023-06-23 03:00:00,0
2023-06-23 04:00:00,0
2023-06-23 05:00:00,4.7000
2023-06-23 06:00:00,17.1300
2023-06-23 07:00:00,-9.2000
2023-06-23 08:00:00,-0.1700
2023-06-23 09:00:00,1.2400
2023-06-23 10:00:00,-0.9200
2023-06-23 11:00:00,-0.7800
2023-06-23 12:00:00,-0.1000
2023-06-23 13:00:00,0.0300
2023-06-23 14:00:00,0.3000
2023-06-23 15:00:00,0.8700
2023-06-23 16:00:00,0.6800
2023-06-23 17:00:00,2.6200
2023-06-23 18:00:00,-4.3900
2023-06-23 19:00:00,-26.3500
2023-06-23 20:00:00,-27.5200
2023-06-23 21:00:00,-17.8800
2023-06-23 22:00:00,-2.5500
2023-06-23 23:00:00,-20.1900
2023-06-24 00:00:00,-18.4200
2023-06-24 01:00:00,-3.0200
2023-06-24 02:00:00,4.5200
2023-06-24 03:00:00,0.7200
2023-06-24 04:00:00,0
2023-06-24 05:00:00,2.8600
2023-06-24 06:00:00,35.1200
2023-06-24 07:00:00,-3.5700
2023-06-24 08:00:00,1.3800
2023-06-24 09:00:00,-0.8600
2023-06-24 10:00:00,-17.3100
2023-06-24 11:00:00,1.3100
2023-06-24 12:00:00,-0.2100
2023-06-24 13:00:00,-0.3300
2023-06-24 14:00:00,3.3300
2023-06-24 15:00:00,0.3900
2023-06-24 16:00:00,-0.1500
2023-06-24 17:00:00,2.9100
2023-06-24 18:00:00,-2.0000
2023-06-24 19:00:00,-98.2700
2023-06-24 20:00:00,4.0600
2023-06-24 21:00:00,0
2023-06-24 22:00:00,9.5200
2023-06-24 23:00:00,3.7300
2023-06-25 00:00:00,-34.9200
2023-06-25 01:00:00,0
2023-06-25 02:00:00,-0.7800
2023-06-25 03:00:00,0
2023-06-25 04:00:00,0
2023-06-25 05:00:00,2.0900
2023-06-25 06:00:00,16.7300
2023-06-25 07:00:00,-5.0500
2023-06-25 08:00:00,-0.9000
2023-06-25 09:00:00,2.2200
2023-06-25 10:00:00,3.3300
2023-06-25 11:00:00,-0.2400
2023-06-25 12:00:00,-0.7600
2023-06-25 13:00:00,0.6000
2023-06-25 14:00:00,2.4000
2023-06-25 15:00:00,-3.5500
2023-06-25 16:00:00,1.1800
2023-06-25 17:00:00,2.8600
2023-06-25 18:00:00,0.8600
2023-06-25 19:00:00,-14.8100
2023-06-25 20:00:00,-5.8100
2023-06-25 21:00:00,-14.4100
2023-06-25 22:00:00,-6.0200
2023-06-25 23:00:00,-7.0500
2023-06-26 00:00:00,-4.1200
2023-06-26 01:00:00,0
2023-06-26 02:00:00,0
2023-06-26 03:00:00,0
2023-06-26 04:00:00,0
2023-06-26 05:00:00,2.2500
2023-06-26 06:00:00,19.4700
2023-06-26 07:00:00,-12.2900
2023-06-26 08:00:00,3.4300
2023-06-26 09:00:00,-1.4700
2023-06-26 10:00:00,-2.5200
2023-06-26 11:00:00,-0.0100
2023-06-26 12:00:00,-0.3300
2023-06-26 13:00:00,-1.6300
2023-06-26 14:00:00,-0.8800
2023-06-26 15:00:00,0.0800
2023-06-26 16:00:00,0.8100
2023-06-26 17:00:00,3.9100
2023-06-26 18:00:00,2.3300
2023-06-26 19:00:00,-147.7900
2023-06-26 20:00:00,-10.8800
2023-06-26 21:00:00,10.8800
2023-06-26 22:00:00,19.0800
2023-06-26 23:00:00,0.3100
2023-06-27 00:00:00,1.1300
2023-06-27 01:00:00,0.0100
2023-06-27 02:00:00,0.0200
2023-06-27 03:00:00,0.0100
2023-06-27 04:00:00,-1.6300
2023-06-27 05:00:00,0.2300
2023-06-27 06:00:00,17.4700
2023-06-27 07:00:00,-10.0100
2023-06-27 08:00:00,3.4600
2023-06-27 09:00:00,-0.0500
2023-06-27 10:00:00,3.7900
2023-06-27 11:00:00,-1.1600
2023-06-27 12:00:00,0.4800
2023-06-27 13:00:00,-2.3400
2023-06-27 14:00:00,-1.2300
2023-06-27 15:00:00,-0.0300
2023-06-27 16:00:00,2.7900
2023-06-27 17:00:00,4.8800
2023-06-27 18:00:00,-0.0600
2023-06-27 19:00:00,-82.8600
2023-06-27 20:00:00,18.8900
2023-06-27 21:00:00,-33.9700
2023-06-27 22:00:00,11.2600
2023-06-27 23:00:00,-0.2400
2023-06-28 00:00:00,0.6800
2023-06-28 01:00:00,1.2400
2023-06-28 02:00:00,0.0200
2023-06-28 03:00:00,0
2023-06-28 04:00:00,-0.1000
2023-06-28 05:00:00,0.0400
2023-06-28 06:00:00,18.5100
2023-06-28 07:00:00,-11.6300
2023-06-28 08:00:00,3.5900
2023-06-28 09:00:00,-2.0700
2023-06-28 10:00:00,-6.0200
2023-06-28 11:00:00,-0.0200
2023-06-28 12:00:00,0.3000
2023-06-28 13:00:00,-2.8300
2023-06-28 14:00:00,0.7700
2023-06-28 15:00:00,-0.4800
2023-06-28 16:00:00,0.7700
2023-06-28 17:00:00,5.0100
2023-06-28 18:00:00,-1.4900
2023-06-28 19:00:00,-28.4400
2023-06-28 20:00:00,5.0100
2023-06-28 21:00:00,0.5900
2023-06-28 22:00:00,4.0500
2023-06-28 23:00:00,2.0300
2023-06-29 00:00:00,6.5500
2023-06-29 01:00:00,0.0200
2023-06-29 02:00:00,8.1300
2023-06-29 03:00:00,0.0700
2023-06-29 04:00:00,-0.7100
2023-06-29 05:00:00,0.5400
2023-06-29 06:00:00,14.5400
2023-06-29 07:00:00,-16.3900
2023-06-29 08:00:00,7.2800
2023-06-29 09:00:00,-3.5300
2023-06-29 10:00:00,-2.2700
2023-06-29 11:00:00,-0.1400
2023-06-29 12:00:00,-2.4600
2023-06-29 13:00:00,-3.8400
2023-06-29 14:00:00,0.4700
2023-06-29 15:00:00,-0.1100
2023-06-29 16:00:00,1.9900
2023-06-29 17:00:00,12.4100
2023-06-29 18:00:00,-2.8000
2023-06-29 19:00:00,25.4000
2023-06-29 20:00:00,-30.8400
2023-06-29 21:00:00,11.8900
2023-06-29 22:00:00,0.0700
2023-06-29 23:00:00,0.6600
2023-06-30 00:00:00,0.1200
2023-06-30 01:00:00,0.0200
2023-06-30 02:00:00,0
2023-06-30 03:00:00,0.0100
2023-06-30 04:00:00,0.0300
2023-06-30 05:00:00,0.5200
2023-06-30 06:00:00,18.2300
2023-06-30 07:00:00,-14.0400
2023-06-30 08:00:00,2.8000
2023-06-30 09:00:00,-4.5100
2023-06-30 10:00:00,-6.3300
2023-06-30 11:00:00,-2.8400
2023-06-30 12:00:00,0.4300
2023-06-30 13:00:00,-0.6800
2023-06-30 14:00:00,0.4900
2023-06-30 15:00:00,0.1200
2023-06-30 16:00:00,3.1500
2023-06-30 17:00:00,3.7000
2023-06-30 18:00:00,-21.1900
2023-06-30 19:00:00,-104.3800
2023-06-30 20:00:00,-92.3200
2023-06-30 21:00:00,-5.9600
2023-06-30 22:00:00,9.6700
2023-06-30 23:00:00,4.7800
