date,revenue_discharging_energy
2023-04-01 00:00:00,0
2023-04-01 01:00:00,0
2023-04-01 02:00:00,0
2023-04-01 03:00:00,0
2023-04-01 04:00:00,0
2023-04-01 05:00:00,0
2023-04-01 06:00:00,0
2023-04-01 07:00:00,1214.8000
2023-04-01 08:00:00,698.6800
2023-04-01 09:00:00,0
2023-04-01 10:00:00,0
2023-04-01 11:00:00,0
2023-04-01 12:00:00,0
2023-04-01 13:00:00,0
2023-04-01 14:00:00,0
2023-04-01 15:00:00,0
2023-04-01 16:00:00,0
2023-04-01 17:00:00,395.1900
2023-04-01 18:00:00,1254.2300
2023-04-01 19:00:00,1653.0300
2023-04-01 20:00:00,1754.2200
2023-04-01 21:00:00,1472.6100
2023-04-01 22:00:00,1206.9600
2023-04-01 23:00:00,991.7700
2023-04-02 00:00:00,0
2023-04-02 01:00:00,0
2023-04-02 02:00:00,0
2023-04-02 03:00:00,0
2023-04-02 04:00:00,0
2023-04-02 05:00:00,0
2023-04-02 06:00:00,0
2023-04-02 07:00:00,712.6600
2023-04-02 08:00:00,0
2023-04-02 09:00:00,0
2023-04-02 10:00:00,0
2023-04-02 11:00:00,0
2023-04-02 12:00:00,0
2023-04-02 13:00:00,0
2023-04-02 14:00:00,0
2023-04-02 15:00:00,0
2023-04-02 16:00:00,0
2023-04-02 17:00:00,0
2023-04-02 18:00:00,1502.4400
2023-04-02 19:00:00,1636.6600
2023-04-02 20:00:00,1546.8700
2023-04-02 21:00:00,610.8000
2023-04-02 22:00:00,0
2023-04-02 23:00:00,0
2023-04-03 00:00:00,0
2023-04-03 01:00:00,0
2023-04-03 02:00:00,0
2023-04-03 03:00:00,0
2023-04-03 04:00:00,0
2023-04-03 05:00:00,0
2023-04-03 06:00:00,1643.7200
2023-04-03 07:00:00,2469.6300
2023-04-03 08:00:00,2058.0600
2023-04-03 09:00:00,1281.0900
2023-04-03 10:00:00,387.4700
2023-04-03 11:00:00,0
2023-04-03 12:00:00,0
2023-04-03 13:00:00,0
2023-04-03 14:00:00,0
2023-04-03 15:00:00,0
2023-04-03 16:00:00,1029.0000
2023-04-03 17:00:00,2431.2900
2023-04-03 18:00:00,1500.3200
2023-04-03 19:00:00,648.2400
2023-04-03 20:00:00,716.2600
2023-04-03 21:00:00,619.8900
2023-04-03 22:00:00,0
2023-04-03 23:00:00,0
2023-04-04 00:00:00,0
2023-04-04 01:00:00,0
2023-04-04 02:00:00,0
2023-04-04 03:00:00,0
2023-04-04 04:00:00,0
2023-04-04 05:00:00,0
2023-04-04 06:00:00,160.7500
2023-04-04 07:00:00,3089.0100
2023-04-04 08:00:00,2006.8100
2023-04-04 09:00:00,75.5800
2023-04-04 10:00:00,0
2023-04-04 11:00:00,0
2023-04-04 12:00:00,0
2023-04-04 13:00:00,0
2023-04-04 14:00:00,0
2023-04-04 15:00:00,0
2023-04-04 16:00:00,0
2023-04-04 17:00:00,453.1500
2023-04-04 18:00:00,2515.1100
2023-04-04 19:00:00,5523.1600
2023-04-04 20:00:00,863.6600
2023-04-04 21:00:00,0
2023-04-04 22:00:00,0
2023-04-04 23:00:00,0
2023-04-05 00:00:00,0
2023-04-05 01:00:00,0
2023-04-05 02:00:00,0
2023-04-05 03:00:00,0
2023-04-05 04:00:00,0
2023-04-05 05:00:00,0
2023-04-05 06:00:00,4008.4100
2023-04-05 07:00:00,6346.7800
2023-04-05 08:00:00,968.3300
2023-04-05 09:00:00,0
2023-04-05 10:00:00,0
2023-04-05 11:00:00,0
2023-04-05 12:00:00,0
2023-04-05 13:00:00,0
2023-04-05 14:00:00,0
2023-04-05 15:00:00,0
2023-04-05 16:00:00,0
2023-04-05 17:00:00,2178.1900
2023-04-05 18:00:00,3488.4100
2023-04-05 19:00:00,5551.6700
2023-04-05 20:00:00,4158.6300
2023-04-05 21:00:00,2847.7500
2023-04-05 22:00:00,1281.1900
2023-04-05 23:00:00,0
2023-04-06 00:00:00,0
2023-04-06 01:00:00,0
2023-04-06 02:00:00,0
2023-04-06 03:00:00,0
2023-04-06 04:00:00,0
2023-04-06 05:00:00,0
2023-04-06 06:00:00,0
2023-04-06 07:00:00,3111.6600
2023-04-06 08:00:00,968.7000
2023-04-06 09:00:00,0
2023-04-06 10:00:00,0
2023-04-06 11:00:00,0
2023-04-06 12:00:00,0
2023-04-06 13:00:00,0
2023-04-06 14:00:00,0
2023-04-06 15:00:00,0
2023-04-06 16:00:00,0
2023-04-06 17:00:00,1022.6400
2023-04-06 18:00:00,2886.7000
2023-04-06 19:00:00,3537.5600
2023-04-06 20:00:00,2983.7800
2023-04-06 21:00:00,2445.2500
2023-04-06 22:00:00,2054.8500
2023-04-06 23:00:00,0
2023-04-07 00:00:00,0
2023-04-07 01:00:00,0
2023-04-07 02:00:00,0
2023-04-07 03:00:00,0
2023-04-07 04:00:00,0
2023-04-07 05:00:00,0
2023-04-07 06:00:00,0
2023-04-07 07:00:00,1550.2000
2023-04-07 08:00:00,4176.3400
2023-04-07 09:00:00,1311.4300
2023-04-07 10:00:00,0
2023-04-07 11:00:00,0
2023-04-07 12:00:00,0
2023-04-07 13:00:00,0
2023-04-07 14:00:00,0
2023-04-07 15:00:00,0
2023-04-07 16:00:00,372.0800
2023-04-07 17:00:00,1137.7300
2023-04-07 18:00:00,840.0700
2023-04-07 19:00:00,1956.9300
2023-04-07 20:00:00,1051.5100
2023-04-07 21:00:00,705.2400
2023-04-07 22:00:00,614.2100
2023-04-07 23:00:00,352.3500
2023-04-08 00:00:00,0
2023-04-08 01:00:00,0
2023-04-08 02:00:00,0
2023-04-08 03:00:00,0
2023-04-08 04:00:00,0
2023-04-08 05:00:00,0
2023-04-08 06:00:00,0
2023-04-08 07:00:00,766.2600
2023-04-08 08:00:00,669.6400
2023-04-08 09:00:00,0
2023-04-08 10:00:00,0
2023-04-08 11:00:00,0
2023-04-08 12:00:00,0
2023-04-08 13:00:00,0
2023-04-08 14:00:00,0
2023-04-08 15:00:00,0
2023-04-08 16:00:00,249.8500
2023-04-08 17:00:00,2585.7400
2023-04-08 18:00:00,1602.7900
2023-04-08 19:00:00,1379.6400
2023-04-08 20:00:00,1378.1700
2023-04-08 21:00:00,1226.4200
2023-04-08 22:00:00,581.8900
2023-04-08 23:00:00,0
2023-04-09 00:00:00,0
2023-04-09 01:00:00,0
2023-04-09 02:00:00,0
2023-04-09 03:00:00,0
2023-04-09 04:00:00,0
2023-04-09 05:00:00,0
2023-04-09 06:00:00,386.6500
2023-04-09 07:00:00,1965.1100
2023-04-09 08:00:00,661.6100
2023-04-09 09:00:00,0
2023-04-09 10:00:00,0
2023-04-09 11:00:00,0
2023-04-09 12:00:00,0
2023-04-09 13:00:00,0
2023-04-09 14:00:00,0
2023-04-09 15:00:00,0
2023-04-09 16:00:00,484.7000
2023-04-09 17:00:00,3015.3300
2023-04-09 18:00:00,2344.1200
2023-04-09 19:00:00,1681.1900
2023-04-09 20:00:00,1512.1300
2023-04-09 21:00:00,276.7600
2023-04-09 22:00:00,571.2000
2023-04-09 23:00:00,217.5200
2023-04-10 00:00:00,0
2023-04-10 01:00:00,0
2023-04-10 02:00:00,0
2023-04-10 03:00:00,0
2023-04-10 04:00:00,0
2023-04-10 05:00:00,0
2023-04-10 06:00:00,515.3700
2023-04-10 07:00:00,2582.5500
2023-04-10 08:00:00,2068.1200
2023-04-10 09:00:00,1002.9600
2023-04-10 10:00:00,1178.5600
2023-04-10 11:00:00,908.9800
2023-04-10 12:00:00,1049.4800
2023-04-10 13:00:00,1560.2300
2023-04-10 14:00:00,2648.9800
2023-04-10 15:00:00,4037.4100
2023-04-10 16:00:00,4773.2300
2023-04-10 17:00:00,4931.9100
2023-04-10 18:00:00,3223.8400
2023-04-10 19:00:00,16481.4300
2023-04-10 20:00:00,9801.1200
2023-04-10 21:00:00,0
2023-04-10 22:00:00,0
2023-04-10 23:00:00,0
2023-04-11 00:00:00,0
2023-04-11 01:00:00,0
2023-04-11 02:00:00,0
2023-04-11 03:00:00,0
2023-04-11 04:00:00,0
2023-04-11 05:00:00,0
2023-04-11 06:00:00,743.3800
2023-04-11 07:00:00,2113.2100
2023-04-11 08:00:00,2147.9100
2023-04-11 09:00:00,1070.7000
2023-04-11 10:00:00,1263.5200
2023-04-11 11:00:00,1435.7600
2023-04-11 12:00:00,1287.6400
2023-04-11 13:00:00,1206.1600
2023-04-11 14:00:00,1238.8100
2023-04-11 15:00:00,1671.9300
2023-04-11 16:00:00,1699.3900
2023-04-11 17:00:00,2231.1200
2023-04-11 18:00:00,2174.0900
2023-04-11 19:00:00,1509.3100
2023-04-11 20:00:00,1167.8700
2023-04-11 21:00:00,1115.5300
2023-04-11 22:00:00,923.3000
2023-04-11 23:00:00,0
2023-04-12 00:00:00,0
2023-04-12 01:00:00,0
2023-04-12 02:00:00,0
2023-04-12 03:00:00,0
2023-04-12 04:00:00,0
2023-04-12 05:00:00,0
2023-04-12 06:00:00,0
2023-04-12 07:00:00,823.1900
2023-04-12 08:00:00,2354.6900
2023-04-12 09:00:00,3251.9700
2023-04-12 10:00:00,1721.3200
2023-04-12 11:00:00,2609.0400
2023-04-12 12:00:00,2192.7900
2023-04-12 13:00:00,2034.7800
2023-04-12 14:00:00,2157.0600
2023-04-12 15:00:00,2027.9400
2023-04-12 16:00:00,3209.2000
2023-04-12 17:00:00,3001.3800
2023-04-12 18:00:00,1608.4600
2023-04-12 19:00:00,1093.1600
2023-04-12 20:00:00,1047.5700
2023-04-12 21:00:00,987.3900
2023-04-12 22:00:00,843.3900
2023-04-12 23:00:00,0
2023-04-13 00:00:00,0
2023-04-13 01:00:00,0
2023-04-13 02:00:00,0
2023-04-13 03:00:00,0
2023-04-13 04:00:00,0
2023-04-13 05:00:00,0
2023-04-13 06:00:00,0
2023-04-13 07:00:00,2100.3800
2023-04-13 08:00:00,2797.0500
2023-04-13 09:00:00,2374.0000
2023-04-13 10:00:00,1209.3600
2023-04-13 11:00:00,144.9200
2023-04-13 12:00:00,0
2023-04-13 13:00:00,0
2023-04-13 14:00:00,0
2023-04-13 15:00:00,0
2023-04-13 16:00:00,123.9900
2023-04-13 17:00:00,2083.6100
2023-04-13 18:00:00,2286.9800
2023-04-13 19:00:00,918.7800
2023-04-13 20:00:00,893.5000
2023-04-13 21:00:00,786.2100
2023-04-13 22:00:00,535.7500
2023-04-13 23:00:00,0
2023-04-14 00:00:00,0
2023-04-14 01:00:00,0
2023-04-14 02:00:00,0
2023-04-14 03:00:00,0
2023-04-14 04:00:00,0
2023-04-14 05:00:00,0
2023-04-14 06:00:00,0
2023-04-14 07:00:00,2694.9700
2023-04-14 08:00:00,1589.6500
2023-04-14 09:00:00,879.4300
2023-04-14 10:00:00,708.0300
2023-04-14 11:00:00,447.2800
2023-04-14 12:00:00,106.1500
2023-04-14 13:00:00,468.7600
2023-04-14 14:00:00,494.1000
2023-04-14 15:00:00,715.6200
2023-04-14 16:00:00,630.5400
2023-04-14 17:00:00,2331.2200
2023-04-14 18:00:00,1743.1900
2023-04-14 19:00:00,1041.5100
2023-04-14 20:00:00,1040.1000
2023-04-14 21:00:00,903.5100
2023-04-14 22:00:00,698.4800
2023-04-14 23:00:00,0
2023-04-15 00:00:00,0
2023-04-15 01:00:00,0
2023-04-15 02:00:00,0
2023-04-15 03:00:00,0
2023-04-15 04:00:00,0
2023-04-15 05:00:00,0
2023-04-15 06:00:00,81.6400
2023-04-15 07:00:00,1846.4100
2023-04-15 08:00:00,554.4000
2023-04-15 09:00:00,0
2023-04-15 10:00:00,0
2023-04-15 11:00:00,0
2023-04-15 12:00:00,0
2023-04-15 13:00:00,0
2023-04-15 14:00:00,0
2023-04-15 15:00:00,0
2023-04-15 16:00:00,0
2023-04-15 17:00:00,1689.8900
2023-04-15 18:00:00,3322.1300
2023-04-15 19:00:00,1188.2100
2023-04-15 20:00:00,830.9500
2023-04-15 21:00:00,790.2900
2023-04-15 22:00:00,763.0100
2023-04-15 23:00:00,737.7400
2023-04-16 00:00:00,0
2023-04-16 01:00:00,0
2023-04-16 02:00:00,0
2023-04-16 03:00:00,0
2023-04-16 04:00:00,0
2023-04-16 05:00:00,0
2023-04-16 06:00:00,64.5500
2023-04-16 07:00:00,1586.5500
2023-04-16 08:00:00,647.7900
2023-04-16 09:00:00,0
2023-04-16 10:00:00,296.0000
2023-04-16 11:00:00,338.9200
2023-04-16 12:00:00,0
2023-04-16 13:00:00,0
2023-04-16 14:00:00,0
2023-04-16 15:00:00,89.1900
2023-04-16 16:00:00,887.2000
2023-04-16 17:00:00,2447.1900
2023-04-16 18:00:00,1346.6300
2023-04-16 19:00:00,1298.7700
2023-04-16 20:00:00,827.6000
2023-04-16 21:00:00,715.6300
2023-04-16 22:00:00,447.0200
2023-04-16 23:00:00,0
2023-04-17 00:00:00,0
2023-04-17 01:00:00,0
2023-04-17 02:00:00,0
2023-04-17 03:00:00,0
2023-04-17 04:00:00,0
2023-04-17 05:00:00,0
2023-04-17 06:00:00,97.7400
2023-04-17 07:00:00,1929.2600
2023-04-17 08:00:00,205.6800
2023-04-17 09:00:00,817.9100
2023-04-17 10:00:00,1050.8400
2023-04-17 11:00:00,592.9400
2023-04-17 12:00:00,979.7000
2023-04-17 13:00:00,628.5700
2023-04-17 14:00:00,909.9000
2023-04-17 15:00:00,706.9900
2023-04-17 16:00:00,486.7000
2023-04-17 17:00:00,2788.6100
2023-04-17 18:00:00,2652.2800
2023-04-17 19:00:00,1171.3400
2023-04-17 20:00:00,1108.7500
2023-04-17 21:00:00,895.6500
2023-04-17 22:00:00,0
2023-04-17 23:00:00,0
2023-04-18 00:00:00,0
2023-04-18 01:00:00,0
2023-04-18 02:00:00,0
2023-04-18 03:00:00,0
2023-04-18 04:00:00,0
2023-04-18 05:00:00,0
2023-04-18 06:00:00,274.0600
2023-04-18 07:00:00,1982.4800
2023-04-18 08:00:00,278.9400
2023-04-18 09:00:00,0
2023-04-18 10:00:00,0
2023-04-18 11:00:00,0
2023-04-18 12:00:00,0
2023-04-18 13:00:00,0
2023-04-18 14:00:00,0
2023-04-18 15:00:00,0
2023-04-18 16:00:00,0
2023-04-18 17:00:00,880.6500
2023-04-18 18:00:00,1757.3200
2023-04-18 19:00:00,710.1700
2023-04-18 20:00:00,959.0100
2023-04-18 21:00:00,529.0900
2023-04-18 22:00:00,0
2023-04-18 23:00:00,0
2023-04-19 00:00:00,0
2023-04-19 01:00:00,0
2023-04-19 02:00:00,0
2023-04-19 03:00:00,0
2023-04-19 04:00:00,0
2023-04-19 05:00:00,0
2023-04-19 06:00:00,624.9100
2023-04-19 07:00:00,1623.4100
2023-04-19 08:00:00,0
2023-04-19 09:00:00,0
2023-04-19 10:00:00,0
2023-04-19 11:00:00,0
2023-04-19 12:00:00,0
2023-04-19 13:00:00,0
2023-04-19 14:00:00,0
2023-04-19 15:00:00,0
2023-04-19 16:00:00,0
2023-04-19 17:00:00,1003.9300
2023-04-19 18:00:00,2353.7800
2023-04-19 19:00:00,401.4500
2023-04-19 20:00:00,340.0900
2023-04-19 21:00:00,0
2023-04-19 22:00:00,0
2023-04-19 23:00:00,0
2023-04-20 00:00:00,0
2023-04-20 01:00:00,0
2023-04-20 02:00:00,0
2023-04-20 03:00:00,0
2023-04-20 04:00:00,0
2023-04-20 05:00:00,0
2023-04-20 06:00:00,0
2023-04-20 07:00:00,2967.3800
2023-04-20 08:00:00,230.1200
2023-04-20 09:00:00,0
2023-04-20 10:00:00,0
2023-04-20 11:00:00,0
2023-04-20 12:00:00,0
2023-04-20 13:00:00,0
2023-04-20 14:00:00,31.3200
2023-04-20 15:00:00,264.6100
2023-04-20 16:00:00,900.5600
2023-04-20 17:00:00,3267.9400
2023-04-20 18:00:00,3225.8500
2023-04-20 19:00:00,0
2023-04-20 20:00:00,0
2023-04-20 21:00:00,0
2023-04-20 22:00:00,0
2023-04-20 23:00:00,0
2023-04-21 00:00:00,0
2023-04-21 01:00:00,0
2023-04-21 02:00:00,0
2023-04-21 03:00:00,0
2023-04-21 04:00:00,0
2023-04-21 05:00:00,0
2023-04-21 06:00:00,0
2023-04-21 07:00:00,2271.3200
2023-04-21 08:00:00,1141.6600
2023-04-21 09:00:00,377.8700
2023-04-21 10:00:00,0
2023-04-21 11:00:00,0
2023-04-21 12:00:00,0
2023-04-21 13:00:00,0
2023-04-21 14:00:00,518.7500
2023-04-21 15:00:00,1413.7500
2023-04-21 16:00:00,3006.5300
2023-04-21 17:00:00,3149.4000
2023-04-21 18:00:00,2120.6500
2023-04-21 19:00:00,0
2023-04-21 20:00:00,0
2023-04-21 21:00:00,0
2023-04-21 22:00:00,0
2023-04-21 23:00:00,0
2023-04-22 00:00:00,0
2023-04-22 01:00:00,0
2023-04-22 02:00:00,0
2023-04-22 03:00:00,0
2023-04-22 04:00:00,0
2023-04-22 05:00:00,0
2023-04-22 06:00:00,0
2023-04-22 07:00:00,678.9100
2023-04-22 08:00:00,421.3000
2023-04-22 09:00:00,0
2023-04-22 10:00:00,0
2023-04-22 11:00:00,0
2023-04-22 12:00:00,0
2023-04-22 13:00:00,0
2023-04-22 14:00:00,389.5400
2023-04-22 15:00:00,957.3000
2023-04-22 16:00:00,2430.1200
2023-04-22 17:00:00,3007.9500
2023-04-22 18:00:00,2158.7600
2023-04-22 19:00:00,302.1400
2023-04-22 20:00:00,239.9800
2023-04-22 21:00:00,210.0000
2023-04-22 22:00:00,186.9900
2023-04-22 23:00:00,0
2023-04-23 00:00:00,0
2023-04-23 01:00:00,0
2023-04-23 02:00:00,0
2023-04-23 03:00:00,0
2023-04-23 04:00:00,0
2023-04-23 05:00:00,0
2023-04-23 06:00:00,0
2023-04-23 07:00:00,1122.9800
2023-04-23 08:00:00,0
2023-04-23 09:00:00,0
2023-04-23 10:00:00,0
2023-04-23 11:00:00,0
2023-04-23 12:00:00,0
2023-04-23 13:00:00,0
2023-04-23 14:00:00,0
2023-04-23 15:00:00,0
2023-04-23 16:00:00,183.9500
2023-04-23 17:00:00,1415.9800
2023-04-23 18:00:00,1570.6900
2023-04-23 19:00:00,288.8600
2023-04-23 20:00:00,181.4700
2023-04-23 21:00:00,71.3300
2023-04-23 22:00:00,0
2023-04-23 23:00:00,0
2023-04-24 00:00:00,0
2023-04-24 01:00:00,0
2023-04-24 02:00:00,0
2023-04-24 03:00:00,0
2023-04-24 04:00:00,0
2023-04-24 05:00:00,0
2023-04-24 06:00:00,0
2023-04-24 07:00:00,885.8400
2023-04-24 08:00:00,983.2000
2023-04-24 09:00:00,716.0800
2023-04-24 10:00:00,126.3000
2023-04-24 11:00:00,307.7400
2023-04-24 12:00:00,130.1400
2023-04-24 13:00:00,0
2023-04-24 14:00:00,0
2023-04-24 15:00:00,116.5500
2023-04-24 16:00:00,629.0400
2023-04-24 17:00:00,1932.5400
2023-04-24 18:00:00,3837.4600
2023-04-24 19:00:00,0
2023-04-24 20:00:00,0
2023-04-24 21:00:00,0
2023-04-24 22:00:00,0
2023-04-24 23:00:00,0
2023-04-25 00:00:00,0
2023-04-25 01:00:00,0
2023-04-25 02:00:00,0
2023-04-25 03:00:00,0
2023-04-25 04:00:00,0
2023-04-25 05:00:00,0
2023-04-25 06:00:00,0
2023-04-25 07:00:00,1284.5200
2023-04-25 08:00:00,954.8300
2023-04-25 09:00:00,1628.1300
2023-04-25 10:00:00,1248.7200
2023-04-25 11:00:00,1031.5600
2023-04-25 12:00:00,893.8500
2023-04-25 13:00:00,872.7200
2023-04-25 14:00:00,1057.2000
2023-04-25 15:00:00,1260.9700
2023-04-25 16:00:00,2249.9000
2023-04-25 17:00:00,2567.6800
2023-04-25 18:00:00,2178.3900
2023-04-25 19:00:00,0
2023-04-25 20:00:00,0
2023-04-25 21:00:00,0
2023-04-25 22:00:00,0
2023-04-25 23:00:00,0
2023-04-26 00:00:00,0
2023-04-26 01:00:00,0
2023-04-26 02:00:00,0
2023-04-26 03:00:00,0
2023-04-26 04:00:00,0
2023-04-26 05:00:00,0
2023-04-26 06:00:00,169.3500
2023-04-26 07:00:00,1703.7500
2023-04-26 08:00:00,2232.9900
2023-04-26 09:00:00,856.1100
2023-04-26 10:00:00,602.6700
2023-04-26 11:00:00,541.4200
2023-04-26 12:00:00,803.4900
2023-04-26 13:00:00,904.0400
2023-04-26 14:00:00,1337.9300
2023-04-26 15:00:00,1645.2900
2023-04-26 16:00:00,2216.2600
2023-04-26 17:00:00,2459.5700
2023-04-26 18:00:00,1901.2000
2023-04-26 19:00:00,0
2023-04-26 20:00:00,0
2023-04-26 21:00:00,0
2023-04-26 22:00:00,0
2023-04-26 23:00:00,0
2023-04-27 00:00:00,0
2023-04-27 01:00:00,0
2023-04-27 02:00:00,0
2023-04-27 03:00:00,0
2023-04-27 04:00:00,0
2023-04-27 05:00:00,0
2023-04-27 06:00:00,113.1000
2023-04-27 07:00:00,1573.1200
2023-04-27 08:00:00,1234.9200
2023-04-27 09:00:00,1027.2800
2023-04-27 10:00:00,650.4900
2023-04-27 11:00:00,393.1600
2023-04-27 12:00:00,629.7900
2023-04-27 13:00:00,1075.6000
2023-04-27 14:00:00,1434.9300
2023-04-27 15:00:00,1746.9800
2023-04-27 16:00:00,1649.3400
2023-04-27 17:00:00,2756.8500
2023-04-27 18:00:00,2531.9900
2023-04-27 19:00:00,11.4900
2023-04-27 20:00:00,0
2023-04-27 21:00:00,0
2023-04-27 22:00:00,0
2023-04-27 23:00:00,0
2023-04-28 00:00:00,0
2023-04-28 01:00:00,0
2023-04-28 02:00:00,0
2023-04-28 03:00:00,0
2023-04-28 04:00:00,0
2023-04-28 05:00:00,0
2023-04-28 06:00:00,120.6300
2023-04-28 07:00:00,1104.1700
2023-04-28 08:00:00,821.1700
2023-04-28 09:00:00,0
2023-04-28 10:00:00,4.4800
2023-04-28 11:00:00,0
2023-04-28 12:00:00,0
2023-04-28 13:00:00,671.0000
2023-04-28 14:00:00,1166.9700
2023-04-28 15:00:00,1384.6700
2023-04-28 16:00:00,1926.3400
2023-04-28 17:00:00,2956.0200
2023-04-28 18:00:00,2859.2200
2023-04-28 19:00:00,1844.6000
2023-04-28 20:00:00,982.5200
2023-04-28 21:00:00,869.5300
2023-04-28 22:00:00,1181.0300
2023-04-28 23:00:00,376.7700
2023-04-29 00:00:00,36.3400
2023-04-29 01:00:00,0
2023-04-29 02:00:00,0
2023-04-29 03:00:00,0
2023-04-29 04:00:00,0
2023-04-29 05:00:00,0
2023-04-29 06:00:00,120.8100
2023-04-29 07:00:00,935.9200
2023-04-29 08:00:00,618.4200
2023-04-29 09:00:00,395.2500
2023-04-29 10:00:00,206.2000
2023-04-29 11:00:00,3.6600
2023-04-29 12:00:00,342.6800
2023-04-29 13:00:00,434.9500
2023-04-29 14:00:00,826.6200
2023-04-29 15:00:00,1296.6900
2023-04-29 16:00:00,1931.4600
2023-04-29 17:00:00,2103.4500
2023-04-29 18:00:00,1486.5400
2023-04-29 19:00:00,727.7400
2023-04-29 20:00:00,456.4400
2023-04-29 21:00:00,318.2100
2023-04-29 22:00:00,226.0200
2023-04-29 23:00:00,117.4200
2023-04-30 00:00:00,11.6400
2023-04-30 01:00:00,0
2023-04-30 02:00:00,0
2023-04-30 03:00:00,0
2023-04-30 04:00:00,0
2023-04-30 05:00:00,0
2023-04-30 06:00:00,16.3600
2023-04-30 07:00:00,55.1700
2023-04-30 08:00:00,0
2023-04-30 09:00:00,0
2023-04-30 10:00:00,0
2023-04-30 11:00:00,0
2023-04-30 12:00:00,0
2023-04-30 13:00:00,0
2023-04-30 14:00:00,0
2023-04-30 15:00:00,406.8400
2023-04-30 16:00:00,1456.6700
2023-04-30 17:00:00,1678.8800
2023-04-30 18:00:00,1626.9500
2023-04-30 19:00:00,415.7500
2023-04-30 20:00:00,226.7300
2023-04-30 21:00:00,178.2900
2023-04-30 22:00:00,132.5000
2023-04-30 23:00:00,0
2023-05-01 00:00:00,0
2023-05-01 01:00:00,0
2023-05-01 02:00:00,0
2023-05-01 03:00:00,0
2023-05-01 04:00:00,0
2023-05-01 05:00:00,0
2023-05-01 06:00:00,49.9400
2023-05-01 07:00:00,829.9600
2023-05-01 08:00:00,1036.6200
2023-05-01 09:00:00,1037.1800
2023-05-01 10:00:00,1267.6300
2023-05-01 11:00:00,1220.2800
2023-05-01 12:00:00,1178.2800
2023-05-01 13:00:00,1095.6800
2023-05-01 14:00:00,863.8100
2023-05-01 15:00:00,1332.8700
2023-05-01 16:00:00,1220.7900
2023-05-01 17:00:00,1415.0300
2023-05-01 18:00:00,668.8100
2023-05-01 19:00:00,286.7500
2023-05-01 20:00:00,215.6700
2023-05-01 21:00:00,73.7400
2023-05-01 22:00:00,0
2023-05-01 23:00:00,0
2023-05-02 00:00:00,0
2023-05-02 01:00:00,0
2023-05-02 02:00:00,0
2023-05-02 03:00:00,0
2023-05-02 04:00:00,0
2023-05-02 05:00:00,0
2023-05-02 06:00:00,0
2023-05-02 07:00:00,630.6100
2023-05-02 08:00:00,907.1400
2023-05-02 09:00:00,632.4700
2023-05-02 10:00:00,857.3100
2023-05-02 11:00:00,560.8600
2023-05-02 12:00:00,511.0400
2023-05-02 13:00:00,544.8200
2023-05-02 14:00:00,824.3500
2023-05-02 15:00:00,680.6700
2023-05-02 16:00:00,856.1900
2023-05-02 17:00:00,891.6900
2023-05-02 18:00:00,675.9100
2023-05-02 19:00:00,0
2023-05-02 20:00:00,63.4200
2023-05-02 21:00:00,60.9300
2023-05-02 22:00:00,0
2023-05-02 23:00:00,0
2023-05-03 00:00:00,0
2023-05-03 01:00:00,0
2023-05-03 02:00:00,0
2023-05-03 03:00:00,0
2023-05-03 04:00:00,0
2023-05-03 05:00:00,0
2023-05-03 06:00:00,187.5500
2023-05-03 07:00:00,1163.9000
2023-05-03 08:00:00,718.9600
2023-05-03 09:00:00,159.1800
2023-05-03 10:00:00,0
2023-05-03 11:00:00,0.1400
2023-05-03 12:00:00,0
2023-05-03 13:00:00,645.1000
2023-05-03 14:00:00,801.0900
2023-05-03 15:00:00,881.8800
2023-05-03 16:00:00,1038.2900
2023-05-03 17:00:00,908.3000
2023-05-03 18:00:00,298.5100
2023-05-03 19:00:00,0
2023-05-03 20:00:00,0
2023-05-03 21:00:00,0
2023-05-03 22:00:00,0
2023-05-03 23:00:00,0
2023-05-04 00:00:00,0
2023-05-04 01:00:00,0
2023-05-04 02:00:00,0
2023-05-04 03:00:00,0
2023-05-04 04:00:00,0
2023-05-04 05:00:00,0
2023-05-04 06:00:00,0
2023-05-04 07:00:00,349.5800
2023-05-04 08:00:00,853.1800
2023-05-04 09:00:00,777.9600
2023-05-04 10:00:00,1301.0700
2023-05-04 11:00:00,918.6300
2023-05-04 12:00:00,381.4500
2023-05-04 13:00:00,554.4600
2023-05-04 14:00:00,86.2800
2023-05-04 15:00:00,353.4500
2023-05-04 16:00:00,558.1100
2023-05-04 17:00:00,408.4500
2023-05-04 18:00:00,366.0800
2023-05-04 19:00:00,0
2023-05-04 20:00:00,0
2023-05-04 21:00:00,0
2023-05-04 22:00:00,0
2023-05-04 23:00:00,0
2023-05-05 00:00:00,0
2023-05-05 01:00:00,0
2023-05-05 02:00:00,0
2023-05-05 03:00:00,0
2023-05-05 04:00:00,0
2023-05-05 05:00:00,0
2023-05-05 06:00:00,0
2023-05-05 07:00:00,784.0400
2023-05-05 08:00:00,1123.8000
2023-05-05 09:00:00,318.6500
2023-05-05 10:00:00,1.0500
2023-05-05 11:00:00,18.5300
2023-05-05 12:00:00,0
2023-05-05 13:00:00,0
2023-05-05 14:00:00,0
2023-05-05 15:00:00,0
2023-05-05 16:00:00,0
2023-05-05 17:00:00,62.2800
2023-05-05 18:00:00,344.0200
2023-05-05 19:00:00,0
2023-05-05 20:00:00,0
2023-05-05 21:00:00,0
2023-05-05 22:00:00,0
2023-05-05 23:00:00,0
2023-05-06 00:00:00,0
2023-05-06 01:00:00,0
2023-05-06 02:00:00,0
2023-05-06 03:00:00,0
2023-05-06 04:00:00,0
2023-05-06 05:00:00,0
2023-05-06 06:00:00,26.9500
2023-05-06 07:00:00,115.6400
2023-05-06 08:00:00,0
2023-05-06 09:00:00,0
2023-05-06 10:00:00,0
2023-05-06 11:00:00,0
2023-05-06 12:00:00,0
2023-05-06 13:00:00,0
2023-05-06 14:00:00,0
2023-05-06 15:00:00,0
2023-05-06 16:00:00,0
2023-05-06 17:00:00,18.4100
2023-05-06 18:00:00,184.0000
2023-05-06 19:00:00,0
2023-05-06 20:00:00,0
2023-05-06 21:00:00,0
2023-05-06 22:00:00,0
2023-05-06 23:00:00,0
2023-05-07 00:00:00,0
2023-05-07 01:00:00,0
2023-05-07 02:00:00,0
2023-05-07 03:00:00,0
2023-05-07 04:00:00,0
2023-05-07 05:00:00,0
2023-05-07 06:00:00,13.6400
2023-05-07 07:00:00,0
2023-05-07 08:00:00,0
2023-05-07 09:00:00,0
2023-05-07 10:00:00,0
2023-05-07 11:00:00,0
2023-05-07 12:00:00,0
2023-05-07 13:00:00,0
2023-05-07 14:00:00,0
2023-05-07 15:00:00,0
2023-05-07 16:00:00,0
2023-05-07 17:00:00,0
2023-05-07 18:00:00,549.2300
2023-05-07 19:00:00,16.3500
2023-05-07 20:00:00,0
2023-05-07 21:00:00,0
2023-05-07 22:00:00,0
2023-05-07 23:00:00,0
2023-05-08 00:00:00,0
2023-05-08 01:00:00,0
2023-05-08 02:00:00,0
2023-05-08 03:00:00,0
2023-05-08 04:00:00,0
2023-05-08 05:00:00,0
2023-05-08 06:00:00,188.4100
2023-05-08 07:00:00,463.8000
2023-05-08 08:00:00,0
2023-05-08 09:00:00,0
2023-05-08 10:00:00,0
2023-05-08 11:00:00,0
2023-05-08 12:00:00,0
2023-05-08 13:00:00,0
2023-05-08 14:00:00,0
2023-05-08 15:00:00,0
2023-05-08 16:00:00,476.2200
2023-05-08 17:00:00,612.8900
2023-05-08 18:00:00,1349.5200
2023-05-08 19:00:00,38.5600
2023-05-08 20:00:00,0
2023-05-08 21:00:00,0
2023-05-08 22:00:00,0
2023-05-08 23:00:00,0
2023-05-09 00:00:00,0
2023-05-09 01:00:00,0
2023-05-09 02:00:00,0
2023-05-09 03:00:00,0
2023-05-09 04:00:00,0
2023-05-09 05:00:00,0
2023-05-09 06:00:00,120.7900
2023-05-09 07:00:00,459.7400
2023-05-09 08:00:00,0
2023-05-09 09:00:00,88.0000
2023-05-09 10:00:00,52.0900
2023-05-09 11:00:00,0.1600
2023-05-09 12:00:00,0.2100
2023-05-09 13:00:00,0
2023-05-09 14:00:00,0
2023-05-09 15:00:00,0
2023-05-09 16:00:00,417.8300
2023-05-09 17:00:00,300.1600
2023-05-09 18:00:00,373.6800
2023-05-09 19:00:00,0
2023-05-09 20:00:00,0
2023-05-09 21:00:00,0
2023-05-09 22:00:00,0
2023-05-09 23:00:00,0
2023-05-10 00:00:00,0
2023-05-10 01:00:00,0
2023-05-10 02:00:00,0
2023-05-10 03:00:00,0
2023-05-10 04:00:00,0
2023-05-10 05:00:00,0
2023-05-10 06:00:00,65.2900
2023-05-10 07:00:00,250.6900
2023-05-10 08:00:00,0
2023-05-10 09:00:00,0
2023-05-10 10:00:00,0
2023-05-10 11:00:00,0
2023-05-10 12:00:00,0
2023-05-10 13:00:00,0
2023-05-10 14:00:00,0
2023-05-10 15:00:00,0
2023-05-10 16:00:00,0
2023-05-10 17:00:00,0
2023-05-10 18:00:00,306.2200
2023-05-10 19:00:00,22.6600
2023-05-10 20:00:00,0
2023-05-10 21:00:00,0
2023-05-10 22:00:00,0
2023-05-10 23:00:00,0
2023-05-11 00:00:00,0
2023-05-11 01:00:00,0
2023-05-11 02:00:00,0
2023-05-11 03:00:00,0
2023-05-11 04:00:00,0
2023-05-11 05:00:00,0
2023-05-11 06:00:00,394.4200
2023-05-11 07:00:00,337.3800
2023-05-11 08:00:00,0
2023-05-11 09:00:00,0
2023-05-11 10:00:00,0
2023-05-11 11:00:00,0
2023-05-11 12:00:00,0
2023-05-11 13:00:00,0
2023-05-11 14:00:00,0
2023-05-11 15:00:00,0
2023-05-11 16:00:00,0
2023-05-11 17:00:00,573.5100
2023-05-11 18:00:00,1307.1400
2023-05-11 19:00:00,0
2023-05-11 20:00:00,0
2023-05-11 21:00:00,0
2023-05-11 22:00:00,0
2023-05-11 23:00:00,0
2023-05-12 00:00:00,0
2023-05-12 01:00:00,0
2023-05-12 02:00:00,0
2023-05-12 03:00:00,0
2023-05-12 04:00:00,0
2023-05-12 05:00:00,0
2023-05-12 06:00:00,511.8900
2023-05-12 07:00:00,1044.9600
2023-05-12 08:00:00,288.6600
2023-05-12 09:00:00,48.5900
2023-05-12 10:00:00,0
2023-05-12 11:00:00,0
2023-05-12 12:00:00,0
2023-05-12 13:00:00,61.4600
2023-05-12 14:00:00,266.4500
2023-05-12 15:00:00,489.1600
2023-05-12 16:00:00,953.5700
2023-05-12 17:00:00,1469.6000
2023-05-12 18:00:00,1547.5900
2023-05-12 19:00:00,0
2023-05-12 20:00:00,0
2023-05-12 21:00:00,0
2023-05-12 22:00:00,0
2023-05-12 23:00:00,0
2023-05-13 00:00:00,0
2023-05-13 01:00:00,0
2023-05-13 02:00:00,0
2023-05-13 03:00:00,0
2023-05-13 04:00:00,0
2023-05-13 05:00:00,0
2023-05-13 06:00:00,571.3300
2023-05-13 07:00:00,0
2023-05-13 08:00:00,0
2023-05-13 09:00:00,0
2023-05-13 10:00:00,0
2023-05-13 11:00:00,0
2023-05-13 12:00:00,0
2023-05-13 13:00:00,0
2023-05-13 14:00:00,0
2023-05-13 15:00:00,100.0700
2023-05-13 16:00:00,83.5600
2023-05-13 17:00:00,1069.0500
2023-05-13 18:00:00,1430.9500
2023-05-13 19:00:00,0
2023-05-13 20:00:00,0
2023-05-13 21:00:00,0
2023-05-13 22:00:00,0
2023-05-13 23:00:00,0
2023-05-14 00:00:00,0
2023-05-14 01:00:00,0
2023-05-14 02:00:00,0
2023-05-14 03:00:00,0
2023-05-14 04:00:00,0
2023-05-14 05:00:00,0
2023-05-14 06:00:00,245.7100
2023-05-14 07:00:00,0
2023-05-14 08:00:00,0
2023-05-14 09:00:00,0
2023-05-14 10:00:00,0
2023-05-14 11:00:00,0
2023-05-14 12:00:00,0
2023-05-14 13:00:00,0
2023-05-14 14:00:00,0
2023-05-14 15:00:00,49.1200
2023-05-14 16:00:00,329.5700
2023-05-14 17:00:00,1116.3400
2023-05-14 18:00:00,1605.6500
2023-05-14 19:00:00,521.2800
2023-05-14 20:00:00,0
2023-05-14 21:00:00,0
2023-05-14 22:00:00,0
2023-05-14 23:00:00,0
2023-05-15 00:00:00,0
2023-05-15 01:00:00,0
2023-05-15 02:00:00,0
2023-05-15 03:00:00,0
2023-05-15 04:00:00,0
2023-05-15 05:00:00,0
2023-05-15 06:00:00,1151.6000
2023-05-15 07:00:00,1213.9400
2023-05-15 08:00:00,722.7700
2023-05-15 09:00:00,596.3000
2023-05-15 10:00:00,583.2600
2023-05-15 11:00:00,749.6000
2023-05-15 12:00:00,951.4200
2023-05-15 13:00:00,1454.8300
2023-05-15 14:00:00,1465.6700
2023-05-15 15:00:00,1752.8000
2023-05-15 16:00:00,3072.3300
2023-05-15 17:00:00,3431.0300
2023-05-15 18:00:00,2334.8300
2023-05-15 19:00:00,0
2023-05-15 20:00:00,1711.0500
2023-05-15 21:00:00,0
2023-05-15 22:00:00,247.8900
2023-05-15 23:00:00,0
2023-05-16 00:00:00,0
2023-05-16 01:00:00,0
2023-05-16 02:00:00,0
2023-05-16 03:00:00,0
2023-05-16 04:00:00,0
2023-05-16 05:00:00,0
2023-05-16 06:00:00,656.4000
2023-05-16 07:00:00,1600.0300
2023-05-16 08:00:00,1440.1600
2023-05-16 09:00:00,1065.2700
2023-05-16 10:00:00,816.3600
2023-05-16 11:00:00,930.9900
2023-05-16 12:00:00,1045.7800
2023-05-16 13:00:00,1651.0500
2023-05-16 14:00:00,1735.1600
2023-05-16 15:00:00,1603.4500
2023-05-16 16:00:00,1586.4600
2023-05-16 17:00:00,2355.9200
2023-05-16 18:00:00,3257.8000
2023-05-16 19:00:00,3248.6000
2023-05-16 20:00:00,3042
2023-05-16 21:00:00,1387.2000
2023-05-16 22:00:00,0
2023-05-16 23:00:00,58.0800
2023-05-17 00:00:00,0
2023-05-17 01:00:00,0
2023-05-17 02:00:00,0
2023-05-17 03:00:00,0
2023-05-17 04:00:00,0
2023-05-17 05:00:00,0
2023-05-17 06:00:00,644.1000
2023-05-17 07:00:00,1521.1000
2023-05-17 08:00:00,1143.3500
2023-05-17 09:00:00,933.3700
2023-05-17 10:00:00,775.4300
2023-05-17 11:00:00,776.7200
2023-05-17 12:00:00,845.3600
2023-05-17 13:00:00,1000.2800
2023-05-17 14:00:00,1831.4300
2023-05-17 15:00:00,2370.2600
2023-05-17 16:00:00,2760.9100
2023-05-17 17:00:00,3215.2100
2023-05-17 18:00:00,4110.5200
2023-05-17 19:00:00,2054.9200
2023-05-17 20:00:00,1789.0600
2023-05-17 21:00:00,1147.5900
2023-05-17 22:00:00,761.8200
2023-05-17 23:00:00,0
2023-05-18 00:00:00,0
2023-05-18 01:00:00,0
2023-05-18 02:00:00,0
2023-05-18 03:00:00,0
2023-05-18 04:00:00,0
2023-05-18 05:00:00,0
2023-05-18 06:00:00,585.7800
2023-05-18 07:00:00,1563.1400
2023-05-18 08:00:00,1460.1400
2023-05-18 09:00:00,1301.8700
2023-05-18 10:00:00,784.2400
2023-05-18 11:00:00,724.6100
2023-05-18 12:00:00,801.5500
2023-05-18 13:00:00,1087.5900
2023-05-18 14:00:00,1169.6400
2023-05-18 15:00:00,1597.7600
2023-05-18 16:00:00,2161.2600
2023-05-18 17:00:00,2742.0500
2023-05-18 18:00:00,3023.4200
2023-05-18 19:00:00,1221.9700
2023-05-18 20:00:00,843.1400
2023-05-18 21:00:00,465.7000
2023-05-18 22:00:00,362.0800
2023-05-18 23:00:00,238.0800
2023-05-19 00:00:00,17.7400
2023-05-19 01:00:00,0
2023-05-19 02:00:00,0
2023-05-19 03:00:00,0
2023-05-19 04:00:00,0
2023-05-19 05:00:00,0
2023-05-19 06:00:00,501.4200
2023-05-19 07:00:00,1089.9600
2023-05-19 08:00:00,799.9200
2023-05-19 09:00:00,394.9500
2023-05-19 10:00:00,307.1600
2023-05-19 11:00:00,321.8000
2023-05-19 12:00:00,362.6100
2023-05-19 13:00:00,390.2800
2023-05-19 14:00:00,565.0300
2023-05-19 15:00:00,1147.6400
2023-05-19 16:00:00,1271.5900
2023-05-19 17:00:00,1964.0100
2023-05-19 18:00:00,2115.8400
2023-05-19 19:00:00,958.7900
2023-05-19 20:00:00,675.7500
2023-05-19 21:00:00,574.1400
2023-05-19 22:00:00,324.7900
2023-05-19 23:00:00,246.4700
2023-05-20 00:00:00,23.8500
2023-05-20 01:00:00,0
2023-05-20 02:00:00,0
2023-05-20 03:00:00,0
2023-05-20 04:00:00,0
2023-05-20 05:00:00,0
2023-05-20 06:00:00,234.2500
2023-05-20 07:00:00,393.2000
2023-05-20 08:00:00,0
2023-05-20 09:00:00,0
2023-05-20 10:00:00,0
2023-05-20 11:00:00,0
2023-05-20 12:00:00,0
2023-05-20 13:00:00,0
2023-05-20 14:00:00,27.0300
2023-05-20 15:00:00,732.4500
2023-05-20 16:00:00,1050.7500
2023-05-20 17:00:00,1600.6800
2023-05-20 18:00:00,1276.1600
2023-05-20 19:00:00,840.5100
2023-05-20 20:00:00,846.0400
2023-05-20 21:00:00,459.9300
2023-05-20 22:00:00,365.6500
2023-05-20 23:00:00,22.5900
2023-05-21 00:00:00,0
2023-05-21 01:00:00,0
2023-05-21 02:00:00,0
2023-05-21 03:00:00,0
2023-05-21 04:00:00,0
2023-05-21 05:00:00,0
2023-05-21 06:00:00,75.2500
2023-05-21 07:00:00,0
2023-05-21 08:00:00,0
2023-05-21 09:00:00,0
2023-05-21 10:00:00,0
2023-05-21 11:00:00,0
2023-05-21 12:00:00,0
2023-05-21 13:00:00,0
2023-05-21 14:00:00,305.0200
2023-05-21 15:00:00,334
2023-05-21 16:00:00,200.8900
2023-05-21 17:00:00,454.2400
2023-05-21 18:00:00,399.7400
2023-05-21 19:00:00,0
2023-05-21 20:00:00,0
2023-05-21 21:00:00,0
2023-05-21 22:00:00,0
2023-05-21 23:00:00,0
2023-05-22 00:00:00,0
2023-05-22 01:00:00,0
2023-05-22 02:00:00,0
2023-05-22 03:00:00,0
2023-05-22 04:00:00,0
2023-05-22 05:00:00,0
2023-05-22 06:00:00,188.5700
2023-05-22 07:00:00,679.6600
2023-05-22 08:00:00,333.6600
2023-05-22 09:00:00,249.7500
2023-05-22 10:00:00,212.8200
2023-05-22 11:00:00,835.2600
2023-05-22 12:00:00,785.5800
2023-05-22 13:00:00,1064.0900
2023-05-22 14:00:00,967.1000
2023-05-22 15:00:00,0
2023-05-22 16:00:00,1613.9700
2023-05-22 17:00:00,2401.6700
2023-05-22 18:00:00,604.3500
2023-05-22 19:00:00,963.0400
2023-05-22 20:00:00,1797.0500
2023-05-22 21:00:00,0
2023-05-22 22:00:00,10.7100
2023-05-22 23:00:00,0
2023-05-23 00:00:00,0
2023-05-23 01:00:00,0
2023-05-23 02:00:00,0
2023-05-23 03:00:00,0
2023-05-23 04:00:00,0
2023-05-23 05:00:00,0
2023-05-23 06:00:00,427.1900
2023-05-23 07:00:00,1171.6500
2023-05-23 08:00:00,658.6400
2023-05-23 09:00:00,485.6500
2023-05-23 10:00:00,672.2600
2023-05-23 11:00:00,730.4800
2023-05-23 12:00:00,0
2023-05-23 13:00:00,0
2023-05-23 14:00:00,880.9000
2023-05-23 15:00:00,1074.2500
2023-05-23 16:00:00,1199.9300
2023-05-23 17:00:00,1929.4200
2023-05-23 18:00:00,3903.0800
2023-05-23 19:00:00,1365.7600
2023-05-23 20:00:00,811.5500
2023-05-23 21:00:00,549.3800
2023-05-23 22:00:00,339.4400
2023-05-23 23:00:00,53.0300
2023-05-24 00:00:00,0.3400
2023-05-24 01:00:00,0
2023-05-24 02:00:00,0
2023-05-24 03:00:00,0
2023-05-24 04:00:00,0
2023-05-24 05:00:00,0.8600
2023-05-24 06:00:00,583.2400
2023-05-24 07:00:00,1836.2400
2023-05-24 08:00:00,909.0300
2023-05-24 09:00:00,270.5900
2023-05-24 10:00:00,27.5700
2023-05-24 11:00:00,58.2900
2023-05-24 12:00:00,383.0200
2023-05-24 13:00:00,0
2023-05-24 14:00:00,0
2023-05-24 15:00:00,0
2023-05-24 16:00:00,264.1200
2023-05-24 17:00:00,1008.7800
2023-05-24 18:00:00,2539.3300
2023-05-24 19:00:00,2030.2100
2023-05-24 20:00:00,1112.6100
2023-05-24 21:00:00,915.2600
2023-05-24 22:00:00,659.1500
2023-05-24 23:00:00,0
2023-05-25 00:00:00,0
2023-05-25 01:00:00,0
2023-05-25 02:00:00,0
2023-05-25 03:00:00,0
2023-05-25 04:00:00,0
2023-05-25 05:00:00,0
2023-05-25 06:00:00,470.7200
2023-05-25 07:00:00,1250.2900
2023-05-25 08:00:00,588.7400
2023-05-25 09:00:00,181.1300
2023-05-25 10:00:00,0
2023-05-25 11:00:00,410.6900
2023-05-25 12:00:00,0
2023-05-25 13:00:00,0
2023-05-25 14:00:00,0
2023-05-25 15:00:00,152
2023-05-25 16:00:00,491.6500
2023-05-25 17:00:00,1294.4900
2023-05-25 18:00:00,1470.4700
2023-05-25 19:00:00,796.4900
2023-05-25 20:00:00,700.7200
2023-05-25 21:00:00,597.5100
2023-05-25 22:00:00,441.0900
2023-05-25 23:00:00,170.7200
2023-05-26 00:00:00,0
2023-05-26 01:00:00,0
2023-05-26 02:00:00,0
2023-05-26 03:00:00,0
2023-05-26 04:00:00,0
2023-05-26 05:00:00,0
2023-05-26 06:00:00,306.1600
2023-05-26 07:00:00,746.5400
2023-05-26 08:00:00,93.7800
2023-05-26 09:00:00,0
2023-05-26 10:00:00,0
2023-05-26 11:00:00,0
2023-05-26 12:00:00,0
2023-05-26 13:00:00,0
2023-05-26 14:00:00,0
2023-05-26 15:00:00,0
2023-05-26 16:00:00,0
2023-05-26 17:00:00,415
2023-05-26 18:00:00,1123.7000
2023-05-26 19:00:00,957.3600
2023-05-26 20:00:00,949.3900
2023-05-26 21:00:00,783.3900
2023-05-26 22:00:00,632.4800
2023-05-26 23:00:00,0
2023-05-27 00:00:00,105.6900
2023-05-27 01:00:00,0
2023-05-27 02:00:00,0
2023-05-27 03:00:00,0
2023-05-27 04:00:00,0
2023-05-27 05:00:00,31.6700
2023-05-27 06:00:00,37.8900
2023-05-27 07:00:00,0
2023-05-27 08:00:00,0
2023-05-27 09:00:00,0
2023-05-27 10:00:00,0
2023-05-27 11:00:00,0
2023-05-27 12:00:00,0
2023-05-27 13:00:00,0
2023-05-27 14:00:00,0
2023-05-27 15:00:00,0
2023-05-27 16:00:00,0
2023-05-27 17:00:00,0
2023-05-27 18:00:00,544.7200
2023-05-27 19:00:00,335.1500
2023-05-27 20:00:00,554.6600
2023-05-27 21:00:00,295.2100
2023-05-27 22:00:00,207.1900
2023-05-27 23:00:00,169.2300
2023-05-28 00:00:00,57.8900
2023-05-28 01:00:00,0
2023-05-28 02:00:00,0
2023-05-28 03:00:00,0
2023-05-28 04:00:00,0
2023-05-28 05:00:00,0
2023-05-28 06:00:00,22.3000
2023-05-28 07:00:00,0
2023-05-28 08:00:00,0
2023-05-28 09:00:00,0
2023-05-28 10:00:00,0
2023-05-28 11:00:00,0
2023-05-28 12:00:00,0
2023-05-28 13:00:00,0
2023-05-28 14:00:00,0
2023-05-28 15:00:00,0
2023-05-28 16:00:00,0
2023-05-28 17:00:00,153.0200
2023-05-28 18:00:00,1431.0100
2023-05-28 19:00:00,1175.8500
2023-05-28 20:00:00,1000.6700
2023-05-28 21:00:00,600.0900
2023-05-28 22:00:00,564.0300
2023-05-28 23:00:00,392.1300
2023-05-29 00:00:00,95.2000
2023-05-29 01:00:00,0
2023-05-29 02:00:00,0
2023-05-29 03:00:00,0
2023-05-29 04:00:00,0
2023-05-29 05:00:00,0
2023-05-29 06:00:00,135.8000
2023-05-29 07:00:00,174.9400
2023-05-29 08:00:00,0
2023-05-29 09:00:00,0
2023-05-29 10:00:00,0
2023-05-29 11:00:00,0.4200
2023-05-29 12:00:00,20.0600
2023-05-29 13:00:00,473.2700
2023-05-29 14:00:00,580.2700
2023-05-29 15:00:00,819.7000
2023-05-29 16:00:00,780.4900
2023-05-29 17:00:00,1297.3100
2023-05-29 18:00:00,1778.1000
2023-05-29 19:00:00,1253.7100
2023-05-29 20:00:00,1354.1900
2023-05-29 21:00:00,1339.7400
2023-05-29 22:00:00,1164.7500
2023-05-29 23:00:00,0
2023-05-30 00:00:00,0
2023-05-30 01:00:00,0
2023-05-30 02:00:00,0
2023-05-30 03:00:00,0
2023-05-30 04:00:00,0
2023-05-30 05:00:00,0
2023-05-30 06:00:00,118.2400
2023-05-30 07:00:00,449.2300
2023-05-30 08:00:00,0
2023-05-30 09:00:00,86.0100
2023-05-30 10:00:00,772.4800
2023-05-30 11:00:00,833.5400
2023-05-30 12:00:00,773.9400
2023-05-30 13:00:00,539.0200
2023-05-30 14:00:00,671.2300
2023-05-30 15:00:00,878.6100
2023-05-30 16:00:00,474.0000
2023-05-30 17:00:00,761.5200
2023-05-30 18:00:00,1008.6600
2023-05-30 19:00:00,1227.4700
2023-05-30 20:00:00,1187.4500
2023-05-30 21:00:00,762.2900
2023-05-30 22:00:00,641.6100
2023-05-30 23:00:00,0
2023-05-31 00:00:00,0
2023-05-31 01:00:00,0
2023-05-31 02:00:00,0
2023-05-31 03:00:00,0
2023-05-31 04:00:00,0
2023-05-31 05:00:00,86.3800
2023-05-31 06:00:00,252.3000
2023-05-31 07:00:00,600.1600
2023-05-31 08:00:00,144.5200
2023-05-31 09:00:00,0
2023-05-31 10:00:00,0
2023-05-31 11:00:00,0
2023-05-31 12:00:00,0
2023-05-31 13:00:00,0
2023-05-31 14:00:00,61.2100
2023-05-31 15:00:00,143.8900
2023-05-31 16:00:00,24.9100
2023-05-31 17:00:00,623.4700
2023-05-31 18:00:00,1245.6900
2023-05-31 19:00:00,1014.0700
2023-05-31 20:00:00,1076.7200
2023-05-31 21:00:00,771.4200
2023-05-31 22:00:00,601.5100
2023-05-31 23:00:00,0
2023-06-01 00:00:00,0
2023-06-01 01:00:00,0
2023-06-01 02:00:00,0
2023-06-01 03:00:00,0
2023-06-01 04:00:00,0
2023-06-01 05:00:00,287.2900
2023-06-01 06:00:00,441.4900
2023-06-01 07:00:00,1305.5900
2023-06-01 08:00:00,1073.4600
2023-06-01 09:00:00,796
2023-06-01 10:00:00,928.6300
2023-06-01 11:00:00,1015.4800
2023-06-01 12:00:00,974.4400
2023-06-01 13:00:00,1262.0800
2023-06-01 14:00:00,1476.1700
2023-06-01 15:00:00,1128.0800
2023-06-01 16:00:00,1402.1000
2023-06-01 17:00:00,1524.0800
2023-06-01 18:00:00,1599.3400
2023-06-01 19:00:00,892.8000
2023-06-01 20:00:00,862.3800
2023-06-01 21:00:00,926.1800
2023-06-01 22:00:00,737.7200
2023-06-01 23:00:00,117.4700
2023-06-02 00:00:00,0
2023-06-02 01:00:00,0
2023-06-02 02:00:00,0
2023-06-02 03:00:00,0
2023-06-02 04:00:00,0
2023-06-02 05:00:00,0
2023-06-02 06:00:00,283.1500
2023-06-02 07:00:00,1152.5400
2023-06-02 08:00:00,831.4300
2023-06-02 09:00:00,916.4900
2023-06-02 10:00:00,1064.3900
2023-06-02 11:00:00,1169.7500
2023-06-02 12:00:00,883.9500
2023-06-02 13:00:00,996.4700
2023-06-02 14:00:00,1058.3400
2023-06-02 15:00:00,1164.9600
2023-06-02 16:00:00,1302.3200
2023-06-02 17:00:00,1490.9800
2023-06-02 18:00:00,1665.6400
2023-06-02 19:00:00,858.3900
2023-06-02 20:00:00,856.8300
2023-06-02 21:00:00,827.4700
2023-06-02 22:00:00,784.9200
2023-06-02 23:00:00,0
2023-06-03 00:00:00,0
2023-06-03 01:00:00,0
2023-06-03 02:00:00,0
2023-06-03 03:00:00,0
2023-06-03 04:00:00,0
2023-06-03 05:00:00,346.8300
2023-06-03 06:00:00,350.2900
2023-06-03 07:00:00,714.5500
2023-06-03 08:00:00,325.1700
2023-06-03 09:00:00,442.0500
2023-06-03 10:00:00,518.1100
2023-06-03 11:00:00,574.4100
2023-06-03 12:00:00,673.3500
2023-06-03 13:00:00,968.1000
2023-06-03 14:00:00,1371.6000
2023-06-03 15:00:00,1993.0700
2023-06-03 16:00:00,1747.7200
2023-06-03 17:00:00,1954.0100
2023-06-03 18:00:00,1489.3000
2023-06-03 19:00:00,899.7600
2023-06-03 20:00:00,1210.4400
2023-06-03 21:00:00,943.7700
2023-06-03 22:00:00,769.1100
2023-06-03 23:00:00,587.1500
2023-06-04 00:00:00,276.4500
2023-06-04 01:00:00,0
2023-06-04 02:00:00,0
2023-06-04 03:00:00,0
2023-06-04 04:00:00,0
2023-06-04 05:00:00,0
2023-06-04 06:00:00,270.1100
2023-06-04 07:00:00,611.5000
2023-06-04 08:00:00,101.6600
2023-06-04 09:00:00,420.8100
2023-06-04 10:00:00,962.1200
2023-06-04 11:00:00,1039.3100
2023-06-04 12:00:00,651.1400
2023-06-04 13:00:00,717.5800
2023-06-04 14:00:00,880.6200
2023-06-04 15:00:00,1646.8900
2023-06-04 16:00:00,1891.6800
2023-06-04 17:00:00,2624.4700
2023-06-04 18:00:00,1967.3200
2023-06-04 19:00:00,820.6100
2023-06-04 20:00:00,833.7700
2023-06-04 21:00:00,182.3000
2023-06-04 22:00:00,0
2023-06-04 23:00:00,0
2023-06-05 00:00:00,0
2023-06-05 01:00:00,0
2023-06-05 02:00:00,0
2023-06-05 03:00:00,0
2023-06-05 04:00:00,0
2023-06-05 05:00:00,0
2023-06-05 06:00:00,774.8200
2023-06-05 07:00:00,1989.5400
2023-06-05 08:00:00,1514.5600
2023-06-05 09:00:00,695.4100
2023-06-05 10:00:00,2011.9400
2023-06-05 11:00:00,2287.9700
2023-06-05 12:00:00,837.5300
2023-06-05 13:00:00,1446.5400
2023-06-05 14:00:00,561.4900
2023-06-05 15:00:00,89.3800
2023-06-05 16:00:00,1507.9000
2023-06-05 17:00:00,640.4700
2023-06-05 18:00:00,965.6300
2023-06-05 19:00:00,1444.0100
2023-06-05 20:00:00,1331.9400
2023-06-05 21:00:00,995.0400
2023-06-05 22:00:00,421.3700
2023-06-05 23:00:00,0
2023-06-06 00:00:00,0
2023-06-06 01:00:00,0
2023-06-06 02:00:00,0
2023-06-06 03:00:00,0
2023-06-06 04:00:00,0
2023-06-06 05:00:00,0
2023-06-06 06:00:00,431.6700
2023-06-06 07:00:00,1079.7000
2023-06-06 08:00:00,391.8000
2023-06-06 09:00:00,541.2800
2023-06-06 10:00:00,2990.7300
2023-06-06 11:00:00,3393.6600
2023-06-06 12:00:00,2113.4300
2023-06-06 13:00:00,1011.5100
2023-06-06 14:00:00,3015.9700
2023-06-06 15:00:00,1463.9200
2023-06-06 16:00:00,1101.0300
2023-06-06 17:00:00,653.0200
2023-06-06 18:00:00,82.3500
2023-06-06 19:00:00,1074.6000
2023-06-06 20:00:00,1145.6200
2023-06-06 21:00:00,1088.6500
2023-06-06 22:00:00,902.3000
2023-06-06 23:00:00,0
2023-06-07 00:00:00,0
2023-06-07 01:00:00,0
2023-06-07 02:00:00,0
2023-06-07 03:00:00,0
2023-06-07 04:00:00,0
2023-06-07 05:00:00,125.8500
2023-06-07 06:00:00,441.3200
2023-06-07 07:00:00,1612.3800
2023-06-07 08:00:00,883.3900
2023-06-07 09:00:00,1930.0200
2023-06-07 10:00:00,1822.0100
2023-06-07 11:00:00,1533.3600
2023-06-07 12:00:00,0
2023-06-07 13:00:00,146.8900
2023-06-07 14:00:00,776.1200
2023-06-07 15:00:00,1499.8700
2023-06-07 16:00:00,929.3500
2023-06-07 17:00:00,802.5400
2023-06-07 18:00:00,369.3000
2023-06-07 19:00:00,1466.0400
2023-06-07 20:00:00,1309.3900
2023-06-07 21:00:00,1560.8300
2023-06-07 22:00:00,1126.9900
2023-06-07 23:00:00,0
2023-06-08 00:00:00,0
2023-06-08 01:00:00,0
2023-06-08 02:00:00,0
2023-06-08 03:00:00,0
2023-06-08 04:00:00,0
2023-06-08 05:00:00,177.8900
2023-06-08 06:00:00,419.7800
2023-06-08 07:00:00,1895.3000
2023-06-08 08:00:00,1161.0100
2023-06-08 09:00:00,2223.2400
2023-06-08 10:00:00,2392.2300
2023-06-08 11:00:00,2223.0200
2023-06-08 12:00:00,2014.7900
2023-06-08 13:00:00,2040.9000
2023-06-08 14:00:00,2061.3700
2023-06-08 15:00:00,2597.8000
2023-06-08 16:00:00,2236.0400
2023-06-08 17:00:00,1501.6800
2023-06-08 18:00:00,1613.3500
2023-06-08 19:00:00,1724.7300
2023-06-08 20:00:00,1729.0800
2023-06-08 21:00:00,1782.3600
2023-06-08 22:00:00,1595.2700
2023-06-08 23:00:00,176.0700
2023-06-09 00:00:00,0
2023-06-09 01:00:00,0
2023-06-09 02:00:00,0
2023-06-09 03:00:00,0
2023-06-09 04:00:00,0
2023-06-09 05:00:00,240.8500
2023-06-09 06:00:00,343.2500
2023-06-09 07:00:00,1333.1400
2023-06-09 08:00:00,630.3100
2023-06-09 09:00:00,1009.7500
2023-06-09 10:00:00,1333.5900
2023-06-09 11:00:00,2104.1300
2023-06-09 12:00:00,1345.7600
2023-06-09 13:00:00,2145.0500
2023-06-09 14:00:00,2296.3000
2023-06-09 15:00:00,1798.5100
2023-06-09 16:00:00,1570.3500
2023-06-09 17:00:00,1764.6700
2023-06-09 18:00:00,1294.8600
2023-06-09 19:00:00,1180.6400
2023-06-09 20:00:00,1376.8000
2023-06-09 21:00:00,1182.3200
2023-06-09 22:00:00,902.2300
2023-06-09 23:00:00,666.3900
2023-06-10 00:00:00,127.8300
2023-06-10 01:00:00,0
2023-06-10 02:00:00,0
2023-06-10 03:00:00,0
2023-06-10 04:00:00,0
2023-06-10 05:00:00,0
2023-06-10 06:00:00,0
2023-06-10 07:00:00,698.7300
2023-06-10 08:00:00,1140.9400
2023-06-10 09:00:00,72.8200
2023-06-10 10:00:00,488.9000
2023-06-10 11:00:00,1021.6300
2023-06-10 12:00:00,1431.8300
2023-06-10 13:00:00,1167.4200
2023-06-10 14:00:00,539.2400
2023-06-10 15:00:00,550.4700
2023-06-10 16:00:00,331.7600
2023-06-10 17:00:00,604.2600
2023-06-10 18:00:00,254.1900
2023-06-10 19:00:00,922.2300
2023-06-10 20:00:00,961.3500
2023-06-10 21:00:00,932.7600
2023-06-10 22:00:00,739.9900
2023-06-10 23:00:00,589.1400
2023-06-11 00:00:00,82.2700
2023-06-11 01:00:00,0
2023-06-11 02:00:00,0
2023-06-11 03:00:00,0
2023-06-11 04:00:00,0
2023-06-11 05:00:00,0
2023-06-11 06:00:00,0
2023-06-11 07:00:00,463.7500
2023-06-11 08:00:00,45.6800
2023-06-11 09:00:00,0
2023-06-11 10:00:00,0
2023-06-11 11:00:00,443.8000
2023-06-11 12:00:00,589.0500
2023-06-11 13:00:00,286.1100
2023-06-11 14:00:00,398.6600
2023-06-11 15:00:00,301.5100
2023-06-11 16:00:00,298.7900
2023-06-11 17:00:00,507.4700
2023-06-11 18:00:00,637.3600
2023-06-11 19:00:00,705.7700
2023-06-11 20:00:00,704.9100
2023-06-11 21:00:00,781.9800
2023-06-11 22:00:00,695.7100
2023-06-11 23:00:00,285.3700
2023-06-12 00:00:00,0
2023-06-12 01:00:00,0
2023-06-12 02:00:00,0
2023-06-12 03:00:00,0
2023-06-12 04:00:00,0
2023-06-12 05:00:00,0
2023-06-12 06:00:00,618.2700
2023-06-12 07:00:00,1405.1000
2023-06-12 08:00:00,1282.6700
2023-06-12 09:00:00,1279.1100
2023-06-12 10:00:00,916.2000
2023-06-12 11:00:00,438.3100
2023-06-12 12:00:00,1139.5400
2023-06-12 13:00:00,1374.8400
2023-06-12 14:00:00,1503.2200
2023-06-12 15:00:00,1505.7200
2023-06-12 16:00:00,1095.7600
2023-06-12 17:00:00,1078.4000
2023-06-12 18:00:00,1511.0600
2023-06-12 19:00:00,1311.4300
2023-06-12 20:00:00,820.7300
2023-06-12 21:00:00,622.4400
2023-06-12 22:00:00,479.2700
2023-06-12 23:00:00,144.4400
2023-06-13 00:00:00,0
2023-06-13 01:00:00,0
2023-06-13 02:00:00,0
2023-06-13 03:00:00,0
2023-06-13 04:00:00,0
2023-06-13 05:00:00,0
2023-06-13 06:00:00,406.5300
2023-06-13 07:00:00,1334.4900
2023-06-13 08:00:00,796.0800
2023-06-13 09:00:00,879.9600
2023-06-13 10:00:00,937.5600
2023-06-13 11:00:00,1026.6800
2023-06-13 12:00:00,881.5800
2023-06-13 13:00:00,942.1700
2023-06-13 14:00:00,425.6000
2023-06-13 15:00:00,1164.6900
2023-06-13 16:00:00,1230.4200
2023-06-13 17:00:00,1172.4600
2023-06-13 18:00:00,1789.2900
2023-06-13 19:00:00,980.5100
2023-06-13 20:00:00,772.8000
2023-06-13 21:00:00,675.9000
2023-06-13 22:00:00,491.6000
2023-06-13 23:00:00,0
2023-06-14 00:00:00,0
2023-06-14 01:00:00,0
2023-06-14 02:00:00,0
2023-06-14 03:00:00,0
2023-06-14 04:00:00,0
2023-06-14 05:00:00,0
2023-06-14 06:00:00,469.3200
2023-06-14 07:00:00,265.8700
2023-06-14 08:00:00,65.8100
2023-06-14 09:00:00,0
2023-06-14 10:00:00,0.5100
2023-06-14 11:00:00,47.0000
2023-06-14 12:00:00,14.5900
2023-06-14 13:00:00,23.3000
2023-06-14 14:00:00,0.0900
2023-06-14 15:00:00,40.5500
2023-06-14 16:00:00,631.6900
2023-06-14 17:00:00,587.4900
2023-06-14 18:00:00,924.6400
2023-06-14 19:00:00,1607.1400
2023-06-14 20:00:00,1047.8500
2023-06-14 21:00:00,930.8700
2023-06-14 22:00:00,720.7100
2023-06-14 23:00:00,618.6800
2023-06-15 00:00:00,0
2023-06-15 01:00:00,0
2023-06-15 02:00:00,0
2023-06-15 03:00:00,0
2023-06-15 04:00:00,0
2023-06-15 05:00:00,0
2023-06-15 06:00:00,275.5000
2023-06-15 07:00:00,1014.4300
2023-06-15 08:00:00,688.4700
2023-06-15 09:00:00,1061.9600
2023-06-15 10:00:00,1449.0900
2023-06-15 11:00:00,1379.5500
2023-06-15 12:00:00,1501.1800
2023-06-15 13:00:00,2030.1600
2023-06-15 14:00:00,1712.7600
2023-06-15 15:00:00,1311.7000
2023-06-15 16:00:00,1300.6400
2023-06-15 17:00:00,1141.5200
2023-06-15 18:00:00,1290.8300
2023-06-15 19:00:00,1469.3300
2023-06-15 20:00:00,883.5500
2023-06-15 21:00:00,768.0000
2023-06-15 22:00:00,578.4400
2023-06-15 23:00:00,93.6600
2023-06-16 00:00:00,0
2023-06-16 01:00:00,0
2023-06-16 02:00:00,0
2023-06-16 03:00:00,0
2023-06-16 04:00:00,0
2023-06-16 05:00:00,0
2023-06-16 06:00:00,223.0700
2023-06-16 07:00:00,1540.1800
2023-06-16 08:00:00,756.3300
2023-06-16 09:00:00,1720.6000
2023-06-16 10:00:00,2303
2023-06-16 11:00:00,2019.2100
2023-06-16 12:00:00,1587.4000
2023-06-16 13:00:00,1546.8000
2023-06-16 14:00:00,1396.4900
2023-06-16 15:00:00,2038.5800
2023-06-16 16:00:00,1838.3100
2023-06-16 17:00:00,1475.2200
2023-06-16 18:00:00,830.2700
2023-06-16 19:00:00,1319.6200
2023-06-16 20:00:00,932.5200
2023-06-16 21:00:00,780.0100
2023-06-16 22:00:00,0
2023-06-16 23:00:00,0
2023-06-17 00:00:00,0
2023-06-17 01:00:00,0
2023-06-17 02:00:00,0
2023-06-17 03:00:00,0
2023-06-17 04:00:00,0
2023-06-17 05:00:00,244.0300
2023-06-17 06:00:00,112.5700
2023-06-17 07:00:00,710.5000
2023-06-17 08:00:00,335.3700
2023-06-17 09:00:00,0
2023-06-17 10:00:00,0
2023-06-17 11:00:00,0
2023-06-17 12:00:00,0
2023-06-17 13:00:00,280.7700
2023-06-17 14:00:00,517.6000
2023-06-17 15:00:00,1174.3800
2023-06-17 16:00:00,1543.3500
2023-06-17 17:00:00,1789
2023-06-17 18:00:00,1809.4500
2023-06-17 19:00:00,1757.9200
2023-06-17 20:00:00,1607.7900
2023-06-17 21:00:00,1155.3900
2023-06-17 22:00:00,951.6200
2023-06-17 23:00:00,583.0300
2023-06-18 00:00:00,275.0400
2023-06-18 01:00:00,2.8500
2023-06-18 02:00:00,0
2023-06-18 03:00:00,0
2023-06-18 04:00:00,0
2023-06-18 05:00:00,0
2023-06-18 06:00:00,85.3800
2023-06-18 07:00:00,0
2023-06-18 08:00:00,0
2023-06-18 09:00:00,0
2023-06-18 10:00:00,0
2023-06-18 11:00:00,0
2023-06-18 12:00:00,0
2023-06-18 13:00:00,0
2023-06-18 14:00:00,0
2023-06-18 15:00:00,0
2023-06-18 16:00:00,0
2023-06-18 17:00:00,0
2023-06-18 18:00:00,544.9200
2023-06-18 19:00:00,1682.0800
2023-06-18 20:00:00,688.3300
2023-06-18 21:00:00,670.6700
2023-06-18 22:00:00,574.2200
2023-06-18 23:00:00,560.4600
2023-06-19 00:00:00,83.2000
2023-06-19 01:00:00,1.4700
2023-06-19 02:00:00,0
2023-06-19 03:00:00,0
2023-06-19 04:00:00,0
2023-06-19 05:00:00,0
2023-06-19 06:00:00,69.1300
2023-06-19 07:00:00,420.8900
2023-06-19 08:00:00,0
2023-06-19 09:00:00,0
2023-06-19 10:00:00,0
2023-06-19 11:00:00,0
2023-06-19 12:00:00,0
2023-06-19 13:00:00,0
2023-06-19 14:00:00,0
2023-06-19 15:00:00,0
2023-06-19 16:00:00,0
2023-06-19 17:00:00,0
2023-06-19 18:00:00,406.1400
2023-06-19 19:00:00,1461.0000
2023-06-19 20:00:00,1094.1200
2023-06-19 21:00:00,756.6200
2023-06-19 22:00:00,693.1200
2023-06-19 23:00:00,538.0800
2023-06-20 00:00:00,0
2023-06-20 01:00:00,0
2023-06-20 02:00:00,0
2023-06-20 03:00:00,0
2023-06-20 04:00:00,0
2023-06-20 05:00:00,0
2023-06-20 06:00:00,145.8200
2023-06-20 07:00:00,0
2023-06-20 08:00:00,0
2023-06-20 09:00:00,0
2023-06-20 10:00:00,0
2023-06-20 11:00:00,0
2023-06-20 12:00:00,0
2023-06-20 13:00:00,0
2023-06-20 14:00:00,0
2023-06-20 15:00:00,0
2023-06-20 16:00:00,0
2023-06-20 17:00:00,0
2023-06-20 18:00:00,1316.6300
2023-06-20 19:00:00,1419.7800
2023-06-20 20:00:00,1388.0900
2023-06-20 21:00:00,1098.4300
2023-06-20 22:00:00,871.3000
2023-06-20 23:00:00,0
2023-06-21 00:00:00,0
2023-06-21 01:00:00,87.7200
2023-06-21 02:00:00,0
2023-06-21 03:00:00,0
2023-06-21 04:00:00,0
2023-06-21 05:00:00,603
2023-06-21 06:00:00,217.4600
2023-06-21 07:00:00,158.4700
2023-06-21 08:00:00,0
2023-06-21 09:00:00,0
2023-06-21 10:00:00,0
2023-06-21 11:00:00,0
2023-06-21 12:00:00,0
2023-06-21 13:00:00,0
2023-06-21 14:00:00,0
2023-06-21 15:00:00,0
2023-06-21 16:00:00,0
2023-06-21 17:00:00,0
2023-06-21 18:00:00,1673.9400
2023-06-21 19:00:00,1214.4500
2023-06-21 20:00:00,1143.5400
2023-06-21 21:00:00,1032.1800
2023-06-21 22:00:00,681.8500
2023-06-21 23:00:00,0
2023-06-22 00:00:00,169.5600
2023-06-22 01:00:00,0
2023-06-22 02:00:00,0
2023-06-22 03:00:00,0
2023-06-22 04:00:00,0
2023-06-22 05:00:00,156.7600
2023-06-22 06:00:00,404.3700
2023-06-22 07:00:00,251.7900
2023-06-22 08:00:00,0
2023-06-22 09:00:00,0
2023-06-22 10:00:00,0
2023-06-22 11:00:00,0
2023-06-22 12:00:00,953.0400
2023-06-22 13:00:00,969.2500
2023-06-22 14:00:00,522.7500
2023-06-22 15:00:00,0
2023-06-22 16:00:00,366.5800
2023-06-22 17:00:00,2313.9300
2023-06-22 18:00:00,2037.1200
2023-06-22 19:00:00,428.1400
2023-06-22 20:00:00,1673.4800
2023-06-22 21:00:00,1294.4100
2023-06-22 22:00:00,801.4600
2023-06-22 23:00:00,681.9400
2023-06-23 00:00:00,326.6100
2023-06-23 01:00:00,0
2023-06-23 02:00:00,0
2023-06-23 03:00:00,0
2023-06-23 04:00:00,0
2023-06-23 05:00:00,0
2023-06-23 06:00:00,301.5300
2023-06-23 07:00:00,1097.1600
2023-06-23 08:00:00,0
2023-06-23 09:00:00,0
2023-06-23 10:00:00,0
2023-06-23 11:00:00,0
2023-06-23 12:00:00,0
2023-06-23 13:00:00,0
2023-06-23 14:00:00,495.2200
2023-06-23 15:00:00,0
2023-06-23 16:00:00,0
2023-06-23 17:00:00,1368.0100
2023-06-23 18:00:00,1706.9700
2023-06-23 19:00:00,1048.1900
2023-06-23 20:00:00,852.7700
2023-06-23 21:00:00,836.8700
2023-06-23 22:00:00,731.7700
2023-06-23 23:00:00,686.3700
2023-06-24 00:00:00,191.7100
2023-06-24 01:00:00,42.9900
2023-06-24 02:00:00,0
2023-06-24 03:00:00,0
2023-06-24 04:00:00,0
2023-06-24 05:00:00,0
2023-06-24 06:00:00,388.2100
2023-06-24 07:00:00,884.7100
2023-06-24 08:00:00,102.9500
2023-06-24 09:00:00,0
2023-06-24 10:00:00,387.0900
2023-06-24 11:00:00,378.8800
2023-06-24 12:00:00,89.2000
2023-06-24 13:00:00,339.4200
2023-06-24 14:00:00,90.1200
2023-06-24 15:00:00,725.1600
2023-06-24 16:00:00,1089.5200
2023-06-24 17:00:00,1965.5200
2023-06-24 18:00:00,2047.4100
2023-06-24 19:00:00,1165.4400
2023-06-24 20:00:00,742.8700
2023-06-24 21:00:00,492.1800
2023-06-24 22:00:00,336.8900
2023-06-24 23:00:00,0
2023-06-25 00:00:00,175.2300
2023-06-25 01:00:00,66.5400
2023-06-25 02:00:00,0
2023-06-25 03:00:00,0
2023-06-25 04:00:00,0
2023-06-25 05:00:00,0
2023-06-25 06:00:00,226.0600
2023-06-25 07:00:00,119.9800
2023-06-25 08:00:00,0
2023-06-25 09:00:00,0
2023-06-25 10:00:00,0
2023-06-25 11:00:00,0
2023-06-25 12:00:00,0
2023-06-25 13:00:00,0
2023-06-25 14:00:00,0
2023-06-25 15:00:00,742.0800
2023-06-25 16:00:00,1061.5400
2023-06-25 17:00:00,1981.1800
2023-06-25 18:00:00,1775.1100
2023-06-25 19:00:00,864.5900
2023-06-25 20:00:00,684.0600
2023-06-25 21:00:00,486.9100
2023-06-25 22:00:00,392.5600
2023-06-25 23:00:00,354.0000
2023-06-26 00:00:00,0
2023-06-26 01:00:00,0
2023-06-26 02:00:00,0
2023-06-26 03:00:00,0
2023-06-26 04:00:00,0
2023-06-26 05:00:00,0
2023-06-26 06:00:00,469.9300
2023-06-26 07:00:00,1386.9700
2023-06-26 08:00:00,302.0000
2023-06-26 09:00:00,408.8500
2023-06-26 10:00:00,627.6300
2023-06-26 11:00:00,809.9900
2023-06-26 12:00:00,877.4500
2023-06-26 13:00:00,1377.3100
2023-06-26 14:00:00,1741.7300
2023-06-26 15:00:00,1995.5400
2023-06-26 16:00:00,2046.4900
2023-06-26 17:00:00,2675.3000
2023-06-26 18:00:00,2322.1500
2023-06-26 19:00:00,1611.4300
2023-06-26 20:00:00,1514.9500
2023-06-26 21:00:00,1213.8400
2023-06-26 22:00:00,0
2023-06-26 23:00:00,0
2023-06-27 00:00:00,0
2023-06-27 01:00:00,0
2023-06-27 02:00:00,0
2023-06-27 03:00:00,0
2023-06-27 04:00:00,0
2023-06-27 05:00:00,385.8500
2023-06-27 06:00:00,422.9100
2023-06-27 07:00:00,1426.7900
2023-06-27 08:00:00,942.7600
2023-06-27 09:00:00,789.7000
2023-06-27 10:00:00,843.5300
2023-06-27 11:00:00,1548.0400
2023-06-27 12:00:00,1737.4500
2023-06-27 13:00:00,2098.1400
2023-06-27 14:00:00,2218.6200
2023-06-27 15:00:00,2761.3900
2023-06-27 16:00:00,2975.9300
2023-06-27 17:00:00,3009.5200
2023-06-27 18:00:00,2751.7800
2023-06-27 19:00:00,1936.1100
2023-06-27 20:00:00,1804.3800
2023-06-27 21:00:00,1847.1600
2023-06-27 22:00:00,0
2023-06-27 23:00:00,0
2023-06-28 00:00:00,244.5900
2023-06-28 01:00:00,0
2023-06-28 02:00:00,0
2023-06-28 03:00:00,0
2023-06-28 04:00:00,0
2023-06-28 05:00:00,132.2000
2023-06-28 06:00:00,309.0100
2023-06-28 07:00:00,1765.3500
2023-06-28 08:00:00,940.0000
2023-06-28 09:00:00,1266.9300
2023-06-28 10:00:00,1624.9300
2023-06-28 11:00:00,1784.7000
2023-06-28 12:00:00,1752.8700
2023-06-28 13:00:00,2115.9700
2023-06-28 14:00:00,2183.0800
2023-06-28 15:00:00,2448.0000
2023-06-28 16:00:00,2296.3900
2023-06-28 17:00:00,2680.2200
2023-06-28 18:00:00,2177.6000
2023-06-28 19:00:00,1954.3100
2023-06-28 20:00:00,1108.3900
2023-06-28 21:00:00,1032.5400
2023-06-28 22:00:00,0
2023-06-28 23:00:00,817.9500
2023-06-29 00:00:00,0
2023-06-29 01:00:00,486.1800
2023-06-29 02:00:00,0
2023-06-29 03:00:00,0
2023-06-29 04:00:00,0
2023-06-29 05:00:00,172.6500
2023-06-29 06:00:00,766.1800
2023-06-29 07:00:00,1861.3700
2023-06-29 08:00:00,1301.2300
2023-06-29 09:00:00,1592.1800
2023-06-29 10:00:00,1778.5000
2023-06-29 11:00:00,1645.0300
2023-06-29 12:00:00,2046.4800
2023-06-29 13:00:00,3120.7300
2023-06-29 14:00:00,3382.5100
2023-06-29 15:00:00,3759.2900
2023-06-29 16:00:00,3681.4500
2023-06-29 17:00:00,3632.1800
2023-06-29 18:00:00,2971.9200
2023-06-29 19:00:00,1671.2800
2023-06-29 20:00:00,1207.5300
2023-06-29 21:00:00,0
2023-06-29 22:00:00,0
2023-06-29 23:00:00,0
2023-06-30 00:00:00,0
2023-06-30 01:00:00,0
2023-06-30 02:00:00,0
2023-06-30 03:00:00,0
2023-06-30 04:00:00,0
2023-06-30 05:00:00,0
2023-06-30 06:00:00,558.4500
2023-06-30 07:00:00,2051.7000
2023-06-30 08:00:00,1443.7200
2023-06-30 09:00:00,2084.6100
2023-06-30 10:00:00,2285.2000
2023-06-30 11:00:00,920.0600
2023-06-30 12:00:00,1521.9100
2023-06-30 13:00:00,3368.4400
2023-06-30 14:00:00,4262.1200
2023-06-30 15:00:00,5099.1300
2023-06-30 16:00:00,5541.0100
2023-06-30 17:00:00,5619.1500
2023-06-30 18:00:00,4854.9500
2023-06-30 19:00:00,2739.4500
2023-06-30 20:00:00,1169.1000
2023-06-30 21:00:00,1121.6300
2023-06-30 22:00:00,828.6900
2023-06-30 23:00:00,0
