date,volume_offeredcapacity_others
2023-04-01 00:00:00,0
2023-04-01 01:00:00,0
2023-04-01 02:00:00,0
2023-04-01 03:00:00,0
2023-04-01 04:00:00,0
2023-04-01 05:00:00,0
2023-04-01 06:00:00,0.1837
2023-04-01 07:00:00,-0.2627
2023-04-01 08:00:00,0.0242
2023-04-01 09:00:00,0.0308
2023-04-01 10:00:00,0.0715
2023-04-01 11:00:00,2.1014
2023-04-01 12:00:00,2.2526
2023-04-01 13:00:00,0.7127
2023-04-01 14:00:00,0.7576
2023-04-01 15:00:00,1.8322
2023-04-01 16:00:00,3.4513
2023-04-01 17:00:00,0.0248
2023-04-01 18:00:00,0.3696
2023-04-01 19:00:00,-0.0289
2023-04-01 20:00:00,-0.0363
2023-04-01 21:00:00,0
2023-04-01 22:00:00,-0.0670
2023-04-01 23:00:00,0
2023-04-02 00:00:00,-0.3180
2023-04-02 01:00:00,0
2023-04-02 02:00:00,0
2023-04-02 03:00:00,0
2023-04-02 04:00:00,0
2023-04-02 05:00:00,0
2023-04-02 06:00:00,0.1758
2023-04-02 07:00:00,-0.4289
2023-04-02 08:00:00,1.0587
2023-04-02 09:00:00,1.4486
2023-04-02 10:00:00,0.6986
2023-04-02 11:00:00,0.6324
2023-04-02 12:00:00,0.6125
2023-04-02 13:00:00,0.7491
2023-04-02 14:00:00,0.7916
2023-04-02 15:00:00,1.7414
2023-04-02 16:00:00,4.1414
2023-04-02 17:00:00,0.1384
2023-04-02 18:00:00,-0.7094
2023-04-02 19:00:00,-0.1798
2023-04-02 20:00:00,0.1119
2023-04-02 21:00:00,0.0674
2023-04-02 22:00:00,0.0315
2023-04-02 23:00:00,0.0006
2023-04-03 00:00:00,0
2023-04-03 01:00:00,0
2023-04-03 02:00:00,0
2023-04-03 03:00:00,0
2023-04-03 04:00:00,0.0009
2023-04-03 05:00:00,-0.0329
2023-04-03 06:00:00,-0.0335
2023-04-03 07:00:00,-3.4963
2023-04-03 08:00:00,-3.0836
2023-04-03 09:00:00,-3.2855
2023-04-03 10:00:00,0.6604
2023-04-03 11:00:00,-0.0092
2023-04-03 12:00:00,-0.3416
2023-04-03 13:00:00,0.4094
2023-04-03 14:00:00,0.7570
2023-04-03 15:00:00,0.2193
2023-04-03 16:00:00,0.2714
2023-04-03 17:00:00,0.6778
2023-04-03 18:00:00,-0.4438
2023-04-03 19:00:00,0.0917
2023-04-03 20:00:00,-0.0089
2023-04-03 21:00:00,0.0708
2023-04-03 22:00:00,0.0653
2023-04-03 23:00:00,0.0002
2023-04-04 00:00:00,0.0002
2023-04-04 01:00:00,0
2023-04-04 02:00:00,0.0006
2023-04-04 03:00:00,0.0018
2023-04-04 04:00:00,0.0001
2023-04-04 05:00:00,-0.0679
2023-04-04 06:00:00,-0.1185
2023-04-04 07:00:00,-0.0939
2023-04-04 08:00:00,0.0583
2023-04-04 09:00:00,-0.0131
2023-04-04 10:00:00,0.0318
2023-04-04 11:00:00,0.0368
2023-04-04 12:00:00,0.0719
2023-04-04 13:00:00,0.8768
2023-04-04 14:00:00,0.9630
2023-04-04 15:00:00,14.9575
2023-04-04 16:00:00,7.0719
2023-04-04 17:00:00,0.0190
2023-04-04 18:00:00,-1.1130
2023-04-04 19:00:00,-0.6085
2023-04-04 20:00:00,0.1048
2023-04-04 21:00:00,0.0878
2023-04-04 22:00:00,0.0004
2023-04-04 23:00:00,0.0001
2023-04-05 00:00:00,0.0015
2023-04-05 01:00:00,0.0005
2023-04-05 02:00:00,0.0010
2023-04-05 03:00:00,0.0004
2023-04-05 04:00:00,0.0058
2023-04-05 05:00:00,-0.0339
2023-04-05 06:00:00,0.1588
2023-04-05 07:00:00,-3.6868
2023-04-05 08:00:00,-0.3633
2023-04-05 09:00:00,0.0907
2023-04-05 10:00:00,0.0828
2023-04-05 11:00:00,0.2936
2023-04-05 12:00:00,3.6624
2023-04-05 13:00:00,5.1576
2023-04-05 14:00:00,0.8685
2023-04-05 15:00:00,-0.0661
2023-04-05 16:00:00,6.7479
2023-04-05 17:00:00,0.1758
2023-04-05 18:00:00,0.1335
2023-04-05 19:00:00,-3.7477
2023-04-05 20:00:00,-1.6088
2023-04-05 21:00:00,-0.8090
2023-04-05 22:00:00,0.1421
2023-04-05 23:00:00,0.0360
2023-04-06 00:00:00,0.0061
2023-04-06 01:00:00,0.0003
2023-04-06 02:00:00,0
2023-04-06 03:00:00,0
2023-04-06 04:00:00,0
2023-04-06 05:00:00,0
2023-04-06 06:00:00,0.2580
2023-04-06 07:00:00,-0.7928
2023-04-06 08:00:00,0.0775
2023-04-06 09:00:00,0.0488
2023-04-06 10:00:00,0.0980
2023-04-06 11:00:00,0.0479
2023-04-06 12:00:00,0.1730
2023-04-06 13:00:00,-0.0454
2023-04-06 14:00:00,0.0425
2023-04-06 15:00:00,-0.1968
2023-04-06 16:00:00,0.0388
2023-04-06 17:00:00,0.2151
2023-04-06 18:00:00,0.3394
2023-04-06 19:00:00,-0.4023
2023-04-06 20:00:00,-1.1124
2023-04-06 21:00:00,-0.1702
2023-04-06 22:00:00,-0.0544
2023-04-06 23:00:00,-0.1993
2023-04-07 00:00:00,0
2023-04-07 01:00:00,0
2023-04-07 02:00:00,0
2023-04-07 03:00:00,0
2023-04-07 04:00:00,0
2023-04-07 05:00:00,0
2023-04-07 06:00:00,-0.0637
2023-04-07 07:00:00,-0.2098
2023-04-07 08:00:00,0.1563
2023-04-07 09:00:00,0.2477
2023-04-07 10:00:00,0.0826
2023-04-07 11:00:00,0.0258
2023-04-07 12:00:00,0.0110
2023-04-07 13:00:00,0.0207
2023-04-07 14:00:00,0.5071
2023-04-07 15:00:00,0.1485
2023-04-07 16:00:00,-0.3420
2023-04-07 17:00:00,0.0315
2023-04-07 18:00:00,0.1491
2023-04-07 19:00:00,0
2023-04-07 20:00:00,-1.9691
2023-04-07 21:00:00,-0.0001
2023-04-07 22:00:00,-0.0229
2023-04-07 23:00:00,-1.4589
2023-04-08 00:00:00,-0.1431
2023-04-08 01:00:00,0
2023-04-08 02:00:00,0
2023-04-08 03:00:00,0
2023-04-08 04:00:00,0
2023-04-08 05:00:00,0
2023-04-08 06:00:00,0.2159
2023-04-08 07:00:00,-0.7618
2023-04-08 08:00:00,0.0323
2023-04-08 09:00:00,0.0049
2023-04-08 10:00:00,0.2009
2023-04-08 11:00:00,0.1941
2023-04-08 12:00:00,0.0716
2023-04-08 13:00:00,0.2465
2023-04-08 14:00:00,0.1399
2023-04-08 15:00:00,0.0066
2023-04-08 16:00:00,0
2023-04-08 17:00:00,0.0892
2023-04-08 18:00:00,0.3567
2023-04-08 19:00:00,-0.1289
2023-04-08 20:00:00,-0.3346
2023-04-08 21:00:00,0.0477
2023-04-08 22:00:00,0.0814
2023-04-08 23:00:00,-0.1100
2023-04-09 00:00:00,0.0008
2023-04-09 01:00:00,0
2023-04-09 02:00:00,0.0004
2023-04-09 03:00:00,0
2023-04-09 04:00:00,0
2023-04-09 05:00:00,-0.0496
2023-04-09 06:00:00,0.1455
2023-04-09 07:00:00,-0.7140
2023-04-09 08:00:00,0.0123
2023-04-09 09:00:00,0.0148
2023-04-09 10:00:00,0.0527
2023-04-09 11:00:00,0.0145
2023-04-09 12:00:00,-0.0092
2023-04-09 13:00:00,-0.0157
2023-04-09 14:00:00,-0.0402
2023-04-09 15:00:00,0.0744
2023-04-09 16:00:00,0.0426
2023-04-09 17:00:00,-2.3335
2023-04-09 18:00:00,-1.5625
2023-04-09 19:00:00,-0.6079
2023-04-09 20:00:00,-0.0240
2023-04-09 21:00:00,-0.1303
2023-04-09 22:00:00,0.1038
2023-04-09 23:00:00,0.0207
2023-04-10 00:00:00,0.0097
2023-04-10 01:00:00,0
2023-04-10 02:00:00,0.0002
2023-04-10 03:00:00,0.0002
2023-04-10 04:00:00,0
2023-04-10 05:00:00,-0.0365
2023-04-10 06:00:00,0.3589
2023-04-10 07:00:00,-4.6174
2023-04-10 08:00:00,-1.1324
2023-04-10 09:00:00,0.1016
2023-04-10 10:00:00,0.2597
2023-04-10 11:00:00,0.0047
2023-04-10 12:00:00,0.0281
2023-04-10 13:00:00,-0.0025
2023-04-10 14:00:00,0.0210
2023-04-10 15:00:00,0.0119
2023-04-10 16:00:00,0.0097
2023-04-10 17:00:00,0.2778
2023-04-10 18:00:00,-0.2058
2023-04-10 19:00:00,-0.0041
2023-04-10 20:00:00,0.0276
2023-04-10 21:00:00,0.1735
2023-04-10 22:00:00,0.0001
2023-04-10 23:00:00,0
2023-04-11 00:00:00,0.0023
2023-04-11 01:00:00,0.0005
2023-04-11 02:00:00,0.0123
2023-04-11 03:00:00,0.0004
2023-04-11 04:00:00,0.0002
2023-04-11 05:00:00,-0.0210
2023-04-11 06:00:00,0.1761
2023-04-11 07:00:00,-0.1741
2023-04-11 08:00:00,0.0427
2023-04-11 09:00:00,0.0691
2023-04-11 10:00:00,0.2946
2023-04-11 11:00:00,0.0989
2023-04-11 12:00:00,0.3104
2023-04-11 13:00:00,0.0854
2023-04-11 14:00:00,0.0108
2023-04-11 15:00:00,0
2023-04-11 16:00:00,0.2217
2023-04-11 17:00:00,0.1904
2023-04-11 18:00:00,-0.7943
2023-04-11 19:00:00,0.0776
2023-04-11 20:00:00,-0.0238
2023-04-11 21:00:00,-0.5801
2023-04-11 22:00:00,-1.6911
2023-04-11 23:00:00,-0.1541
2023-04-12 00:00:00,0
2023-04-12 01:00:00,0
2023-04-12 02:00:00,0
2023-04-12 03:00:00,0
2023-04-12 04:00:00,0
2023-04-12 05:00:00,0
2023-04-12 06:00:00,0.3583
2023-04-12 07:00:00,0.1048
2023-04-12 08:00:00,0.3777
2023-04-12 09:00:00,0.0753
2023-04-12 10:00:00,-0.0034
2023-04-12 11:00:00,-0.4362
2023-04-12 12:00:00,0.0559
2023-04-12 13:00:00,0.0038
2023-04-12 14:00:00,-0.5290
2023-04-12 15:00:00,0.2025
2023-04-12 16:00:00,0.2461
2023-04-12 17:00:00,0.1219
2023-04-12 18:00:00,0.3193
2023-04-12 19:00:00,0.1403
2023-04-12 20:00:00,0.0157
2023-04-12 21:00:00,0.0177
2023-04-12 22:00:00,0.0093
2023-04-12 23:00:00,-0.1567
2023-04-13 00:00:00,0
2023-04-13 01:00:00,0
2023-04-13 02:00:00,0
2023-04-13 03:00:00,0.0002
2023-04-13 04:00:00,0
2023-04-13 05:00:00,0.0010
2023-04-13 06:00:00,0.3231
2023-04-13 07:00:00,0.4231
2023-04-13 08:00:00,-0.1031
2023-04-13 09:00:00,-0.0126
2023-04-13 10:00:00,0.0247
2023-04-13 11:00:00,0.0573
2023-04-13 12:00:00,0.0342
2023-04-13 13:00:00,-0.0213
2023-04-13 14:00:00,-0.0023
2023-04-13 15:00:00,0.0665
2023-04-13 16:00:00,0.0289
2023-04-13 17:00:00,0.0477
2023-04-13 18:00:00,-1.4807
2023-04-13 19:00:00,0.1892
2023-04-13 20:00:00,0.0454
2023-04-13 21:00:00,0.0193
2023-04-13 22:00:00,0.0155
2023-04-13 23:00:00,0.1048
2023-04-14 00:00:00,0.0060
2023-04-14 01:00:00,0
2023-04-14 02:00:00,0
2023-04-14 03:00:00,0.0004
2023-04-14 04:00:00,0.0017
2023-04-14 05:00:00,0.0007
2023-04-14 06:00:00,0.2612
2023-04-14 07:00:00,0.4542
2023-04-14 08:00:00,0.0141
2023-04-14 09:00:00,0.0098
2023-04-14 10:00:00,0.0309
2023-04-14 11:00:00,0.0507
2023-04-14 12:00:00,0.0711
2023-04-14 13:00:00,-0.0071
2023-04-14 14:00:00,0.0014
2023-04-14 15:00:00,0
2023-04-14 16:00:00,0
2023-04-14 17:00:00,0.1956
2023-04-14 18:00:00,-0.7346
2023-04-14 19:00:00,0.0192
2023-04-14 20:00:00,-0.0009
2023-04-14 21:00:00,0.0654
2023-04-14 22:00:00,0.0485
2023-04-14 23:00:00,0.1039
2023-04-15 00:00:00,0.0009
2023-04-15 01:00:00,0
2023-04-15 02:00:00,0
2023-04-15 03:00:00,0.0002
2023-04-15 04:00:00,0
2023-04-15 05:00:00,-0.0314
2023-04-15 06:00:00,0.0724
2023-04-15 07:00:00,0.2575
2023-04-15 08:00:00,0.0051
2023-04-15 09:00:00,0.0306
2023-04-15 10:00:00,0.0608
2023-04-15 11:00:00,0.0060
2023-04-15 12:00:00,0.0016
2023-04-15 13:00:00,-0.0120
2023-04-15 14:00:00,0.0265
2023-04-15 15:00:00,0.0363
2023-04-15 16:00:00,0.0603
2023-04-15 17:00:00,0.1637
2023-04-15 18:00:00,-0.4772
2023-04-15 19:00:00,0.2158
2023-04-15 20:00:00,-0.0011
2023-04-15 21:00:00,0.0020
2023-04-15 22:00:00,-0.0334
2023-04-15 23:00:00,-0.3662
2023-04-16 00:00:00,-0.1275
2023-04-16 01:00:00,0.0001
2023-04-16 02:00:00,0.0002
2023-04-16 03:00:00,0
2023-04-16 04:00:00,0.0002
2023-04-16 05:00:00,-0.0342
2023-04-16 06:00:00,0.0575
2023-04-16 07:00:00,0.4289
2023-04-16 08:00:00,0.0295
2023-04-16 09:00:00,0.3999
2023-04-16 10:00:00,0.0957
2023-04-16 11:00:00,0.0054
2023-04-16 12:00:00,0.0027
2023-04-16 13:00:00,-0.0017
2023-04-16 14:00:00,0.0210
2023-04-16 15:00:00,0.3775
2023-04-16 16:00:00,0.0298
2023-04-16 17:00:00,0.2065
2023-04-16 18:00:00,0.2459
2023-04-16 19:00:00,-0.0339
2023-04-16 20:00:00,-0.0252
2023-04-16 21:00:00,0.0037
2023-04-16 22:00:00,0.0647
2023-04-16 23:00:00,0.1117
2023-04-17 00:00:00,0.0011
2023-04-17 01:00:00,0.0003
2023-04-17 02:00:00,0.0002
2023-04-17 03:00:00,0.0004
2023-04-17 04:00:00,0.0008
2023-04-17 05:00:00,-0.0339
2023-04-17 06:00:00,0.2041
2023-04-17 07:00:00,0.3856
2023-04-17 08:00:00,0.0343
2023-04-17 09:00:00,0.0455
2023-04-17 10:00:00,0.0062
2023-04-17 11:00:00,0.0324
2023-04-17 12:00:00,0.0006
2023-04-17 13:00:00,-0.0026
2023-04-17 14:00:00,0
2023-04-17 15:00:00,0.0106
2023-04-17 16:00:00,0.0368
2023-04-17 17:00:00,0.0794
2023-04-17 18:00:00,-1.9814
2023-04-17 19:00:00,0.0618
2023-04-17 20:00:00,-0.0237
2023-04-17 21:00:00,0.0923
2023-04-17 22:00:00,0.0723
2023-04-17 23:00:00,0.0003
2023-04-18 00:00:00,0.0072
2023-04-18 01:00:00,0.0010
2023-04-18 02:00:00,0.0026
2023-04-18 03:00:00,0.0251
2023-04-18 04:00:00,0.0018
2023-04-18 05:00:00,0.0387
2023-04-18 06:00:00,0.2704
2023-04-18 07:00:00,0.3545
2023-04-18 08:00:00,0.0309
2023-04-18 09:00:00,0.0181
2023-04-18 10:00:00,-0.0032
2023-04-18 11:00:00,-0.0055
2023-04-18 12:00:00,0.0146
2023-04-18 13:00:00,-0.0168
2023-04-18 14:00:00,0.0914
2023-04-18 15:00:00,0.1108
2023-04-18 16:00:00,0.3239
2023-04-18 17:00:00,0.8657
2023-04-18 18:00:00,-0.9406
2023-04-18 19:00:00,0.3899
2023-04-18 20:00:00,0.0913
2023-04-18 21:00:00,0.0202
2023-04-18 22:00:00,0.0196
2023-04-18 23:00:00,0.0015
2023-04-19 00:00:00,0.0130
2023-04-19 01:00:00,0.0052
2023-04-19 02:00:00,0
2023-04-19 03:00:00,0.0007
2023-04-19 04:00:00,0.0388
2023-04-19 05:00:00,-0.0114
2023-04-19 06:00:00,-0.2325
2023-04-19 07:00:00,-1.2439
2023-04-19 08:00:00,0.0863
2023-04-19 09:00:00,0.0155
2023-04-19 10:00:00,0.5290
2023-04-19 11:00:00,0.6366
2023-04-19 12:00:00,0.5831
2023-04-19 13:00:00,0.4413
2023-04-19 14:00:00,0.5826
2023-04-19 15:00:00,0.5910
2023-04-19 16:00:00,0.0137
2023-04-19 17:00:00,-1.3402
2023-04-19 18:00:00,-4.1472
2023-04-19 19:00:00,0.3860
2023-04-19 20:00:00,0.0282
2023-04-19 21:00:00,0.0841
2023-04-19 22:00:00,0
2023-04-19 23:00:00,0
2023-04-20 00:00:00,0
2023-04-20 01:00:00,0
2023-04-20 02:00:00,0
2023-04-20 03:00:00,0
2023-04-20 04:00:00,0
2023-04-20 05:00:00,0
2023-04-20 06:00:00,0.4728
2023-04-20 07:00:00,0.2612
2023-04-20 08:00:00,-0.4358
2023-04-20 09:00:00,-0.5505
2023-04-20 10:00:00,-0.2663
2023-04-20 11:00:00,0.0101
2023-04-20 12:00:00,-0.7857
2023-04-20 13:00:00,-1.2049
2023-04-20 14:00:00,-0.6635
2023-04-20 15:00:00,-1.5303
2023-04-20 16:00:00,-0.0684
2023-04-20 17:00:00,0.0517
2023-04-20 18:00:00,-2.9819
2023-04-20 19:00:00,0.4215
2023-04-20 20:00:00,0
2023-04-20 21:00:00,0
2023-04-20 22:00:00,0
2023-04-20 23:00:00,0
2023-04-21 00:00:00,0
2023-04-21 01:00:00,0
2023-04-21 02:00:00,0
2023-04-21 03:00:00,0
2023-04-21 04:00:00,0
2023-04-21 05:00:00,0
2023-04-21 06:00:00,0.5022
2023-04-21 07:00:00,0.2737
2023-04-21 08:00:00,-0.6397
2023-04-21 09:00:00,-0.7833
2023-04-21 10:00:00,0
2023-04-21 11:00:00,-0.7733
2023-04-21 12:00:00,-1.1105
2023-04-21 13:00:00,-0.6918
2023-04-21 14:00:00,-0.1603
2023-04-21 15:00:00,0.0009
2023-04-21 16:00:00,-0.0500
2023-04-21 17:00:00,0.2608
2023-04-21 18:00:00,-1.6281
2023-04-21 19:00:00,0.4453
2023-04-21 20:00:00,0
2023-04-21 21:00:00,0
2023-04-21 22:00:00,0
2023-04-21 23:00:00,0
2023-04-22 00:00:00,0
2023-04-22 01:00:00,0
2023-04-22 02:00:00,0
2023-04-22 03:00:00,0
2023-04-22 04:00:00,0
2023-04-22 05:00:00,0
2023-04-22 06:00:00,0.5073
2023-04-22 07:00:00,0.4031
2023-04-22 08:00:00,0.0855
2023-04-22 09:00:00,0.0121
2023-04-22 10:00:00,0.0689
2023-04-22 11:00:00,0.0303
2023-04-22 12:00:00,0.0086
2023-04-22 13:00:00,0.0335
2023-04-22 14:00:00,0.0142
2023-04-22 15:00:00,0.0231
2023-04-22 16:00:00,0.0334
2023-04-22 17:00:00,0.0409
2023-04-22 18:00:00,-1.6465
2023-04-22 19:00:00,0.3877
2023-04-22 20:00:00,0.1036
2023-04-22 21:00:00,0.0073
2023-04-22 22:00:00,0.0031
2023-04-22 23:00:00,-0.0471
2023-04-23 00:00:00,0.0002
2023-04-23 01:00:00,0
2023-04-23 02:00:00,0.0003
2023-04-23 03:00:00,0
2023-04-23 04:00:00,0.0024
2023-04-23 05:00:00,0.0002
2023-04-23 06:00:00,0.3911
2023-04-23 07:00:00,0.3241
2023-04-23 08:00:00,0.0963
2023-04-23 09:00:00,-0.0272
2023-04-23 10:00:00,0.0854
2023-04-23 11:00:00,-0.0051
2023-04-23 12:00:00,0.0033
2023-04-23 13:00:00,0.0029
2023-04-23 14:00:00,0.0016
2023-04-23 15:00:00,-0.0006
2023-04-23 16:00:00,0.0096
2023-04-23 17:00:00,0.0318
2023-04-23 18:00:00,0.1862
2023-04-23 19:00:00,0.4457
2023-04-23 20:00:00,0.0006
2023-04-23 21:00:00,0.1160
2023-04-23 22:00:00,0.0046
2023-04-23 23:00:00,0.0006
2023-04-24 00:00:00,0.0008
2023-04-24 01:00:00,0
2023-04-24 02:00:00,0
2023-04-24 03:00:00,0
2023-04-24 04:00:00,0.0005
2023-04-24 05:00:00,0.0005
2023-04-24 06:00:00,0.4546
2023-04-24 07:00:00,0.3942
2023-04-24 08:00:00,-0.1326
2023-04-24 09:00:00,-0.2938
2023-04-24 10:00:00,0
2023-04-24 11:00:00,-0.1974
2023-04-24 12:00:00,-0.3374
2023-04-24 13:00:00,-0.1184
2023-04-24 14:00:00,-0.2077
2023-04-24 15:00:00,0.0082
2023-04-24 16:00:00,0.0111
2023-04-24 17:00:00,-0.1095
2023-04-24 18:00:00,-2.7135
2023-04-24 19:00:00,0.5871
2023-04-24 20:00:00,0
2023-04-24 21:00:00,0
2023-04-24 22:00:00,0
2023-04-24 23:00:00,0
2023-04-25 00:00:00,0
2023-04-25 01:00:00,0
2023-04-25 02:00:00,0
2023-04-25 03:00:00,0
2023-04-25 04:00:00,0
2023-04-25 05:00:00,0
2023-04-25 06:00:00,0.5571
2023-04-25 07:00:00,0.3319
2023-04-25 08:00:00,-0.4875
2023-04-25 09:00:00,-0.2225
2023-04-25 10:00:00,0
2023-04-25 11:00:00,0.1121
2023-04-25 12:00:00,0.0748
2023-04-25 13:00:00,0.0037
2023-04-25 14:00:00,0.0093
2023-04-25 15:00:00,-0.2551
2023-04-25 16:00:00,0.0088
2023-04-25 17:00:00,0.0211
2023-04-25 18:00:00,-2.9733
2023-04-25 19:00:00,0.4626
2023-04-25 20:00:00,0
2023-04-25 21:00:00,0
2023-04-25 22:00:00,0
2023-04-25 23:00:00,0
2023-04-26 00:00:00,0
2023-04-26 01:00:00,0
2023-04-26 02:00:00,0
2023-04-26 03:00:00,0
2023-04-26 04:00:00,0
2023-04-26 05:00:00,-0.0475
2023-04-26 06:00:00,0.2767
2023-04-26 07:00:00,0.3800
2023-04-26 08:00:00,0.0073
2023-04-26 09:00:00,0.0817
2023-04-26 10:00:00,0
2023-04-26 11:00:00,0.0949
2023-04-26 12:00:00,0.0019
2023-04-26 13:00:00,-0.0011
2023-04-26 14:00:00,0.0022
2023-04-26 15:00:00,0.0013
2023-04-26 16:00:00,0.0350
2023-04-26 17:00:00,0.1178
2023-04-26 18:00:00,-2.8140
2023-04-26 19:00:00,0.5222
2023-04-26 20:00:00,0
2023-04-26 21:00:00,0
2023-04-26 22:00:00,0
2023-04-26 23:00:00,0
2023-04-27 00:00:00,0
2023-04-27 01:00:00,0
2023-04-27 02:00:00,0
2023-04-27 03:00:00,0
2023-04-27 04:00:00,0
2023-04-27 05:00:00,-0.0472
2023-04-27 06:00:00,0.3033
2023-04-27 07:00:00,0.2593
2023-04-27 08:00:00,0.0062
2023-04-27 09:00:00,-0.7292
2023-04-27 10:00:00,0
2023-04-27 11:00:00,-0.3626
2023-04-27 12:00:00,-0.4841
2023-04-27 13:00:00,-0.2349
2023-04-27 14:00:00,-0.3682
2023-04-27 15:00:00,-0.3644
2023-04-27 16:00:00,-0.2898
2023-04-27 17:00:00,-1.3108
2023-04-27 18:00:00,-3.2570
2023-04-27 19:00:00,0.5330
2023-04-27 20:00:00,0
2023-04-27 21:00:00,0
2023-04-27 22:00:00,0
2023-04-27 23:00:00,0
2023-04-28 00:00:00,0
2023-04-28 01:00:00,0
2023-04-28 02:00:00,0
2023-04-28 03:00:00,0
2023-04-28 04:00:00,0
2023-04-28 05:00:00,-0.0503
2023-04-28 06:00:00,0.2175
2023-04-28 07:00:00,0.6435
2023-04-28 08:00:00,0.1204
2023-04-28 09:00:00,0.0154
2023-04-28 10:00:00,0
2023-04-28 11:00:00,0.0010
2023-04-28 12:00:00,0.0088
2023-04-28 13:00:00,0.0142
2023-04-28 14:00:00,0.0191
2023-04-28 15:00:00,0.0083
2023-04-28 16:00:00,0.0338
2023-04-28 17:00:00,0.0795
2023-04-28 18:00:00,-2.5585
2023-04-28 19:00:00,-0.1092
2023-04-28 20:00:00,-0.7389
2023-04-28 21:00:00,-0.1429
2023-04-28 22:00:00,-1.3519
2023-04-28 23:00:00,-0.5234
2023-04-29 00:00:00,-0.1813
2023-04-29 01:00:00,-0.1159
2023-04-29 02:00:00,0.0008
2023-04-29 03:00:00,0.0002
2023-04-29 04:00:00,0
2023-04-29 05:00:00,-0.1028
2023-04-29 06:00:00,0.0647
2023-04-29 07:00:00,0.3588
2023-04-29 08:00:00,0.0873
2023-04-29 09:00:00,0.0247
2023-04-29 10:00:00,0.0035
2023-04-29 11:00:00,0.0155
2023-04-29 12:00:00,0.0353
2023-04-29 13:00:00,0.0719
2023-04-29 14:00:00,0.0478
2023-04-29 15:00:00,0.0042
2023-04-29 16:00:00,0.0371
2023-04-29 17:00:00,-0.0453
2023-04-29 18:00:00,0.2419
2023-04-29 19:00:00,-0.4943
2023-04-29 20:00:00,-0.2755
2023-04-29 21:00:00,0.0335
2023-04-29 22:00:00,0.0036
2023-04-29 23:00:00,0
2023-04-30 00:00:00,-0.2146
2023-04-30 01:00:00,-0.0295
2023-04-30 02:00:00,0
2023-04-30 03:00:00,0.0008
2023-04-30 04:00:00,0
2023-04-30 05:00:00,-0.0342
2023-04-30 06:00:00,0.5625
2023-04-30 07:00:00,0.0309
2023-04-30 08:00:00,0.0162
2023-04-30 09:00:00,0.0127
2023-04-30 10:00:00,0.0005
2023-04-30 11:00:00,0.0010
2023-04-30 12:00:00,0.3152
2023-04-30 13:00:00,-0.9191
2023-04-30 14:00:00,0.3141
2023-04-30 15:00:00,0.0059
2023-04-30 16:00:00,0.0253
2023-04-30 17:00:00,0.1179
2023-04-30 18:00:00,0.0882
2023-04-30 19:00:00,0.0113
2023-04-30 20:00:00,-0.0182
2023-04-30 21:00:00,0.0545
2023-04-30 22:00:00,0.0863
2023-04-30 23:00:00,0.1168
2023-05-01 00:00:00,0.0004
2023-05-01 01:00:00,0
2023-05-01 02:00:00,0
2023-05-01 03:00:00,0.0009
2023-05-01 04:00:00,0.0005
2023-05-01 05:00:00,-0.0328
2023-05-01 06:00:00,0.3437
2023-05-01 07:00:00,0.0057
2023-05-01 08:00:00,0.0042
2023-05-01 09:00:00,0.0171
2023-05-01 10:00:00,0.0292
2023-05-01 11:00:00,0.0071
2023-05-01 12:00:00,0.0054
2023-05-01 13:00:00,0.0252
2023-05-01 14:00:00,0.0272
2023-05-01 15:00:00,0.4461
2023-05-01 16:00:00,0.0497
2023-05-01 17:00:00,-6.0610
2023-05-01 18:00:00,-1.0699
2023-05-01 19:00:00,-0.3777
2023-05-01 20:00:00,-0.7074
2023-05-01 21:00:00,0
2023-05-01 22:00:00,-0.0255
2023-05-01 23:00:00,0
2023-05-02 00:00:00,0.0008
2023-05-02 01:00:00,0
2023-05-02 02:00:00,0
2023-05-02 03:00:00,0
2023-05-02 04:00:00,0
2023-05-02 05:00:00,0.0126
2023-05-02 06:00:00,0.4314
2023-05-02 07:00:00,0.0503
2023-05-02 08:00:00,0.6018
2023-05-02 09:00:00,0.1427
2023-05-02 10:00:00,0.3394
2023-05-02 11:00:00,0.3758
2023-05-02 12:00:00,0.0497
2023-05-02 13:00:00,0.0153
2023-05-02 14:00:00,0.4235
2023-05-02 15:00:00,0
2023-05-02 16:00:00,-6.2939
2023-05-02 17:00:00,-0.0475
2023-05-02 18:00:00,0.1079
2023-05-02 19:00:00,0.3346
2023-05-02 20:00:00,0
2023-05-02 21:00:00,0.0009
2023-05-02 22:00:00,-0.0371
2023-05-02 23:00:00,0.0004
2023-05-03 00:00:00,0.0010
2023-05-03 01:00:00,0
2023-05-03 02:00:00,0
2023-05-03 03:00:00,0
2023-05-03 04:00:00,0
2023-05-03 05:00:00,-0.0387
2023-05-03 06:00:00,0.1609
2023-05-03 07:00:00,0.2669
2023-05-03 08:00:00,-0.6404
2023-05-03 09:00:00,0.1596
2023-05-03 10:00:00,-0.2002
2023-05-03 11:00:00,0
2023-05-03 12:00:00,0.0513
2023-05-03 13:00:00,-0.1806
2023-05-03 14:00:00,0.2601
2023-05-03 15:00:00,0.0397
2023-05-03 16:00:00,-0.4364
2023-05-03 17:00:00,-1.9166
2023-05-03 18:00:00,0.3491
2023-05-03 19:00:00,0.1909
2023-05-03 20:00:00,0
2023-05-03 21:00:00,0.0014
2023-05-03 22:00:00,0.0029
2023-05-03 23:00:00,0.0036
2023-05-04 00:00:00,0.0003
2023-05-04 01:00:00,0
2023-05-04 02:00:00,0
2023-05-04 03:00:00,0
2023-05-04 04:00:00,0
2023-05-04 05:00:00,0
2023-05-04 06:00:00,0.2429
2023-05-04 07:00:00,1.0621
2023-05-04 08:00:00,-0.0901
2023-05-04 09:00:00,0.1794
2023-05-04 10:00:00,0.3847
2023-05-04 11:00:00,0.5237
2023-05-04 12:00:00,0.1644
2023-05-04 13:00:00,0.4285
2023-05-04 14:00:00,-0.0875
2023-05-04 15:00:00,-1.8399
2023-05-04 16:00:00,-2.6671
2023-05-04 17:00:00,-0.3344
2023-05-04 18:00:00,-0.3240
2023-05-04 19:00:00,0.5782
2023-05-04 20:00:00,0.0010
2023-05-04 21:00:00,0.0025
2023-05-04 22:00:00,0.0016
2023-05-04 23:00:00,0
2023-05-05 00:00:00,0
2023-05-05 01:00:00,0
2023-05-05 02:00:00,0
2023-05-05 03:00:00,0.0042
2023-05-05 04:00:00,0.0073
2023-05-05 05:00:00,0.0007
2023-05-05 06:00:00,0.9351
2023-05-05 07:00:00,0.3363
2023-05-05 08:00:00,0
2023-05-05 09:00:00,0
2023-05-05 10:00:00,0
2023-05-05 11:00:00,0.2223
2023-05-05 12:00:00,0.2890
2023-05-05 13:00:00,0.0607
2023-05-05 14:00:00,0.2334
2023-05-05 15:00:00,0.7242
2023-05-05 16:00:00,0.2444
2023-05-05 17:00:00,0.3279
2023-05-05 18:00:00,0.2502
2023-05-05 19:00:00,0.5052
2023-05-05 20:00:00,0.0018
2023-05-05 21:00:00,0.0026
2023-05-05 22:00:00,0.0085
2023-05-05 23:00:00,0.0008
2023-05-06 00:00:00,0.0007
2023-05-06 01:00:00,0
2023-05-06 02:00:00,0
2023-05-06 03:00:00,0
2023-05-06 04:00:00,0
2023-05-06 05:00:00,-0.0354
2023-05-06 06:00:00,-0.1197
2023-05-06 07:00:00,0.1362
2023-05-06 08:00:00,0.0125
2023-05-06 09:00:00,0.0565
2023-05-06 10:00:00,2.9819
2023-05-06 11:00:00,7.7775
2023-05-06 12:00:00,3.7527
2023-05-06 13:00:00,0.0132
2023-05-06 14:00:00,0.0013
2023-05-06 15:00:00,-6.1179
2023-05-06 16:00:00,-4.0869
2023-05-06 17:00:00,-3.3849
2023-05-06 18:00:00,-1.2825
2023-05-06 19:00:00,0.6571
2023-05-06 20:00:00,0
2023-05-06 21:00:00,0
2023-05-06 22:00:00,0
2023-05-06 23:00:00,0
2023-05-07 00:00:00,0
2023-05-07 01:00:00,0
2023-05-07 02:00:00,0
2023-05-07 03:00:00,0
2023-05-07 04:00:00,0
2023-05-07 05:00:00,-0.0708
2023-05-07 06:00:00,0.0618
2023-05-07 07:00:00,0.4026
2023-05-07 08:00:00,0.2792
2023-05-07 09:00:00,0.5632
2023-05-07 10:00:00,0.5769
2023-05-07 11:00:00,0.5985
2023-05-07 12:00:00,0.6757
2023-05-07 13:00:00,0.6573
2023-05-07 14:00:00,0.6401
2023-05-07 15:00:00,0.6352
2023-05-07 16:00:00,0.5053
2023-05-07 17:00:00,-0.0255
2023-05-07 18:00:00,0.0688
2023-05-07 19:00:00,0.7752
2023-05-07 20:00:00,-0.0754
2023-05-07 21:00:00,0
2023-05-07 22:00:00,0
2023-05-07 23:00:00,0
2023-05-08 00:00:00,0
2023-05-08 01:00:00,0
2023-05-08 02:00:00,0
2023-05-08 03:00:00,0
2023-05-08 04:00:00,0
2023-05-08 05:00:00,-0.0578
2023-05-08 06:00:00,0.0348
2023-05-08 07:00:00,0.4033
2023-05-08 08:00:00,0.1656
2023-05-08 09:00:00,0.0119
2023-05-08 10:00:00,0.0651
2023-05-08 11:00:00,1.2398
2023-05-08 12:00:00,2.1813
2023-05-08 13:00:00,0.3974
2023-05-08 14:00:00,0.2611
2023-05-08 15:00:00,0.0052
2023-05-08 16:00:00,-2.8926
2023-05-08 17:00:00,0.0110
2023-05-08 18:00:00,0.2184
2023-05-08 19:00:00,0.7932
2023-05-08 20:00:00,-0.0765
2023-05-08 21:00:00,0
2023-05-08 22:00:00,0
2023-05-08 23:00:00,0
2023-05-09 00:00:00,0
2023-05-09 01:00:00,0
2023-05-09 02:00:00,0
2023-05-09 03:00:00,0
2023-05-09 04:00:00,0
2023-05-09 05:00:00,-0.0692
2023-05-09 06:00:00,-0.0478
2023-05-09 07:00:00,0.4967
2023-05-09 08:00:00,0
2023-05-09 09:00:00,0
2023-05-09 10:00:00,0.0637
2023-05-09 11:00:00,0.0019
2023-05-09 12:00:00,0.0117
2023-05-09 13:00:00,0.0191
2023-05-09 14:00:00,0.0739
2023-05-09 15:00:00,0.0089
2023-05-09 16:00:00,0.0231
2023-05-09 17:00:00,0.0751
2023-05-09 18:00:00,0.0852
2023-05-09 19:00:00,0.2563
2023-05-09 20:00:00,0
2023-05-09 21:00:00,0
2023-05-09 22:00:00,0
2023-05-09 23:00:00,0
2023-05-10 00:00:00,0
2023-05-10 01:00:00,0
2023-05-10 02:00:00,0
2023-05-10 03:00:00,0
2023-05-10 04:00:00,0
2023-05-10 05:00:00,-0.0751
2023-05-10 06:00:00,0.2135
2023-05-10 07:00:00,0.0083
2023-05-10 08:00:00,-0.0061
2023-05-10 09:00:00,0.0453
2023-05-10 10:00:00,-0.0006
2023-05-10 11:00:00,0.0726
2023-05-10 12:00:00,0.0240
2023-05-10 13:00:00,0.0248
2023-05-10 14:00:00,2.7772
2023-05-10 15:00:00,0.0057
2023-05-10 16:00:00,0.0163
2023-05-10 17:00:00,0.0561
2023-05-10 18:00:00,0.1428
2023-05-10 19:00:00,1.1902
2023-05-10 20:00:00,-0.0280
2023-05-10 21:00:00,0.0015
2023-05-10 22:00:00,0
2023-05-10 23:00:00,0
2023-05-11 00:00:00,0
2023-05-11 01:00:00,0
2023-05-11 02:00:00,0.0021
2023-05-11 03:00:00,0
2023-05-11 04:00:00,0.0010
2023-05-11 05:00:00,0.0043
2023-05-11 06:00:00,-0.3535
2023-05-11 07:00:00,-0.1465
2023-05-11 08:00:00,-0.0201
2023-05-11 09:00:00,-0.2498
2023-05-11 10:00:00,0.0763
2023-05-11 11:00:00,-0.2270
2023-05-11 12:00:00,-2.5126
2023-05-11 13:00:00,-2.4049
2023-05-11 14:00:00,0.1434
2023-05-11 15:00:00,-0.0129
2023-05-11 16:00:00,0.0110
2023-05-11 17:00:00,0.1492
2023-05-11 18:00:00,-4.0128
2023-05-11 19:00:00,-0.9328
2023-05-11 20:00:00,0.0196
2023-05-11 21:00:00,0.0014
2023-05-11 22:00:00,0
2023-05-11 23:00:00,0
2023-05-12 00:00:00,0.0009
2023-05-12 01:00:00,0
2023-05-12 02:00:00,0
2023-05-12 03:00:00,0
2023-05-12 04:00:00,0
2023-05-12 05:00:00,0.0011
2023-05-12 06:00:00,-1.4663
2023-05-12 07:00:00,-0.9304
2023-05-12 08:00:00,-0.0890
2023-05-12 09:00:00,-0.0975
2023-05-12 10:00:00,0
2023-05-12 11:00:00,-0.0060
2023-05-12 12:00:00,0
2023-05-12 13:00:00,0.0165
2023-05-12 14:00:00,-0.0264
2023-05-12 15:00:00,0.0055
2023-05-12 16:00:00,0.0122
2023-05-12 17:00:00,0.0622
2023-05-12 18:00:00,-3.2602
2023-05-12 19:00:00,-0.9320
2023-05-12 20:00:00,0.0102
2023-05-12 21:00:00,0.0018
2023-05-12 22:00:00,0
2023-05-12 23:00:00,0
2023-05-13 00:00:00,0
2023-05-13 01:00:00,0
2023-05-13 02:00:00,0
2023-05-13 03:00:00,0
2023-05-13 04:00:00,0
2023-05-13 05:00:00,0.0006
2023-05-13 06:00:00,-1.5108
2023-05-13 07:00:00,0.1071
2023-05-13 08:00:00,0.0199
2023-05-13 09:00:00,0.0008
2023-05-13 10:00:00,0.0034
2023-05-13 11:00:00,0.0061
2023-05-13 12:00:00,0.0058
2023-05-13 13:00:00,0.0009
2023-05-13 14:00:00,-0.1103
2023-05-13 15:00:00,0.0441
2023-05-13 16:00:00,0.0499
2023-05-13 17:00:00,0.0955
2023-05-13 18:00:00,-1.6800
2023-05-13 19:00:00,-0.3681
2023-05-13 20:00:00,0.0095
2023-05-13 21:00:00,0.0010
2023-05-13 22:00:00,0.0002
2023-05-13 23:00:00,0.0003
2023-05-14 00:00:00,0.0003
2023-05-14 01:00:00,0.0004
2023-05-14 02:00:00,0
2023-05-14 03:00:00,0
2023-05-14 04:00:00,0
2023-05-14 05:00:00,0
2023-05-14 06:00:00,-1.2997
2023-05-14 07:00:00,0.0450
2023-05-14 08:00:00,0.0125
2023-05-14 09:00:00,0.0052
2023-05-14 10:00:00,0.0220
2023-05-14 11:00:00,-0.0033
2023-05-14 12:00:00,0.0199
2023-05-14 13:00:00,0.0250
2023-05-14 14:00:00,0.0610
2023-05-14 15:00:00,0.0096
2023-05-14 16:00:00,0.0894
2023-05-14 17:00:00,0.0910
2023-05-14 18:00:00,-2.3464
2023-05-14 19:00:00,-0.7918
2023-05-14 20:00:00,0.0128
2023-05-14 21:00:00,0.0011
2023-05-14 22:00:00,0
2023-05-14 23:00:00,0.0006
2023-05-15 00:00:00,0.0002
2023-05-15 01:00:00,0
2023-05-15 02:00:00,0
2023-05-15 03:00:00,0
2023-05-15 04:00:00,0
2023-05-15 05:00:00,0
2023-05-15 06:00:00,-1.0558
2023-05-15 07:00:00,-0.4816
2023-05-15 08:00:00,-0.0357
2023-05-15 09:00:00,0.0470
2023-05-15 10:00:00,-5.7532
2023-05-15 11:00:00,-2.7736
2023-05-15 12:00:00,-0.9044
2023-05-15 13:00:00,-2.0390
2023-05-15 14:00:00,-0.4733
2023-05-15 15:00:00,0.4698
2023-05-15 16:00:00,-0.1990
2023-05-15 17:00:00,0.0900
2023-05-15 18:00:00,-0.0537
2023-05-15 19:00:00,0.0080
2023-05-15 20:00:00,-0.4348
2023-05-15 21:00:00,0.1628
2023-05-15 22:00:00,0.0227
2023-05-15 23:00:00,0.0168
2023-05-16 00:00:00,0
2023-05-16 01:00:00,0.0006
2023-05-16 02:00:00,0
2023-05-16 03:00:00,0.0020
2023-05-16 04:00:00,0
2023-05-16 05:00:00,0.0005
2023-05-16 06:00:00,-0.1255
2023-05-16 07:00:00,-11.2757
2023-05-16 08:00:00,-2.7030
2023-05-16 09:00:00,0.0634
2023-05-16 10:00:00,-0.0733
2023-05-16 11:00:00,-0.2383
2023-05-16 12:00:00,0.1412
2023-05-16 13:00:00,-0.1250
2023-05-16 14:00:00,-0.1632
2023-05-16 15:00:00,0.3096
2023-05-16 16:00:00,-0.2528
2023-05-16 17:00:00,0.0102
2023-05-16 18:00:00,-5.7685
2023-05-16 19:00:00,-1.9789
2023-05-16 20:00:00,-1.3064
2023-05-16 21:00:00,-0.2938
2023-05-16 22:00:00,0.2741
2023-05-16 23:00:00,0
2023-05-17 00:00:00,-0.0509
2023-05-17 01:00:00,0.0006
2023-05-17 02:00:00,0.0003
2023-05-17 03:00:00,0.0012
2023-05-17 04:00:00,0.0002
2023-05-17 05:00:00,0
2023-05-17 06:00:00,-1.7424
2023-05-17 07:00:00,-0.9108
2023-05-17 08:00:00,-0.0037
2023-05-17 09:00:00,0.1908
2023-05-17 10:00:00,-0.0519
2023-05-17 11:00:00,0.0922
2023-05-17 12:00:00,0.0217
2023-05-17 13:00:00,-0.0196
2023-05-17 14:00:00,-0.0657
2023-05-17 15:00:00,-0.0111
2023-05-17 16:00:00,0.0621
2023-05-17 17:00:00,-0.2081
2023-05-17 18:00:00,-3.5935
2023-05-17 19:00:00,-1.8151
2023-05-17 20:00:00,-1.6411
2023-05-17 21:00:00,0
2023-05-17 22:00:00,-1.7726
2023-05-17 23:00:00,-0.1918
2023-05-18 00:00:00,0
2023-05-18 01:00:00,0
2023-05-18 02:00:00,0
2023-05-18 03:00:00,0
2023-05-18 04:00:00,0
2023-05-18 05:00:00,0
2023-05-18 06:00:00,-2.0548
2023-05-18 07:00:00,-2.8426
2023-05-18 08:00:00,-1.2965
2023-05-18 09:00:00,0.0456
2023-05-18 10:00:00,0.0900
2023-05-18 11:00:00,0.0440
2023-05-18 12:00:00,0.0660
2023-05-18 13:00:00,-0.0295
2023-05-18 14:00:00,-0.0092
2023-05-18 15:00:00,-0.1082
2023-05-18 16:00:00,0.0396
2023-05-18 17:00:00,0.0045
2023-05-18 18:00:00,-4.5622
2023-05-18 19:00:00,-4.8566
2023-05-18 20:00:00,-0.6053
2023-05-18 21:00:00,-0.0093
2023-05-18 22:00:00,0.0261
2023-05-18 23:00:00,-2.3847
2023-05-19 00:00:00,-0.8507
2023-05-19 01:00:00,0
2023-05-19 02:00:00,0
2023-05-19 03:00:00,0
2023-05-19 04:00:00,0
2023-05-19 05:00:00,0
2023-05-19 06:00:00,-1.9149
2023-05-19 07:00:00,-2.4382
2023-05-19 08:00:00,-0.0190
2023-05-19 09:00:00,0.0249
2023-05-19 10:00:00,-0.0951
2023-05-19 11:00:00,0.0845
2023-05-19 12:00:00,-0.0029
2023-05-19 13:00:00,-0.0706
2023-05-19 14:00:00,-0.0250
2023-05-19 15:00:00,-0.0143
2023-05-19 16:00:00,-0.0328
2023-05-19 17:00:00,0.0230
2023-05-19 18:00:00,-0.4675
2023-05-19 19:00:00,-1.0919
2023-05-19 20:00:00,-0.3201
2023-05-19 21:00:00,0
2023-05-19 22:00:00,-0.1263
2023-05-19 23:00:00,-1.6599
2023-05-20 00:00:00,0
2023-05-20 01:00:00,-0.0644
2023-05-20 02:00:00,0
2023-05-20 03:00:00,0
2023-05-20 04:00:00,0
2023-05-20 05:00:00,0
2023-05-20 06:00:00,-8.2436
2023-05-20 07:00:00,-41.0763
2023-05-20 08:00:00,-23.4373
2023-05-20 09:00:00,-0.3072
2023-05-20 10:00:00,-0.0271
2023-05-20 11:00:00,-0.0449
2023-05-20 12:00:00,-0.0034
2023-05-20 13:00:00,0
2023-05-20 14:00:00,0.0835
2023-05-20 15:00:00,-0.2763
2023-05-20 16:00:00,-5.7180
2023-05-20 17:00:00,-7.7425
2023-05-20 18:00:00,-8.1400
2023-05-20 19:00:00,-1.4960
2023-05-20 20:00:00,-0.4961
2023-05-20 21:00:00,-2.3359
2023-05-20 22:00:00,-2.8341
2023-05-20 23:00:00,-0.1910
2023-05-21 00:00:00,-0.0682
2023-05-21 01:00:00,0
2023-05-21 02:00:00,0
2023-05-21 03:00:00,0
2023-05-21 04:00:00,0
2023-05-21 05:00:00,0
2023-05-21 06:00:00,-6.7214
2023-05-21 07:00:00,0.1388
2023-05-21 08:00:00,0.2901
2023-05-21 09:00:00,-0.0925
2023-05-21 10:00:00,0.0054
2023-05-21 11:00:00,0.0145
2023-05-21 12:00:00,0.0158
2023-05-21 13:00:00,-2.7853
2023-05-21 14:00:00,-26.8262
2023-05-21 15:00:00,-49.0850
2023-05-21 16:00:00,-33.3143
2023-05-21 17:00:00,-10.3114
2023-05-21 18:00:00,-9.9415
2023-05-21 19:00:00,0.2040
2023-05-21 20:00:00,0.0044
2023-05-21 21:00:00,0.0033
2023-05-21 22:00:00,0
2023-05-21 23:00:00,0
2023-05-22 00:00:00,0
2023-05-22 01:00:00,0
2023-05-22 02:00:00,0
2023-05-22 03:00:00,0
2023-05-22 04:00:00,0
2023-05-22 05:00:00,0
2023-05-22 06:00:00,-0.5626
2023-05-22 07:00:00,-0.1015
2023-05-22 08:00:00,-0.0082
2023-05-22 09:00:00,0.0013
2023-05-22 10:00:00,-0.0696
2023-05-22 11:00:00,-0.1054
2023-05-22 12:00:00,-0.2045
2023-05-22 13:00:00,-0.4137
2023-05-22 14:00:00,-4.4824
2023-05-22 15:00:00,0.4010
2023-05-22 16:00:00,-24.0110
2023-05-22 17:00:00,-26.5766
2023-05-22 18:00:00,-0.1049
2023-05-22 19:00:00,-0.6174
2023-05-22 20:00:00,-1.2030
2023-05-22 21:00:00,-0.0836
2023-05-22 22:00:00,0.0001
2023-05-22 23:00:00,-0.0314
2023-05-23 00:00:00,0
2023-05-23 01:00:00,0.0007
2023-05-23 02:00:00,0
2023-05-23 03:00:00,0
2023-05-23 04:00:00,0
2023-05-23 05:00:00,0.0029
2023-05-23 06:00:00,0.0692
2023-05-23 07:00:00,-0.1134
2023-05-23 08:00:00,-0.0240
2023-05-23 09:00:00,-0.0110
2023-05-23 10:00:00,0.0204
2023-05-23 11:00:00,-0.0019
2023-05-23 12:00:00,0.0039
2023-05-23 13:00:00,-0.0394
2023-05-23 14:00:00,-0.0607
2023-05-23 15:00:00,-0.0039
2023-05-23 16:00:00,-0.0329
2023-05-23 17:00:00,-1.5046
2023-05-23 18:00:00,-35.7864
2023-05-23 19:00:00,-3.3587
2023-05-23 20:00:00,-0.3646
2023-05-23 21:00:00,-0.4647
2023-05-23 22:00:00,-0.2363
2023-05-23 23:00:00,-0.2194
2023-05-24 00:00:00,-0.1460
2023-05-24 01:00:00,0
2023-05-24 02:00:00,0
2023-05-24 03:00:00,0
2023-05-24 04:00:00,0
2023-05-24 05:00:00,-0.2415
2023-05-24 06:00:00,-4.8880
2023-05-24 07:00:00,-14.1092
2023-05-24 08:00:00,-0.4691
2023-05-24 09:00:00,0.1218
2023-05-24 10:00:00,0.1465
2023-05-24 11:00:00,-0.0302
2023-05-24 12:00:00,-0.1881
2023-05-24 13:00:00,-0.0061
2023-05-24 14:00:00,-0.0187
2023-05-24 15:00:00,-0.0141
2023-05-24 16:00:00,0.0195
2023-05-24 17:00:00,0.0517
2023-05-24 18:00:00,-0.9531
2023-05-24 19:00:00,-1.0280
2023-05-24 20:00:00,-0.5421
2023-05-24 21:00:00,-0.9419
2023-05-24 22:00:00,-0.1810
2023-05-24 23:00:00,0.2020
2023-05-25 00:00:00,0
2023-05-25 01:00:00,0
2023-05-25 02:00:00,0.0004
2023-05-25 03:00:00,0
2023-05-25 04:00:00,0.0002
2023-05-25 05:00:00,0.0436
2023-05-25 06:00:00,0.7276
2023-05-25 07:00:00,-0.1611
2023-05-25 08:00:00,-0.0601
2023-05-25 09:00:00,-0.1769
2023-05-25 10:00:00,-0.0092
2023-05-25 11:00:00,0.0672
2023-05-25 12:00:00,0
2023-05-25 13:00:00,-0.0757
2023-05-25 14:00:00,-0.0214
2023-05-25 15:00:00,-0.0004
2023-05-25 16:00:00,-0.0239
2023-05-25 17:00:00,0.0046
2023-05-25 18:00:00,-0.2573
2023-05-25 19:00:00,-0.4941
2023-05-25 20:00:00,-0.3890
2023-05-25 21:00:00,-0.1179
2023-05-25 22:00:00,-0.1279
2023-05-25 23:00:00,0.0927
2023-05-26 00:00:00,-0.1361
2023-05-26 01:00:00,0
2023-05-26 02:00:00,0
2023-05-26 03:00:00,0
2023-05-26 04:00:00,0
2023-05-26 05:00:00,0.0359
2023-05-26 06:00:00,0.6087
2023-05-26 07:00:00,-0.3641
2023-05-26 08:00:00,0.0107
2023-05-26 09:00:00,-0.0510
2023-05-26 10:00:00,-0.0162
2023-05-26 11:00:00,-0.0904
2023-05-26 12:00:00,-0.0512
2023-05-26 13:00:00,0.0074
2023-05-26 14:00:00,0.0054
2023-05-26 15:00:00,0.0008
2023-05-26 16:00:00,0.0616
2023-05-26 17:00:00,0.1371
2023-05-26 18:00:00,0.0438
2023-05-26 19:00:00,-1.8883
2023-05-26 20:00:00,0
2023-05-26 21:00:00,-2.2031
2023-05-26 22:00:00,-0.2200
2023-05-26 23:00:00,0.2034
2023-05-27 00:00:00,0
2023-05-27 01:00:00,-0.0658
2023-05-27 02:00:00,0.0007
2023-05-27 03:00:00,0.0007
2023-05-27 04:00:00,-0.0612
2023-05-27 05:00:00,-0.5824
2023-05-27 06:00:00,0.3718
2023-05-27 07:00:00,0.2643
2023-05-27 08:00:00,0.0097
2023-05-27 09:00:00,0.0472
2023-05-27 10:00:00,0.0614
2023-05-27 11:00:00,0.0425
2023-05-27 12:00:00,-0.0166
2023-05-27 13:00:00,0.0094
2023-05-27 14:00:00,0.0504
2023-05-27 15:00:00,0.0475
2023-05-27 16:00:00,-0.0039
2023-05-27 17:00:00,0.2554
2023-05-27 18:00:00,0.3562
2023-05-27 19:00:00,-0.1815
2023-05-27 20:00:00,-1.1701
2023-05-27 21:00:00,-0.3165
2023-05-27 22:00:00,-0.1068
2023-05-27 23:00:00,-0.2362
2023-05-28 00:00:00,-0.1181
2023-05-28 01:00:00,-0.0583
2023-05-28 02:00:00,0
2023-05-28 03:00:00,0
2023-05-28 04:00:00,0
2023-05-28 05:00:00,0.0502
2023-05-28 06:00:00,0.4384
2023-05-28 07:00:00,0.1353
2023-05-28 08:00:00,0.0863
2023-05-28 09:00:00,-0.0182
2023-05-28 10:00:00,0.0092
2023-05-28 11:00:00,0.0509
2023-05-28 12:00:00,-0.0248
2023-05-28 13:00:00,-0.0179
2023-05-28 14:00:00,0.0173
2023-05-28 15:00:00,0.0333
2023-05-28 16:00:00,0.0664
2023-05-28 17:00:00,0.2146
2023-05-28 18:00:00,0.1177
2023-05-28 19:00:00,-0.2428
2023-05-28 20:00:00,-0.4080
2023-05-28 21:00:00,-0.9382
2023-05-28 22:00:00,-0.9614
2023-05-28 23:00:00,-0.3304
2023-05-29 00:00:00,-0.5382
2023-05-29 01:00:00,-0.0650
2023-05-29 02:00:00,0
2023-05-29 03:00:00,0
2023-05-29 04:00:00,0
2023-05-29 05:00:00,0.0141
2023-05-29 06:00:00,0.6509
2023-05-29 07:00:00,-0.2060
2023-05-29 08:00:00,0.0447
2023-05-29 09:00:00,0.1842
2023-05-29 10:00:00,0
2023-05-29 11:00:00,0
2023-05-29 12:00:00,0.0038
2023-05-29 13:00:00,0
2023-05-29 14:00:00,0.0085
2023-05-29 15:00:00,0
2023-05-29 16:00:00,0.0021
2023-05-29 17:00:00,0.1540
2023-05-29 18:00:00,0.0349
2023-05-29 19:00:00,-0.2829
2023-05-29 20:00:00,-0.4643
2023-05-29 21:00:00,-0.6495
2023-05-29 22:00:00,-0.0294
2023-05-29 23:00:00,-0.0342
2023-05-30 00:00:00,0.0023
2023-05-30 01:00:00,0
2023-05-30 02:00:00,0
2023-05-30 03:00:00,0
2023-05-30 04:00:00,0
2023-05-30 05:00:00,0.0058
2023-05-30 06:00:00,0.2678
2023-05-30 07:00:00,0.0783
2023-05-30 08:00:00,0.0455
2023-05-30 09:00:00,-0.1630
2023-05-30 10:00:00,-0.4891
2023-05-30 11:00:00,-0.3316
2023-05-30 12:00:00,0.2952
2023-05-30 13:00:00,-0.1815
2023-05-30 14:00:00,-0.0150
2023-05-30 15:00:00,0.2169
2023-05-30 16:00:00,0.1600
2023-05-30 17:00:00,-0.3298
2023-05-30 18:00:00,0.0156
2023-05-30 19:00:00,-1.6442
2023-05-30 20:00:00,-1.1380
2023-05-30 21:00:00,-1.9393
2023-05-30 22:00:00,-0.8628
2023-05-30 23:00:00,0.1805
2023-05-31 00:00:00,0
2023-05-31 01:00:00,0
2023-05-31 02:00:00,0.0004
2023-05-31 03:00:00,0
2023-05-31 04:00:00,-0.0347
2023-05-31 05:00:00,0.0222
2023-05-31 06:00:00,0.4447
2023-05-31 07:00:00,-0.1427
2023-05-31 08:00:00,0.0020
2023-05-31 09:00:00,-0.0887
2023-05-31 10:00:00,-0.1237
2023-05-31 11:00:00,0.0297
2023-05-31 12:00:00,0.0356
2023-05-31 13:00:00,0
2023-05-31 14:00:00,0
2023-05-31 15:00:00,0.0563
2023-05-31 16:00:00,0.2044
2023-05-31 17:00:00,0.2045
2023-05-31 18:00:00,-0.1145
2023-05-31 19:00:00,-0.7384
2023-05-31 20:00:00,-0.6787
2023-05-31 21:00:00,-0.2323
2023-05-31 22:00:00,-0.0980
2023-05-31 23:00:00,0.2511
2023-06-01 00:00:00,0.0146
2023-06-01 01:00:00,0
2023-06-01 02:00:00,0
2023-06-01 03:00:00,0.0004
2023-06-01 04:00:00,-0.0249
2023-06-01 05:00:00,0.0009
2023-06-01 06:00:00,0.3360
2023-06-01 07:00:00,-0.3288
2023-06-01 08:00:00,-0.1033
2023-06-01 09:00:00,0.0814
2023-06-01 10:00:00,-0.0197
2023-06-01 11:00:00,0.0270
2023-06-01 12:00:00,-0.0480
2023-06-01 13:00:00,-0.0907
2023-06-01 14:00:00,0.0207
2023-06-01 15:00:00,0.0205
2023-06-01 16:00:00,-0.0352
2023-06-01 17:00:00,0.1068
2023-06-01 18:00:00,-0.0220
2023-06-01 19:00:00,-0.8043
2023-06-01 20:00:00,-0.3844
2023-06-01 21:00:00,-0.1794
2023-06-01 22:00:00,-0.1738
2023-06-01 23:00:00,0.2155
2023-06-02 00:00:00,-0.0798
2023-06-02 01:00:00,0
2023-06-02 02:00:00,0
2023-06-02 03:00:00,0
2023-06-02 04:00:00,0.0687
2023-06-02 05:00:00,0.0923
2023-06-02 06:00:00,0.3327
2023-06-02 07:00:00,-0.3462
2023-06-02 08:00:00,0.0383
2023-06-02 09:00:00,-0.0856
2023-06-02 10:00:00,0.0198
2023-06-02 11:00:00,0.0746
2023-06-02 12:00:00,0.0573
2023-06-02 13:00:00,1.0559
2023-06-02 14:00:00,0.1702
2023-06-02 15:00:00,-0.0555
2023-06-02 16:00:00,0.1629
2023-06-02 17:00:00,0.1080
2023-06-02 18:00:00,0.1979
2023-06-02 19:00:00,-0.5883
2023-06-02 20:00:00,-0.2408
2023-06-02 21:00:00,-0.1252
2023-06-02 22:00:00,-0.0988
2023-06-02 23:00:00,0.1956
2023-06-03 00:00:00,0
2023-06-03 01:00:00,0.0003
2023-06-03 02:00:00,0.0003
2023-06-03 03:00:00,0
2023-06-03 04:00:00,-0.0342
2023-06-03 05:00:00,0.0164
2023-06-03 06:00:00,0.4129
2023-06-03 07:00:00,-0.3245
2023-06-03 08:00:00,0.1946
2023-06-03 09:00:00,-0.1311
2023-06-03 10:00:00,-0.0773
2023-06-03 11:00:00,0.0096
2023-06-03 12:00:00,-0.0637
2023-06-03 13:00:00,-0.0820
2023-06-03 14:00:00,-0.0471
2023-06-03 15:00:00,-0.2018
2023-06-03 16:00:00,0.0571
2023-06-03 17:00:00,0.1808
2023-06-03 18:00:00,-0.0533
2023-06-03 19:00:00,-0.1746
2023-06-03 20:00:00,-0.8993
2023-06-03 21:00:00,0
2023-06-03 22:00:00,-0.1754
2023-06-03 23:00:00,-0.3736
2023-06-04 00:00:00,0
2023-06-04 01:00:00,-0.0781
2023-06-04 02:00:00,0
2023-06-04 03:00:00,0
2023-06-04 04:00:00,0
2023-06-04 05:00:00,0.0793
2023-06-04 06:00:00,0.3900
2023-06-04 07:00:00,-0.4064
2023-06-04 08:00:00,0.3309
2023-06-04 09:00:00,-0.1104
2023-06-04 10:00:00,-0.1163
2023-06-04 11:00:00,-0.0443
2023-06-04 12:00:00,-0.0714
2023-06-04 13:00:00,-0.0883
2023-06-04 14:00:00,-0.0060
2023-06-04 15:00:00,-0.0066
2023-06-04 16:00:00,0.1063
2023-06-04 17:00:00,0.1892
2023-06-04 18:00:00,0.0213
2023-06-04 19:00:00,-0.5813
2023-06-04 20:00:00,-0.8076
2023-06-04 21:00:00,0.2320
2023-06-04 22:00:00,0.0246
2023-06-04 23:00:00,0.0002
2023-06-05 00:00:00,0.0005
2023-06-05 01:00:00,0
2023-06-05 02:00:00,0.0005
2023-06-05 03:00:00,0.0004
2023-06-05 04:00:00,0.0005
2023-06-05 05:00:00,0.0089
2023-06-05 06:00:00,0.2030
2023-06-05 07:00:00,-0.2211
2023-06-05 08:00:00,0.1210
2023-06-05 09:00:00,0.0770
2023-06-05 10:00:00,-0.4522
2023-06-05 11:00:00,0.0587
2023-06-05 12:00:00,0.0751
2023-06-05 13:00:00,-0.0286
2023-06-05 14:00:00,0.2231
2023-06-05 15:00:00,0.0194
2023-06-05 16:00:00,-3.7645
2023-06-05 17:00:00,0.1808
2023-06-05 18:00:00,-0.0500
2023-06-05 19:00:00,-3.1638
2023-06-05 20:00:00,-0.4248
2023-06-05 21:00:00,-0.8976
2023-06-05 22:00:00,-0.4163
2023-06-05 23:00:00,-0.0693
2023-06-06 00:00:00,0
2023-06-06 01:00:00,0
2023-06-06 02:00:00,0
2023-06-06 03:00:00,0
2023-06-06 04:00:00,0
2023-06-06 05:00:00,0.1513
2023-06-06 06:00:00,0.3569
2023-06-06 07:00:00,-0.0850
2023-06-06 08:00:00,0.0309
2023-06-06 09:00:00,-0.1509
2023-06-06 10:00:00,-1.7737
2023-06-06 11:00:00,-0.1293
2023-06-06 12:00:00,-0.0268
2023-06-06 13:00:00,0.2333
2023-06-06 14:00:00,-0.1629
2023-06-06 15:00:00,-0.0798
2023-06-06 16:00:00,0.1163
2023-06-06 17:00:00,0.1373
2023-06-06 18:00:00,1.0415
2023-06-06 19:00:00,-0.0342
2023-06-06 20:00:00,-0.2062
2023-06-06 21:00:00,-0.1806
2023-06-06 22:00:00,-0.1368
2023-06-06 23:00:00,0.2754
2023-06-07 00:00:00,0.0074
2023-06-07 01:00:00,0.0054
2023-06-07 02:00:00,0.0004
2023-06-07 03:00:00,0.0010
2023-06-07 04:00:00,-0.0129
2023-06-07 05:00:00,0.0022
2023-06-07 06:00:00,0.2581
2023-06-07 07:00:00,-0.7284
2023-06-07 08:00:00,0.0284
2023-06-07 09:00:00,-4.3896
2023-06-07 10:00:00,-2.0153
2023-06-07 11:00:00,0.3177
2023-06-07 12:00:00,0.1859
2023-06-07 13:00:00,0.4751
2023-06-07 14:00:00,-0.4140
2023-06-07 15:00:00,-0.8719
2023-06-07 16:00:00,0.4592
2023-06-07 17:00:00,0.1813
2023-06-07 18:00:00,0.7885
2023-06-07 19:00:00,-0.6531
2023-06-07 20:00:00,-0.1674
2023-06-07 21:00:00,-0.1852
2023-06-07 22:00:00,-0.5569
2023-06-07 23:00:00,0.2053
2023-06-08 00:00:00,0.0012
2023-06-08 01:00:00,0
2023-06-08 02:00:00,0
2023-06-08 03:00:00,0.0007
2023-06-08 04:00:00,-0.0174
2023-06-08 05:00:00,-0.1221
2023-06-08 06:00:00,0.4322
2023-06-08 07:00:00,-0.1623
2023-06-08 08:00:00,-0.0014
2023-06-08 09:00:00,0.0164
2023-06-08 10:00:00,-0.1739
2023-06-08 11:00:00,0.0128
2023-06-08 12:00:00,0.0635
2023-06-08 13:00:00,-0.0201
2023-06-08 14:00:00,-0.0988
2023-06-08 15:00:00,-0.1217
2023-06-08 16:00:00,0.1265
2023-06-08 17:00:00,0.3045
2023-06-08 18:00:00,0.3762
2023-06-08 19:00:00,-0.3743
2023-06-08 20:00:00,-2.8174
2023-06-08 21:00:00,-0.2417
2023-06-08 22:00:00,-0.2396
2023-06-08 23:00:00,0.2469
2023-06-09 00:00:00,0.0218
2023-06-09 01:00:00,0.0648
2023-06-09 02:00:00,0.0675
2023-06-09 03:00:00,0.0639
2023-06-09 04:00:00,0.0059
2023-06-09 05:00:00,-0.0571
2023-06-09 06:00:00,0.6146
2023-06-09 07:00:00,-0.2071
2023-06-09 08:00:00,0.1412
2023-06-09 09:00:00,0.0007
2023-06-09 10:00:00,0.0126
2023-06-09 11:00:00,-0.0805
2023-06-09 12:00:00,-0.1927
2023-06-09 13:00:00,0.2754
2023-06-09 14:00:00,0.1322
2023-06-09 15:00:00,0.4334
2023-06-09 16:00:00,0.0389
2023-06-09 17:00:00,0.0327
2023-06-09 18:00:00,0.3212
2023-06-09 19:00:00,-0.8202
2023-06-09 20:00:00,-1.0157
2023-06-09 21:00:00,-0.4490
2023-06-09 22:00:00,-0.1997
2023-06-09 23:00:00,0
2023-06-10 00:00:00,0
2023-06-10 01:00:00,-0.0843
2023-06-10 02:00:00,0
2023-06-10 03:00:00,0
2023-06-10 04:00:00,0
2023-06-10 05:00:00,0.0147
2023-06-10 06:00:00,0.9707
2023-06-10 07:00:00,0.3259
2023-06-10 08:00:00,0.4349
2023-06-10 09:00:00,0.3218
2023-06-10 10:00:00,-0.0545
2023-06-10 11:00:00,0.3991
2023-06-10 12:00:00,0.1680
2023-06-10 13:00:00,0.2183
2023-06-10 14:00:00,0.3470
2023-06-10 15:00:00,0.0455
2023-06-10 16:00:00,2.1037
2023-06-10 17:00:00,0.1468
2023-06-10 18:00:00,0.2831
2023-06-10 19:00:00,0.0045
2023-06-10 20:00:00,-0.3977
2023-06-10 21:00:00,-0.1293
2023-06-10 22:00:00,-0.0944
2023-06-10 23:00:00,0
2023-06-11 00:00:00,-0.4587
2023-06-11 01:00:00,-0.0630
2023-06-11 02:00:00,0
2023-06-11 03:00:00,0
2023-06-11 04:00:00,0
2023-06-11 05:00:00,0
2023-06-11 06:00:00,1.2103
2023-06-11 07:00:00,-0.2628
2023-06-11 08:00:00,0.1545
2023-06-11 09:00:00,0.1412
2023-06-11 10:00:00,0.0193
2023-06-11 11:00:00,-0.1559
2023-06-11 12:00:00,-6.8654
2023-06-11 13:00:00,-12.4656
2023-06-11 14:00:00,0.0305
2023-06-11 15:00:00,0.0993
2023-06-11 16:00:00,0.5321
2023-06-11 17:00:00,0.0219
2023-06-11 18:00:00,0.0137
2023-06-11 19:00:00,-0.5933
2023-06-11 20:00:00,-0.2256
2023-06-11 21:00:00,-0.2247
2023-06-11 22:00:00,-0.6029
2023-06-11 23:00:00,-0.0289
2023-06-12 00:00:00,-0.1482
2023-06-12 01:00:00,0
2023-06-12 02:00:00,0
2023-06-12 03:00:00,0
2023-06-12 04:00:00,0
2023-06-12 05:00:00,0.1070
2023-06-12 06:00:00,0.3755
2023-06-12 07:00:00,-0.1501
2023-06-12 08:00:00,-0.1213
2023-06-12 09:00:00,-0.3142
2023-06-12 10:00:00,-0.0269
2023-06-12 11:00:00,0.0887
2023-06-12 12:00:00,0.0935
2023-06-12 13:00:00,-0.0224
2023-06-12 14:00:00,-2.5936
2023-06-12 15:00:00,-5.1428
2023-06-12 16:00:00,0.2630
2023-06-12 17:00:00,-1.4379
2023-06-12 18:00:00,-0.7547
2023-06-12 19:00:00,-0.7571
2023-06-12 20:00:00,-0.7825
2023-06-12 21:00:00,-1.5450
2023-06-12 22:00:00,-0.3720
2023-06-12 23:00:00,0.0172
2023-06-13 00:00:00,-0.0099
2023-06-13 01:00:00,0.0003
2023-06-13 02:00:00,0
2023-06-13 03:00:00,0.0002
2023-06-13 04:00:00,0
2023-06-13 05:00:00,0.1243
2023-06-13 06:00:00,0.2788
2023-06-13 07:00:00,-0.2638
2023-06-13 08:00:00,0.0883
2023-06-13 09:00:00,-0.0675
2023-06-13 10:00:00,0.0387
2023-06-13 11:00:00,0.0418
2023-06-13 12:00:00,-0.0157
2023-06-13 13:00:00,0.0021
2023-06-13 14:00:00,-0.2129
2023-06-13 15:00:00,0.0291
2023-06-13 16:00:00,0
2023-06-13 17:00:00,0.1674
2023-06-13 18:00:00,-3.3427
2023-06-13 19:00:00,0.0228
2023-06-13 20:00:00,-0.1042
2023-06-13 21:00:00,0
2023-06-13 22:00:00,-0.0686
2023-06-13 23:00:00,0.2080
2023-06-14 00:00:00,0.0010
2023-06-14 01:00:00,0
2023-06-14 02:00:00,0
2023-06-14 03:00:00,0
2023-06-14 04:00:00,0
2023-06-14 05:00:00,0.0659
2023-06-14 06:00:00,0.3119
2023-06-14 07:00:00,-0.4303
2023-06-14 08:00:00,-0.0429
2023-06-14 09:00:00,-0.0333
2023-06-14 10:00:00,0.0063
2023-06-14 11:00:00,0
2023-06-14 12:00:00,0
2023-06-14 13:00:00,0
2023-06-14 14:00:00,0.2523
2023-06-14 15:00:00,0.2251
2023-06-14 16:00:00,0.6964
2023-06-14 17:00:00,0.0212
2023-06-14 18:00:00,0.0225
2023-06-14 19:00:00,-0.9800
2023-06-14 20:00:00,-2.5793
2023-06-14 21:00:00,-0.5115
2023-06-14 22:00:00,-2.0643
2023-06-14 23:00:00,-0.7517
2023-06-15 00:00:00,-0.0327
2023-06-15 01:00:00,0.0535
2023-06-15 02:00:00,0.0682
2023-06-15 03:00:00,0.0279
2023-06-15 04:00:00,0.0518
2023-06-15 05:00:00,0.2555
2023-06-15 06:00:00,0.7305
2023-06-15 07:00:00,-0.1668
2023-06-15 08:00:00,0.0056
2023-06-15 09:00:00,-0.0236
2023-06-15 10:00:00,0.0277
2023-06-15 11:00:00,0.0229
2023-06-15 12:00:00,0.0291
2023-06-15 13:00:00,0.0413
2023-06-15 14:00:00,0.4564
2023-06-15 15:00:00,0.2967
2023-06-15 16:00:00,0.0971
2023-06-15 17:00:00,0.1199
2023-06-15 18:00:00,0.0781
2023-06-15 19:00:00,-0.8238
2023-06-15 20:00:00,-2.4652
2023-06-15 21:00:00,-0.5391
2023-06-15 22:00:00,-1.7981
2023-06-15 23:00:00,0.1663
2023-06-16 00:00:00,0.0171
2023-06-16 01:00:00,0.0010
2023-06-16 02:00:00,0.0019
2023-06-16 03:00:00,0.0383
2023-06-16 04:00:00,0
2023-06-16 05:00:00,0.0021
2023-06-16 06:00:00,0.9876
2023-06-16 07:00:00,-0.1512
2023-06-16 08:00:00,0.0016
2023-06-16 09:00:00,-0.2142
2023-06-16 10:00:00,-0.1652
2023-06-16 11:00:00,0.0517
2023-06-16 12:00:00,-0.0652
2023-06-16 13:00:00,0.0375
2023-06-16 14:00:00,-0.1484
2023-06-16 15:00:00,-1.1107
2023-06-16 16:00:00,-23.7187
2023-06-16 17:00:00,-17.9988
2023-06-16 18:00:00,0.0519
2023-06-16 19:00:00,-0.9673
2023-06-16 20:00:00,-3.1080
2023-06-16 21:00:00,-0.2183
2023-06-16 22:00:00,0.1905
2023-06-16 23:00:00,0.0054
2023-06-17 00:00:00,0.0416
2023-06-17 01:00:00,0.0002
2023-06-17 02:00:00,0
2023-06-17 03:00:00,0.0014
2023-06-17 04:00:00,-0.0198
2023-06-17 05:00:00,-0.4874
2023-06-17 06:00:00,0.2987
2023-06-17 07:00:00,-0.3945
2023-06-17 08:00:00,0.1329
2023-06-17 09:00:00,-0.0254
2023-06-17 10:00:00,0.0694
2023-06-17 11:00:00,0.0509
2023-06-17 12:00:00,0.0244
2023-06-17 13:00:00,0
2023-06-17 14:00:00,0
2023-06-17 15:00:00,0.0440
2023-06-17 16:00:00,0.0576
2023-06-17 17:00:00,0.1990
2023-06-17 18:00:00,0.0362
2023-06-17 19:00:00,-0.9542
2023-06-17 20:00:00,-0.5029
2023-06-17 21:00:00,-0.5076
2023-06-17 22:00:00,-0.4328
2023-06-17 23:00:00,-0.2360
2023-06-18 00:00:00,0
2023-06-18 01:00:00,-0.1070
2023-06-18 02:00:00,-0.0778
2023-06-18 03:00:00,0
2023-06-18 04:00:00,0
2023-06-18 05:00:00,0.1149
2023-06-18 06:00:00,0.5102
2023-06-18 07:00:00,-0.0623
2023-06-18 08:00:00,0.1372
2023-06-18 09:00:00,-0.0168
2023-06-18 10:00:00,0.0306
2023-06-18 11:00:00,1.0941
2023-06-18 12:00:00,1.4298
2023-06-18 13:00:00,0.6649
2023-06-18 14:00:00,0.6335
2023-06-18 15:00:00,0.1195
2023-06-18 16:00:00,0.0064
2023-06-18 17:00:00,0
2023-06-18 18:00:00,0.2046
2023-06-18 19:00:00,-0.6429
2023-06-18 20:00:00,-0.3883
2023-06-18 21:00:00,-0.4092
2023-06-18 22:00:00,-0.4090
2023-06-18 23:00:00,-0.3339
2023-06-19 00:00:00,-0.6660
2023-06-19 01:00:00,-0.0898
2023-06-19 02:00:00,-0.0709
2023-06-19 03:00:00,0
2023-06-19 04:00:00,0
2023-06-19 05:00:00,0.1112
2023-06-19 06:00:00,0.4884
2023-06-19 07:00:00,-0.2197
2023-06-19 08:00:00,-0.2364
2023-06-19 09:00:00,2.1709
2023-06-19 10:00:00,1.6768
2023-06-19 11:00:00,0.6233
2023-06-19 12:00:00,0.8304
2023-06-19 13:00:00,0.7730
2023-06-19 14:00:00,0.7827
2023-06-19 15:00:00,0.5345
2023-06-19 16:00:00,-0.0414
2023-06-19 17:00:00,0.7940
2023-06-19 18:00:00,0.7968
2023-06-19 19:00:00,-0.5897
2023-06-19 20:00:00,-2.3367
2023-06-19 21:00:00,-0.5573
2023-06-19 22:00:00,-0.3590
2023-06-19 23:00:00,0
2023-06-20 00:00:00,-0.1960
2023-06-20 01:00:00,0
2023-06-20 02:00:00,0
2023-06-20 03:00:00,0
2023-06-20 04:00:00,0
2023-06-20 05:00:00,0.2252
2023-06-20 06:00:00,0.2463
2023-06-20 07:00:00,2.1344
2023-06-20 08:00:00,-0.2620
2023-06-20 09:00:00,0.1031
2023-06-20 10:00:00,0.2567
2023-06-20 11:00:00,1.6260
2023-06-20 12:00:00,1.0144
2023-06-20 13:00:00,1.4251
2023-06-20 14:00:00,0.6704
2023-06-20 15:00:00,0.8557
2023-06-20 16:00:00,0.7963
2023-06-20 17:00:00,-0.0829
2023-06-20 18:00:00,0.1034
2023-06-20 19:00:00,-0.9870
2023-06-20 20:00:00,-2.7306
2023-06-20 21:00:00,-0.5879
2023-06-20 22:00:00,-1.0619
2023-06-20 23:00:00,0.1588
2023-06-21 00:00:00,-0.0020
2023-06-21 01:00:00,0.0071
2023-06-21 02:00:00,0.0086
2023-06-21 03:00:00,0.0045
2023-06-21 04:00:00,-0.0371
2023-06-21 05:00:00,0
2023-06-21 06:00:00,0.4206
2023-06-21 07:00:00,-0.3730
2023-06-21 08:00:00,0.0853
2023-06-21 09:00:00,-0.0536
2023-06-21 10:00:00,0.0402
2023-06-21 11:00:00,0.0164
2023-06-21 12:00:00,-0.0177
2023-06-21 13:00:00,0.0119
2023-06-21 14:00:00,0.0197
2023-06-21 15:00:00,1.8014
2023-06-21 16:00:00,3.4124
2023-06-21 17:00:00,0.7617
2023-06-21 18:00:00,-0.2640
2023-06-21 19:00:00,-0.6691
2023-06-21 20:00:00,-0.2162
2023-06-21 21:00:00,-0.2303
2023-06-21 22:00:00,0.0335
2023-06-21 23:00:00,0.1370
2023-06-22 00:00:00,0.1011
2023-06-22 01:00:00,-0.0626
2023-06-22 02:00:00,0.0018
2023-06-22 03:00:00,0
2023-06-22 04:00:00,-0.0533
2023-06-22 05:00:00,0
2023-06-22 06:00:00,0.3992
2023-06-22 07:00:00,-0.0778
2023-06-22 08:00:00,-0.2083
2023-06-22 09:00:00,2.0130
2023-06-22 10:00:00,0.9438
2023-06-22 11:00:00,-0.2693
2023-06-22 12:00:00,0.0021
2023-06-22 13:00:00,-0.0794
2023-06-22 14:00:00,0.0134
2023-06-22 15:00:00,-0.0105
2023-06-22 16:00:00,0.0747
2023-06-22 17:00:00,0.3547
2023-06-22 18:00:00,-1.3773
2023-06-22 19:00:00,0.7093
2023-06-22 20:00:00,-1.1364
2023-06-22 21:00:00,-0.2580
2023-06-22 22:00:00,-0.1954
2023-06-22 23:00:00,-0.1783
2023-06-23 00:00:00,0.1675
2023-06-23 01:00:00,-0.0895
2023-06-23 02:00:00,0
2023-06-23 03:00:00,0
2023-06-23 04:00:00,0
2023-06-23 05:00:00,0.1259
2023-06-23 06:00:00,0.3272
2023-06-23 07:00:00,-0.2151
2023-06-23 08:00:00,0.1230
2023-06-23 09:00:00,-0.0611
2023-06-23 10:00:00,0.0540
2023-06-23 11:00:00,0.0477
2023-06-23 12:00:00,0.0036
2023-06-23 13:00:00,-0.0314
2023-06-23 14:00:00,0.0277
2023-06-23 15:00:00,0.0544
2023-06-23 16:00:00,0.0396
2023-06-23 17:00:00,0.1418
2023-06-23 18:00:00,0.0090
2023-06-23 19:00:00,-0.4556
2023-06-23 20:00:00,-0.6698
2023-06-23 21:00:00,-0.5041
2023-06-23 22:00:00,-0.0916
2023-06-23 23:00:00,-0.6179
2023-06-24 00:00:00,-0.5840
2023-06-24 01:00:00,-0.1008
2023-06-24 02:00:00,0.1573
2023-06-24 03:00:00,0.0242
2023-06-24 04:00:00,0
2023-06-24 05:00:00,0.0957
2023-06-24 06:00:00,1.4448
2023-06-24 07:00:00,-0.3144
2023-06-24 08:00:00,-0.1239
2023-06-24 09:00:00,-1.6941
2023-06-24 10:00:00,-2.7450
2023-06-24 11:00:00,0.1303
2023-06-24 12:00:00,0.0328
2023-06-24 13:00:00,-0.7879
2023-06-24 14:00:00,-1.3574
2023-06-24 15:00:00,0.0217
2023-06-24 16:00:00,-0.0179
2023-06-24 17:00:00,0.1121
2023-06-24 18:00:00,0.0555
2023-06-24 19:00:00,-1.3317
2023-06-24 20:00:00,0.0742
2023-06-24 21:00:00,0
2023-06-24 22:00:00,0.2069
2023-06-24 23:00:00,0.0833
2023-06-25 00:00:00,-1.0171
2023-06-25 01:00:00,0
2023-06-25 02:00:00,-0.0309
2023-06-25 03:00:00,0
2023-06-25 04:00:00,0
2023-06-25 05:00:00,0.0904
2023-06-25 06:00:00,0.5373
2023-06-25 07:00:00,-0.3025
2023-06-25 08:00:00,0.1042
2023-06-25 09:00:00,-0.1321
2023-06-25 10:00:00,-0.1810
2023-06-25 11:00:00,0.0169
2023-06-25 12:00:00,0.0514
2023-06-25 13:00:00,-0.0388
2023-06-25 14:00:00,-0.1861
2023-06-25 15:00:00,-0.4952
2023-06-25 16:00:00,0.0714
2023-06-25 17:00:00,0.1234
2023-06-25 18:00:00,0.0825
2023-06-25 19:00:00,-0.3046
2023-06-25 20:00:00,-0.1430
2023-06-25 21:00:00,-0.3569
2023-06-25 22:00:00,-0.1529
2023-06-25 23:00:00,-0.1906
2023-06-26 00:00:00,-0.1136
2023-06-26 01:00:00,0
2023-06-26 02:00:00,0
2023-06-26 03:00:00,0
2023-06-26 04:00:00,0
2023-06-26 05:00:00,0.0798
2023-06-26 06:00:00,0.5914
2023-06-26 07:00:00,-0.4269
2023-06-26 08:00:00,0.1968
2023-06-26 09:00:00,-0.1143
2023-06-26 10:00:00,-0.1812
2023-06-26 11:00:00,-0.0019
2023-06-26 12:00:00,-0.0169
2023-06-26 13:00:00,-0.0768
2023-06-26 14:00:00,-0.0395
2023-06-26 15:00:00,-0.0059
2023-06-26 16:00:00,0.0330
2023-06-26 17:00:00,0.1296
2023-06-26 18:00:00,0.0404
2023-06-26 19:00:00,-0.3804
2023-06-26 20:00:00,-0.1429
2023-06-26 21:00:00,0.1918
2023-06-26 22:00:00,0.1206
2023-06-26 23:00:00,0.0086
2023-06-27 00:00:00,0.0245
2023-06-27 01:00:00,0.0002
2023-06-27 02:00:00,0.0008
2023-06-27 03:00:00,0.0002
2023-06-27 04:00:00,-0.0496
2023-06-27 05:00:00,0.0070
2023-06-27 06:00:00,0.4815
2023-06-27 07:00:00,-0.5210
2023-06-27 08:00:00,0.2086
2023-06-27 09:00:00,-0.0188
2023-06-27 10:00:00,0.2125
2023-06-27 11:00:00,-0.0577
2023-06-27 12:00:00,0.0277
2023-06-27 13:00:00,-0.0978
2023-06-27 14:00:00,-0.0499
2023-06-27 15:00:00,-0.0063
2023-06-27 16:00:00,0.0839
2023-06-27 17:00:00,0.1347
2023-06-27 18:00:00,0.0282
2023-06-27 19:00:00,-0.5125
2023-06-27 20:00:00,-0.0057
2023-06-27 21:00:00,-0.3651
2023-06-27 22:00:00,0.2377
2023-06-27 23:00:00,-0.0067
2023-06-28 00:00:00,0.0189
2023-06-28 01:00:00,0.0341
2023-06-28 02:00:00,0.0004
2023-06-28 03:00:00,0
2023-06-28 04:00:00,-0.0029
2023-06-28 05:00:00,0.0010
2023-06-28 06:00:00,0.4793
2023-06-28 07:00:00,-0.2999
2023-06-28 08:00:00,0.1601
2023-06-28 09:00:00,-0.0927
2023-06-28 10:00:00,-0.2579
2023-06-28 11:00:00,-0.0001
2023-06-28 12:00:00,-0.0566
2023-06-28 13:00:00,-0.1262
2023-06-28 14:00:00,0.0413
2023-06-28 15:00:00,0.0118
2023-06-28 16:00:00,0.0314
2023-06-28 17:00:00,0.1764
2023-06-28 18:00:00,0.0515
2023-06-28 19:00:00,-0.3660
2023-06-28 20:00:00,0.0809
2023-06-28 21:00:00,0.0684
2023-06-28 22:00:00,0.0808
2023-06-28 23:00:00,0.0692
2023-06-29 00:00:00,0.1394
2023-06-29 01:00:00,0.0005
2023-06-29 02:00:00,0.2285
2023-06-29 03:00:00,0.0019
2023-06-29 04:00:00,-0.0213
2023-06-29 05:00:00,0.0167
2023-06-29 06:00:00,0.4577
2023-06-29 07:00:00,-0.4627
2023-06-29 08:00:00,0.2583
2023-06-29 09:00:00,-0.1734
2023-06-29 10:00:00,-0.1175
2023-06-29 11:00:00,-0.0052
2023-06-29 12:00:00,-0.1384
2023-06-29 13:00:00,-0.1464
2023-06-29 14:00:00,0.0168
2023-06-29 15:00:00,-0.0027
2023-06-29 16:00:00,0.0633
2023-06-29 17:00:00,0.2976
2023-06-29 18:00:00,0.0838
2023-06-29 19:00:00,0.5139
2023-06-29 20:00:00,-0.5566
2023-06-29 21:00:00,0.2497
2023-06-29 22:00:00,0.0015
2023-06-29 23:00:00,0.0182
2023-06-30 00:00:00,0.0025
2023-06-30 01:00:00,0.0005
2023-06-30 02:00:00,0
2023-06-30 03:00:00,0.0002
2023-06-30 04:00:00,0.0005
2023-06-30 05:00:00,0.0130
2023-06-30 06:00:00,0.4477
2023-06-30 07:00:00,-0.2660
2023-06-30 08:00:00,0.1025
2023-06-30 09:00:00,-0.2008
2023-06-30 10:00:00,-0.2609
2023-06-30 11:00:00,-0.0947
2023-06-30 12:00:00,0.0102
2023-06-30 13:00:00,-0.0254
2023-06-30 14:00:00,0.0219
2023-06-30 15:00:00,-0.0083
2023-06-30 16:00:00,0.0677
2023-06-30 17:00:00,0.0767
2023-06-30 18:00:00,-0.2893
2023-06-30 19:00:00,-1.1485
2023-06-30 20:00:00,-1.4794
2023-06-30 21:00:00,-0.0970
2023-06-30 22:00:00,0.1767
2023-06-30 23:00:00,0.0946
