date,volume_discharging_energy
2023-04-01 00:00:00,6.9714
2023-04-01 01:00:00,2.6602
2023-04-01 02:00:00,3.5946
2023-04-01 03:00:00,5.0428
2023-04-01 04:00:00,2.5128
2023-04-01 05:00:00,4.1951
2023-04-01 06:00:00,3.7952
2023-04-01 07:00:00,5.2277
2023-04-01 08:00:00,3.7436
2023-04-01 09:00:00,3.1076
2023-04-01 10:00:00,1.9254
2023-04-01 11:00:00,4.4845
2023-04-01 12:00:00,4.5067
2023-04-01 13:00:00,4.7286
2023-04-01 14:00:00,4.9027
2023-04-01 15:00:00,5.4807
2023-04-01 16:00:00,2.3167
2023-04-01 17:00:00,2.7634
2023-04-01 18:00:00,2.7553
2023-04-01 19:00:00,1.1536
2023-04-01 20:00:00,3.4067
2023-04-01 21:00:00,2.8024
2023-04-01 22:00:00,4.7750
2023-04-01 23:00:00,1.5343
2023-04-02 00:00:00,5.8377
2023-04-02 01:00:00,1.8290
2023-04-02 02:00:00,3.2798
2023-04-02 03:00:00,3.1554
2023-04-02 04:00:00,2.9848
2023-04-02 05:00:00,3.6287
2023-04-02 06:00:00,1.9710
2023-04-02 07:00:00,5.1003
2023-04-02 08:00:00,2.2208
2023-04-02 09:00:00,6.0556
2023-04-02 10:00:00,2.1098
2023-04-02 11:00:00,2.2709
2023-04-02 12:00:00,3.3856
2023-04-02 13:00:00,2.8956
2023-04-02 14:00:00,2.4189
2023-04-02 15:00:00,4.2209
2023-04-02 16:00:00,4.2562
2023-04-02 17:00:00,2.1343
2023-04-02 18:00:00,2.7696
2023-04-02 19:00:00,5.0477
2023-04-02 20:00:00,0.3933
2023-04-02 21:00:00,4.8609
2023-04-02 22:00:00,6.4844
2023-04-02 23:00:00,1.9240
2023-04-03 00:00:00,5.1596
2023-04-03 01:00:00,4.3155
2023-04-03 02:00:00,3.1662
2023-04-03 03:00:00,4.2654
2023-04-03 04:00:00,2.0035
2023-04-03 05:00:00,3.0767
2023-04-03 06:00:00,1.3510
2023-04-03 07:00:00,6.3906
2023-04-03 08:00:00,3.4570
2023-04-03 09:00:00,3.4479
2023-04-03 10:00:00,2.1216
2023-04-03 11:00:00,3.3443
2023-04-03 12:00:00,3.6563
2023-04-03 13:00:00,2.3349
2023-04-03 14:00:00,3.5675
2023-04-03 15:00:00,3.8669
2023-04-03 16:00:00,4.2940
2023-04-03 17:00:00,1.7220
2023-04-03 18:00:00,4.1692
2023-04-03 19:00:00,2.6147
2023-04-03 20:00:00,2.2668
2023-04-03 21:00:00,2.0422
2023-04-03 22:00:00,5.4996
2023-04-03 23:00:00,4.6572
2023-04-04 00:00:00,4.6238
2023-04-04 01:00:00,5.2598
2023-04-04 02:00:00,1.4860
2023-04-04 03:00:00,4.6304
2023-04-04 04:00:00,3.5530
2023-04-04 05:00:00,4.0134
2023-04-04 06:00:00,6.2935
2023-04-04 07:00:00,5.3471
2023-04-04 08:00:00,3.5622
2023-04-04 09:00:00,4.8763
2023-04-04 10:00:00,4.2358
2023-04-04 11:00:00,4.5660
2023-04-04 12:00:00,2.8189
2023-04-04 13:00:00,2.1260
2023-04-04 14:00:00,2.9675
2023-04-04 15:00:00,5.1551
2023-04-04 16:00:00,3.8356
2023-04-04 17:00:00,1.3522
2023-04-04 18:00:00,3.5962
2023-04-04 19:00:00,4.2988
2023-04-04 20:00:00,2.6185
2023-04-04 21:00:00,4.1857
2023-04-04 22:00:00,2.6371
2023-04-04 23:00:00,4.0095
2023-04-05 00:00:00,5.4047
2023-04-05 01:00:00,3.8422
2023-04-05 02:00:00,3.9410
2023-04-05 03:00:00,3.5814
2023-04-05 04:00:00,2.5669
2023-04-05 05:00:00,5.3379
2023-04-05 06:00:00,2.6489
2023-04-05 07:00:00,5.3664
2023-04-05 08:00:00,4.0602
2023-04-05 09:00:00,3.4168
2023-04-05 10:00:00,4.2104
2023-04-05 11:00:00,1.8567
2023-04-05 12:00:00,5.1893
2023-04-05 13:00:00,4.8990
2023-04-05 14:00:00,2.0835
2023-04-05 15:00:00,4.4763
2023-04-05 16:00:00,4.6565
2023-04-05 17:00:00,5.6538
2023-04-05 18:00:00,4.7939
2023-04-05 19:00:00,2.3896
2023-04-05 20:00:00,2.7294
2023-04-05 21:00:00,3.3341
2023-04-05 22:00:00,2.8923
2023-04-05 23:00:00,2.4983
2023-04-06 00:00:00,3.9978
2023-04-06 01:00:00,3.3468
2023-04-06 02:00:00,2.4108
2023-04-06 03:00:00,2.1815
2023-04-06 04:00:00,5.1610
2023-04-06 05:00:00,3.4111
2023-04-06 06:00:00,1.3805
2023-04-06 07:00:00,5.7362
2023-04-06 08:00:00,1.9785
2023-04-06 09:00:00,3.6115
2023-04-06 10:00:00,4.3622
2023-04-06 11:00:00,4.0318
2023-04-06 12:00:00,6.1311
2023-04-06 13:00:00,2.1568
2023-04-06 14:00:00,3.9240
2023-04-06 15:00:00,4.3706
2023-04-06 16:00:00,5.7151
2023-04-06 17:00:00,5.4469
2023-04-06 18:00:00,3.4115
2023-04-06 19:00:00,2.6185
2023-04-06 20:00:00,2.5075
2023-04-06 21:00:00,3.5126
2023-04-06 22:00:00,7.1087
2023-04-06 23:00:00,2.1829
2023-04-07 00:00:00,2.6497
2023-04-07 01:00:00,3.0710
2023-04-07 02:00:00,2.0974
2023-04-07 03:00:00,3.0499
2023-04-07 04:00:00,4.1812
2023-04-07 05:00:00,5.0996
2023-04-07 06:00:00,4.1755
2023-04-07 07:00:00,3.8698
2023-04-07 08:00:00,2.8131
2023-04-07 09:00:00,6.2517
2023-04-07 10:00:00,2.3433
2023-04-07 11:00:00,2.6194
2023-04-07 12:00:00,2.8597
2023-04-07 13:00:00,2.5370
2023-04-07 14:00:00,3.8017
2023-04-07 15:00:00,2.7216
2023-04-07 16:00:00,2.2922
2023-04-07 17:00:00,5.0708
2023-04-07 18:00:00,4.3015
2023-04-07 19:00:00,1.9436
2023-04-07 20:00:00,1.1272
2023-04-07 21:00:00,3.0149
2023-04-07 22:00:00,5.5704
2023-04-07 23:00:00,5.1358
2023-04-08 00:00:00,3.0655
2023-04-08 01:00:00,5.2847
2023-04-08 02:00:00,2.5120
2023-04-08 03:00:00,1.0113
2023-04-08 04:00:00,4.1557
2023-04-08 05:00:00,2.6800
2023-04-08 06:00:00,2.5079
2023-04-08 07:00:00,2.9670
2023-04-08 08:00:00,4.6104
2023-04-08 09:00:00,4.1971
2023-04-08 10:00:00,0.0970
2023-04-08 11:00:00,1.3788
2023-04-08 12:00:00,6.0459
2023-04-08 13:00:00,2.3500
2023-04-08 14:00:00,2.2118
2023-04-08 15:00:00,2.7715
2023-04-08 16:00:00,2.6736
2023-04-08 17:00:00,5.2355
2023-04-08 18:00:00,3.3044
2023-04-08 19:00:00,2.5450
2023-04-08 20:00:00,1.7291
2023-04-08 21:00:00,3.6331
2023-04-08 22:00:00,4.9320
2023-04-08 23:00:00,3.2315
2023-04-09 00:00:00,3.5537
2023-04-09 01:00:00,4.8332
2023-04-09 02:00:00,2.3914
2023-04-09 03:00:00,4.7466
2023-04-09 04:00:00,3.6933
2023-04-09 05:00:00,3.4424
2023-04-09 06:00:00,3.2158
2023-04-09 07:00:00,0.6487
2023-04-09 08:00:00,3.0958
2023-04-09 09:00:00,5.6276
2023-04-09 10:00:00,2.1602
2023-04-09 11:00:00,5.0967
2023-04-09 12:00:00,1.2279
2023-04-09 13:00:00,4.3914
2023-04-09 14:00:00,0.9096
2023-04-09 15:00:00,3.3287
2023-04-09 16:00:00,1.9408
2023-04-09 17:00:00,6.6224
2023-04-09 18:00:00,2.2900
2023-04-09 19:00:00,3.2298
2023-04-09 20:00:00,2.9892
2023-04-09 21:00:00,4.5363
2023-04-09 22:00:00,3.8563
2023-04-09 23:00:00,3.3733
2023-04-10 00:00:00,7.4493
2023-04-10 01:00:00,5.0921
2023-04-10 02:00:00,6.2053
2023-04-10 03:00:00,5.0920
2023-04-10 04:00:00,6.4876
2023-04-10 05:00:00,7.3276
2023-04-10 06:00:00,6.3625
2023-04-10 07:00:00,5.0916
2023-04-10 08:00:00,6.1249
2023-04-10 09:00:00,5.5847
2023-04-10 10:00:00,5.1685
2023-04-10 11:00:00,6.1917
2023-04-10 12:00:00,6.0110
2023-04-10 13:00:00,5.5216
2023-04-10 14:00:00,6.8253
2023-04-10 15:00:00,5.0921
2023-04-10 16:00:00,6.2302
2023-04-10 17:00:00,6.0636
2023-04-10 18:00:00,5.0922
2023-04-10 19:00:00,7.6588
2023-04-10 20:00:00,5.0916
2023-04-10 21:00:00,6.4819
2023-04-10 22:00:00,5.8052
2023-04-10 23:00:00,7.3845
2023-04-11 00:00:00,5.5031
2023-04-11 01:00:00,4.0124
2023-04-11 02:00:00,5.1867
2023-04-11 03:00:00,4.3922
2023-04-11 04:00:00,5.3120
2023-04-11 05:00:00,3.3471
2023-04-11 06:00:00,2.9312
2023-04-11 07:00:00,5.4572
2023-04-11 08:00:00,3.4926
2023-04-11 09:00:00,5.7039
2023-04-11 10:00:00,6.1369
2023-04-11 11:00:00,2.7070
2023-04-11 12:00:00,3.8186
2023-04-11 13:00:00,6.5202
2023-04-11 14:00:00,3.6803
2023-04-11 15:00:00,3.3169
2023-04-11 16:00:00,4.0372
2023-04-11 17:00:00,3.1113
2023-04-11 18:00:00,3.8548
2023-04-11 19:00:00,3.2321
2023-04-11 20:00:00,2.8063
2023-04-11 21:00:00,3.2315
2023-04-11 22:00:00,5.7820
2023-04-11 23:00:00,4.4106
2023-04-12 00:00:00,3.7833
2023-04-12 01:00:00,3.9690
2023-04-12 02:00:00,4.0877
2023-04-12 03:00:00,2.6199
2023-04-12 04:00:00,2.7708
2023-04-12 05:00:00,3.2063
2023-04-12 06:00:00,3.8024
2023-04-12 07:00:00,3.1460
2023-04-12 08:00:00,3.7941
2023-04-12 09:00:00,1.4537
2023-04-12 10:00:00,4.8261
2023-04-12 11:00:00,4.3062
2023-04-12 12:00:00,3.8178
2023-04-12 13:00:00,2.2895
2023-04-12 14:00:00,1.8401
2023-04-12 15:00:00,3.9460
2023-04-12 16:00:00,7.2089
2023-04-12 17:00:00,2.2793
2023-04-12 18:00:00,4.4448
2023-04-12 19:00:00,6.5655
2023-04-12 20:00:00,1.5202
2023-04-12 21:00:00,4.0077
2023-04-12 22:00:00,5.8525
2023-04-12 23:00:00,6.7116
2023-04-13 00:00:00,4.6661
2023-04-13 01:00:00,3.9150
2023-04-13 02:00:00,3.7443
2023-04-13 03:00:00,4.3598
2023-04-13 04:00:00,2.7389
2023-04-13 05:00:00,1.8064
2023-04-13 06:00:00,5.8785
2023-04-13 07:00:00,4.1139
2023-04-13 08:00:00,3.4805
2023-04-13 09:00:00,3.8875
2023-04-13 10:00:00,3.1890
2023-04-13 11:00:00,4.5753
2023-04-13 12:00:00,3.5338
2023-04-13 13:00:00,3.7129
2023-04-13 14:00:00,4.8315
2023-04-13 15:00:00,4.8298
2023-04-13 16:00:00,2.8287
2023-04-13 17:00:00,4.8831
2023-04-13 18:00:00,3.8903
2023-04-13 19:00:00,4.4523
2023-04-13 20:00:00,2.4195
2023-04-13 21:00:00,3.5134
2023-04-13 22:00:00,4.5548
2023-04-13 23:00:00,5.4209
2023-04-14 00:00:00,3.7468
2023-04-14 01:00:00,3.2690
2023-04-14 02:00:00,3.9566
2023-04-14 03:00:00,2.4079
2023-04-14 04:00:00,4.5312
2023-04-14 05:00:00,2.0486
2023-04-14 06:00:00,5.6264
2023-04-14 07:00:00,2.6860
2023-04-14 08:00:00,3.6257
2023-04-14 09:00:00,3.9983
2023-04-14 10:00:00,6.7124
2023-04-14 11:00:00,2.7821
2023-04-14 12:00:00,4.4463
2023-04-14 13:00:00,3.1421
2023-04-14 14:00:00,0.5536
2023-04-14 15:00:00,3.5535
2023-04-14 16:00:00,5.4345
2023-04-14 17:00:00,4.1094
2023-04-14 18:00:00,4.9873
2023-04-14 19:00:00,1.1091
2023-04-14 20:00:00,1.9422
2023-04-14 21:00:00,5.3613
2023-04-14 22:00:00,5.1421
2023-04-14 23:00:00,3.0439
2023-04-15 00:00:00,4.6297
2023-04-15 01:00:00,3.8835
2023-04-15 02:00:00,4.0617
2023-04-15 03:00:00,3.7401
2023-04-15 04:00:00,4.6997
2023-04-15 05:00:00,2.6597
2023-04-15 06:00:00,4.9542
2023-04-15 07:00:00,2.4991
2023-04-15 08:00:00,4.8628
2023-04-15 09:00:00,4.8257
2023-04-15 10:00:00,3.6624
2023-04-15 11:00:00,3.5348
2023-04-15 12:00:00,3.1720
2023-04-15 13:00:00,6.6530
2023-04-15 14:00:00,2.9062
2023-04-15 15:00:00,5.1327
2023-04-15 16:00:00,2.9535
2023-04-15 17:00:00,2.3142
2023-04-15 18:00:00,3.6354
2023-04-15 19:00:00,2.1048
2023-04-15 20:00:00,1.1047
2023-04-15 21:00:00,4.3997
2023-04-15 22:00:00,6.3956
2023-04-15 23:00:00,5.3067
2023-04-16 00:00:00,5.1178
2023-04-16 01:00:00,4.4829
2023-04-16 02:00:00,1.8615
2023-04-16 03:00:00,5.2035
2023-04-16 04:00:00,5.0102
2023-04-16 05:00:00,2.6632
2023-04-16 06:00:00,7.6193
2023-04-16 07:00:00,3.4316
2023-04-16 08:00:00,4.6611
2023-04-16 09:00:00,5.5538
2023-04-16 10:00:00,5.3419
2023-04-16 11:00:00,2.1666
2023-04-16 12:00:00,4.5275
2023-04-16 13:00:00,4.5020
2023-04-16 14:00:00,4.2762
2023-04-16 15:00:00,4.0279
2023-04-16 16:00:00,4.3629
2023-04-16 17:00:00,4.7171
2023-04-16 18:00:00,3.4371
2023-04-16 19:00:00,6.9322
2023-04-16 20:00:00,3.7826
2023-04-16 21:00:00,4.7032
2023-04-16 22:00:00,2.7577
2023-04-16 23:00:00,6.7258
2023-04-17 00:00:00,3.9271
2023-04-17 01:00:00,3.6540
2023-04-17 02:00:00,5.6915
2023-04-17 03:00:00,6.8004
2023-04-17 04:00:00,4.6936
2023-04-17 05:00:00,2.4479
2023-04-17 06:00:00,2.5572
2023-04-17 07:00:00,6.9971
2023-04-17 08:00:00,3.0703
2023-04-17 09:00:00,5.3223
2023-04-17 10:00:00,1.8182
2023-04-17 11:00:00,3.2711
2023-04-17 12:00:00,3.8795
2023-04-17 13:00:00,5.9043
2023-04-17 14:00:00,2.9866
2023-04-17 15:00:00,4.7397
2023-04-17 16:00:00,2.1992
2023-04-17 17:00:00,3.5162
2023-04-17 18:00:00,4.2194
2023-04-17 19:00:00,2.8529
2023-04-17 20:00:00,3.2483
2023-04-17 21:00:00,4.0520
2023-04-17 22:00:00,4.9099
2023-04-17 23:00:00,3.9698
2023-04-18 00:00:00,1.4364
2023-04-18 01:00:00,3.1720
2023-04-18 02:00:00,4.0020
2023-04-18 03:00:00,3.1934
2023-04-18 04:00:00,4.1401
2023-04-18 05:00:00,3.7324
2023-04-18 06:00:00,3.3259
2023-04-18 07:00:00,5.3824
2023-04-18 08:00:00,7.0303
2023-04-18 09:00:00,2.4693
2023-04-18 10:00:00,2.6417
2023-04-18 11:00:00,3.9200
2023-04-18 12:00:00,5.1231
2023-04-18 13:00:00,4.1981
2023-04-18 14:00:00,5.5133
2023-04-18 15:00:00,5.4742
2023-04-18 16:00:00,2.5087
2023-04-18 17:00:00,4.3756
2023-04-18 18:00:00,3.0960
2023-04-18 19:00:00,1.6177
2023-04-18 20:00:00,4.8145
2023-04-18 21:00:00,2.4253
2023-04-18 22:00:00,4.2441
2023-04-18 23:00:00,3.7937
2023-04-19 00:00:00,0
2023-04-19 01:00:00,6.0012
2023-04-19 02:00:00,1.1436
2023-04-19 03:00:00,3.5051
2023-04-19 04:00:00,2.5273
2023-04-19 05:00:00,5.2200
2023-04-19 06:00:00,2.6070
2023-04-19 07:00:00,4.5587
2023-04-19 08:00:00,2.9245
2023-04-19 09:00:00,6.9195
2023-04-19 10:00:00,4.5185
2023-04-19 11:00:00,4.3939
2023-04-19 12:00:00,5.0322
2023-04-19 13:00:00,2.8049
2023-04-19 14:00:00,2.1497
2023-04-19 15:00:00,3.5967
2023-04-19 16:00:00,4.0814
2023-04-19 17:00:00,7.8447
2023-04-19 18:00:00,2.7440
2023-04-19 19:00:00,1.9914
2023-04-19 20:00:00,4.8749
2023-04-19 21:00:00,1.7698
2023-04-19 22:00:00,5.2338
2023-04-19 23:00:00,3.2165
2023-04-20 00:00:00,4.1835
2023-04-20 01:00:00,6.4664
2023-04-20 02:00:00,4.9094
2023-04-20 03:00:00,5.0380
2023-04-20 04:00:00,3.2443
2023-04-20 05:00:00,6.3616
2023-04-20 06:00:00,3.8319
2023-04-20 07:00:00,4.3439
2023-04-20 08:00:00,4.1454
2023-04-20 09:00:00,3.7600
2023-04-20 10:00:00,3.2152
2023-04-20 11:00:00,6.4587
2023-04-20 12:00:00,3.1199
2023-04-20 13:00:00,4.8110
2023-04-20 14:00:00,4.0636
2023-04-20 15:00:00,4.8843
2023-04-20 16:00:00,2.8149
2023-04-20 17:00:00,4.8896
2023-04-20 18:00:00,3.4473
2023-04-20 19:00:00,2.7734
2023-04-20 20:00:00,3.1104
2023-04-20 21:00:00,4.2655
2023-04-20 22:00:00,4.7688
2023-04-20 23:00:00,6.4494
2023-04-21 00:00:00,5.5863
2023-04-21 01:00:00,4.0732
2023-04-21 02:00:00,4.3174
2023-04-21 03:00:00,3.2096
2023-04-21 04:00:00,4.8385
2023-04-21 05:00:00,0.9708
2023-04-21 06:00:00,3.6439
2023-04-21 07:00:00,3.2686
2023-04-21 08:00:00,5.5145
2023-04-21 09:00:00,3.5699
2023-04-21 10:00:00,4.2014
2023-04-21 11:00:00,3.6214
2023-04-21 12:00:00,4.7838
2023-04-21 13:00:00,4.0470
2023-04-21 14:00:00,3.3481
2023-04-21 15:00:00,4.2310
2023-04-21 16:00:00,4.9941
2023-04-21 17:00:00,3.0483
2023-04-21 18:00:00,3.8312
2023-04-21 19:00:00,4.9772
2023-04-21 20:00:00,4.1356
2023-04-21 21:00:00,2.8733
2023-04-21 22:00:00,2.8035
2023-04-21 23:00:00,4.0923
2023-04-22 00:00:00,1.0813
2023-04-22 01:00:00,8.4078
2023-04-22 02:00:00,3.5877
2023-04-22 03:00:00,3.9866
2023-04-22 04:00:00,4.4123
2023-04-22 05:00:00,4.7120
2023-04-22 06:00:00,4.5260
2023-04-22 07:00:00,2.5734
2023-04-22 08:00:00,2.2677
2023-04-22 09:00:00,5.5139
2023-04-22 10:00:00,4.2540
2023-04-22 11:00:00,4.1035
2023-04-22 12:00:00,4.5552
2023-04-22 13:00:00,2.6448
2023-04-22 14:00:00,3.3737
2023-04-22 15:00:00,2.7324
2023-04-22 16:00:00,2.2666
2023-04-22 17:00:00,4.1142
2023-04-22 18:00:00,1.5379
2023-04-22 19:00:00,4.1945
2023-04-22 20:00:00,3.9802
2023-04-22 21:00:00,2.8352
2023-04-22 22:00:00,6.0495
2023-04-22 23:00:00,2.5101
2023-04-23 00:00:00,3.6197
2023-04-23 01:00:00,4.1302
2023-04-23 02:00:00,2.1134
2023-04-23 03:00:00,3.6284
2023-04-23 04:00:00,3.3588
2023-04-23 05:00:00,3.9192
2023-04-23 06:00:00,2.4598
2023-04-23 07:00:00,2.7519
2023-04-23 08:00:00,1.5474
2023-04-23 09:00:00,3.0438
2023-04-23 10:00:00,2.4241
2023-04-23 11:00:00,6.1798
2023-04-23 12:00:00,3.1973
2023-04-23 13:00:00,6.6081
2023-04-23 14:00:00,2.2890
2023-04-23 15:00:00,2.3386
2023-04-23 16:00:00,5.7670
2023-04-23 17:00:00,3.9142
2023-04-23 18:00:00,2.9927
2023-04-23 19:00:00,3.7994
2023-04-23 20:00:00,3.5066
2023-04-23 21:00:00,3.7261
2023-04-23 22:00:00,2.0880
2023-04-23 23:00:00,5.1868
2023-04-24 00:00:00,3.1723
2023-04-24 01:00:00,6.1978
2023-04-24 02:00:00,2.5377
2023-04-24 03:00:00,3.9742
2023-04-24 04:00:00,4.3234
2023-04-24 05:00:00,2.9462
2023-04-24 06:00:00,3.5450
2023-04-24 07:00:00,4.1405
2023-04-24 08:00:00,5.6882
2023-04-24 09:00:00,4.3189
2023-04-24 10:00:00,6.4673
2023-04-24 11:00:00,1.1290
2023-04-24 12:00:00,3.0227
2023-04-24 13:00:00,4.7124
2023-04-24 14:00:00,3.9880
2023-04-24 15:00:00,2.4914
2023-04-24 16:00:00,5.9013
2023-04-24 17:00:00,4.9420
2023-04-24 18:00:00,5.0789
2023-04-24 19:00:00,2.2243
2023-04-24 20:00:00,1.9174
2023-04-24 21:00:00,2.2525
2023-04-24 22:00:00,7.4773
2023-04-24 23:00:00,1.8789
2023-04-25 00:00:00,4.5358
2023-04-25 01:00:00,3.0368
2023-04-25 02:00:00,2.8958
2023-04-25 03:00:00,4.4819
2023-04-25 04:00:00,2.5107
2023-04-25 05:00:00,4.3055
2023-04-25 06:00:00,1.7937
2023-04-25 07:00:00,0
2023-04-25 08:00:00,0
2023-04-25 09:00:00,3.9397
2023-04-25 10:00:00,3.7183
2023-04-25 11:00:00,5.0494
2023-04-25 12:00:00,3.0596
2023-04-25 13:00:00,1.6737
2023-04-25 14:00:00,3.6204
2023-04-25 15:00:00,5.9565
2023-04-25 16:00:00,1.3704
2023-04-25 17:00:00,5.3130
2023-04-25 18:00:00,5.3236
2023-04-25 19:00:00,2.2625
2023-04-25 20:00:00,2.4109
2023-04-25 21:00:00,2.9825
2023-04-25 22:00:00,3.0959
2023-04-25 23:00:00,3.0306
2023-04-26 00:00:00,3.9298
2023-04-26 01:00:00,2.7571
2023-04-26 02:00:00,0.9487
2023-04-26 03:00:00,0
2023-04-26 04:00:00,4.1656
2023-04-26 05:00:00,6.2749
2023-04-26 06:00:00,3.5519
2023-04-26 07:00:00,3.8034
2023-04-26 08:00:00,3.8970
2023-04-26 09:00:00,4.9766
2023-04-26 10:00:00,3.0679
2023-04-26 11:00:00,4.3177
2023-04-26 12:00:00,2.7014
2023-04-26 13:00:00,2.7264
2023-04-26 14:00:00,5.4786
2023-04-26 15:00:00,4.0180
2023-04-26 16:00:00,5.2529
2023-04-26 17:00:00,2.0309
2023-04-26 18:00:00,4.8609
2023-04-26 19:00:00,3.7764
2023-04-26 20:00:00,3.3563
2023-04-26 21:00:00,2.2468
2023-04-26 22:00:00,2.5367
2023-04-26 23:00:00,8.2994
2023-04-27 00:00:00,3.9445
2023-04-27 01:00:00,3.5683
2023-04-27 02:00:00,4.0312
2023-04-27 03:00:00,5.7411
2023-04-27 04:00:00,3.2268
2023-04-27 05:00:00,3.0451
2023-04-27 06:00:00,2.9871
2023-04-27 07:00:00,5.5357
2023-04-27 08:00:00,2.0529
2023-04-27 09:00:00,4.7238
2023-04-27 10:00:00,5.8507
2023-04-27 11:00:00,5.6136
2023-04-27 12:00:00,4.3342
2023-04-27 13:00:00,1.9832
2023-04-27 14:00:00,3.7072
2023-04-27 15:00:00,5.6307
2023-04-27 16:00:00,3.8790
2023-04-27 17:00:00,2.5022
2023-04-27 18:00:00,3.3652
2023-04-27 19:00:00,2.1894
2023-04-27 20:00:00,2.8281
2023-04-27 21:00:00,3.2412
2023-04-27 22:00:00,7.0815
2023-04-27 23:00:00,4.6484
2023-04-28 00:00:00,5.8857
2023-04-28 01:00:00,4.4023
2023-04-28 02:00:00,3.1462
2023-04-28 03:00:00,2.9049
2023-04-28 04:00:00,5.4690
2023-04-28 05:00:00,3.4540
2023-04-28 06:00:00,7.1121
2023-04-28 07:00:00,3.1671
2023-04-28 08:00:00,2.1616
2023-04-28 09:00:00,5.0404
2023-04-28 10:00:00,6.1022
2023-04-28 11:00:00,3.8658
2023-04-28 12:00:00,3.1795
2023-04-28 13:00:00,6.2392
2023-04-28 14:00:00,5.2050
2023-04-28 15:00:00,4.1182
2023-04-28 16:00:00,2.6622
2023-04-28 17:00:00,2.8817
2023-04-28 18:00:00,4.9771
2023-04-28 19:00:00,1.6865
2023-04-28 20:00:00,2.7328
2023-04-28 21:00:00,3.0189
2023-04-28 22:00:00,2.5819
2023-04-28 23:00:00,4.6978
2023-04-29 00:00:00,3.4851
2023-04-29 01:00:00,5.7934
2023-04-29 02:00:00,4.5131
2023-04-29 03:00:00,2.6402
2023-04-29 04:00:00,4.5597
2023-04-29 05:00:00,2.8536
2023-04-29 06:00:00,3.2698
2023-04-29 07:00:00,2.2142
2023-04-29 08:00:00,3.4721
2023-04-29 09:00:00,3.5667
2023-04-29 10:00:00,2.3243
2023-04-29 11:00:00,3.4437
2023-04-29 12:00:00,2.7045
2023-04-29 13:00:00,5.6594
2023-04-29 14:00:00,4.4314
2023-04-29 15:00:00,5.1679
2023-04-29 16:00:00,2.7321
2023-04-29 17:00:00,2.2401
2023-04-29 18:00:00,3.3297
2023-04-29 19:00:00,4.0728
2023-04-29 20:00:00,2.3847
2023-04-29 21:00:00,1.7227
2023-04-29 22:00:00,4.0626
2023-04-29 23:00:00,3.1710
2023-04-30 00:00:00,3.8523
2023-04-30 01:00:00,3.1734
2023-04-30 02:00:00,2.3251
2023-04-30 03:00:00,4.6720
2023-04-30 04:00:00,2.7100
2023-04-30 05:00:00,3.6828
2023-04-30 06:00:00,2.8968
2023-04-30 07:00:00,2.1732
2023-04-30 08:00:00,3.1241
2023-04-30 09:00:00,3.2138
2023-04-30 10:00:00,3.8318
2023-04-30 11:00:00,3.5469
2023-04-30 12:00:00,6.5084
2023-04-30 13:00:00,2.3733
2023-04-30 14:00:00,4.7886
2023-04-30 15:00:00,1.7621
2023-04-30 16:00:00,3.0778
2023-04-30 17:00:00,2.6185
2023-04-30 18:00:00,3.5202
2023-04-30 19:00:00,3.2485
2023-04-30 20:00:00,2.8351
2023-04-30 21:00:00,2.3148
2023-04-30 22:00:00,4.8388
2023-04-30 23:00:00,4.6466
2023-05-01 00:00:00,3.2883
2023-05-01 01:00:00,1.5103
2023-05-01 02:00:00,3.0348
2023-05-01 03:00:00,2.6228
2023-05-01 04:00:00,1.4905
2023-05-01 05:00:00,4.0276
2023-05-01 06:00:00,3.2263
2023-05-01 07:00:00,3.7155
2023-05-01 08:00:00,3.6134
2023-05-01 09:00:00,3.4884
2023-05-01 10:00:00,4.3287
2023-05-01 11:00:00,1.5054
2023-05-01 12:00:00,1.2823
2023-05-01 13:00:00,5.9863
2023-05-01 14:00:00,4.3903
2023-05-01 15:00:00,3.4533
2023-05-01 16:00:00,3.9262
2023-05-01 17:00:00,5.6384
2023-05-01 18:00:00,4.6312
2023-05-01 19:00:00,4.3938
2023-05-01 20:00:00,3.6236
2023-05-01 21:00:00,2.6804
2023-05-01 22:00:00,3.9053
2023-05-01 23:00:00,5.6483
2023-05-02 00:00:00,3.0679
2023-05-02 01:00:00,3.0971
2023-05-02 02:00:00,4.4483
2023-05-02 03:00:00,3.1957
2023-05-02 04:00:00,3.8479
2023-05-02 05:00:00,2.5294
2023-05-02 06:00:00,3.7727
2023-05-02 07:00:00,2.9489
2023-05-02 08:00:00,2.6193
2023-05-02 09:00:00,5.4636
2023-05-02 10:00:00,3.5280
2023-05-02 11:00:00,2.2483
2023-05-02 12:00:00,4.0231
2023-05-02 13:00:00,3.7738
2023-05-02 14:00:00,4.3518
2023-05-02 15:00:00,3.3525
2023-05-02 16:00:00,2.9386
2023-05-02 17:00:00,4.9364
2023-05-02 18:00:00,6.3124
2023-05-02 19:00:00,4.6102
2023-05-02 20:00:00,4.0797
2023-05-02 21:00:00,3.2764
2023-05-02 22:00:00,5.9438
2023-05-02 23:00:00,5.1377
2023-05-03 00:00:00,4.2649
2023-05-03 01:00:00,6.1935
2023-05-03 02:00:00,3.2432
2023-05-03 03:00:00,4.9314
2023-05-03 04:00:00,6.1483
2023-05-03 05:00:00,3.8870
2023-05-03 06:00:00,1.2111
2023-05-03 07:00:00,6.9356
2023-05-03 08:00:00,1.3970
2023-05-03 09:00:00,4.9211
2023-05-03 10:00:00,2.2438
2023-05-03 11:00:00,5.4078
2023-05-03 12:00:00,3.8041
2023-05-03 13:00:00,7.6353
2023-05-03 14:00:00,2.5333
2023-05-03 15:00:00,2.2400
2023-05-03 16:00:00,6.3087
2023-05-03 17:00:00,3.9588
2023-05-03 18:00:00,2.2369
2023-05-03 19:00:00,2.6744
2023-05-03 20:00:00,2.4836
2023-05-03 21:00:00,4.1394
2023-05-03 22:00:00,1.1523
2023-05-03 23:00:00,4.1842
2023-05-04 00:00:00,5.7305
2023-05-04 01:00:00,3.8734
2023-05-04 02:00:00,4.6175
2023-05-04 03:00:00,4.4721
2023-05-04 04:00:00,2.6388
2023-05-04 05:00:00,2.7280
2023-05-04 06:00:00,3.7160
2023-05-04 07:00:00,5.6768
2023-05-04 08:00:00,5.5801
2023-05-04 09:00:00,6.5456
2023-05-04 10:00:00,2.2598
2023-05-04 11:00:00,7.3484
2023-05-04 12:00:00,4.5061
2023-05-04 13:00:00,1.2231
2023-05-04 14:00:00,4.8204
2023-05-04 15:00:00,5.1198
2023-05-04 16:00:00,3.3424
2023-05-04 17:00:00,3.7311
2023-05-04 18:00:00,2.8019
2023-05-04 19:00:00,3.1389
2023-05-04 20:00:00,2.6161
2023-05-04 21:00:00,5.7384
2023-05-04 22:00:00,3.8749
2023-05-04 23:00:00,2.6954
2023-05-05 00:00:00,3.6673
2023-05-05 01:00:00,4.4132
2023-05-05 02:00:00,4.7159
2023-05-05 03:00:00,2.3763
2023-05-05 04:00:00,2.7381
2023-05-05 05:00:00,4.7082
2023-05-05 06:00:00,2.7055
2023-05-05 07:00:00,2.2639
2023-05-05 08:00:00,4.6399
2023-05-05 09:00:00,0.4970
2023-05-05 10:00:00,5.5886
2023-05-05 11:00:00,5.7470
2023-05-05 12:00:00,3.8691
2023-05-05 13:00:00,4.6659
2023-05-05 14:00:00,4.4797
2023-05-05 15:00:00,3.2453
2023-05-05 16:00:00,4.7713
2023-05-05 17:00:00,1.2968
2023-05-05 18:00:00,4.9088
2023-05-05 19:00:00,3.1134
2023-05-05 20:00:00,4.1215
2023-05-05 21:00:00,2.9886
2023-05-05 22:00:00,4.8352
2023-05-05 23:00:00,4.7192
2023-05-06 00:00:00,4.8122
2023-05-06 01:00:00,2.1328
2023-05-06 02:00:00,3.6003
2023-05-06 03:00:00,3.3132
2023-05-06 04:00:00,3.7247
2023-05-06 05:00:00,1.9716
2023-05-06 06:00:00,3.9577
2023-05-06 07:00:00,3.4336
2023-05-06 08:00:00,2.8230
2023-05-06 09:00:00,3.4652
2023-05-06 10:00:00,6.2120
2023-05-06 11:00:00,2.2900
2023-05-06 12:00:00,2.2572
2023-05-06 13:00:00,4.5933
2023-05-06 14:00:00,3.6268
2023-05-06 15:00:00,3.9356
2023-05-06 16:00:00,5.8660
2023-05-06 17:00:00,3.1613
2023-05-06 18:00:00,2.5700
2023-05-06 19:00:00,3.7755
2023-05-06 20:00:00,2.8436
2023-05-06 21:00:00,1.6982
2023-05-06 22:00:00,5.7124
2023-05-06 23:00:00,2.9884
2023-05-07 00:00:00,4.7372
2023-05-07 01:00:00,5.6045
2023-05-07 02:00:00,1.7527
2023-05-07 03:00:00,6.5312
2023-05-07 04:00:00,2.6681
2023-05-07 05:00:00,4.0730
2023-05-07 06:00:00,2.7431
2023-05-07 07:00:00,5.2318
2023-05-07 08:00:00,2.2045
2023-05-07 09:00:00,3.6089
2023-05-07 10:00:00,5.4624
2023-05-07 11:00:00,2.7373
2023-05-07 12:00:00,4.1714
2023-05-07 13:00:00,3.2745
2023-05-07 14:00:00,3.5044
2023-05-07 15:00:00,2.9425
2023-05-07 16:00:00,6.3484
2023-05-07 17:00:00,3.3667
2023-05-07 18:00:00,5.4746
2023-05-07 19:00:00,4.4792
2023-05-07 20:00:00,1.7397
2023-05-07 21:00:00,2.4083
2023-05-07 22:00:00,3.1776
2023-05-07 23:00:00,4.3811
2023-05-08 00:00:00,2.0930
2023-05-08 01:00:00,6.4426
2023-05-08 02:00:00,5.6175
2023-05-08 03:00:00,5.6003
2023-05-08 04:00:00,1.2415
2023-05-08 05:00:00,5.3112
2023-05-08 06:00:00,6.5626
2023-05-08 07:00:00,3.5015
2023-05-08 08:00:00,0.4533
2023-05-08 09:00:00,6.9890
2023-05-08 10:00:00,4.7891
2023-05-08 11:00:00,3.1314
2023-05-08 12:00:00,4.6534
2023-05-08 13:00:00,3.7313
2023-05-08 14:00:00,5.2932
2023-05-08 15:00:00,4.9370
2023-05-08 16:00:00,2.8077
2023-05-08 17:00:00,2.5492
2023-05-08 18:00:00,3.0660
2023-05-08 19:00:00,2.4483
2023-05-08 20:00:00,1.4820
2023-05-08 21:00:00,2.9195
2023-05-08 22:00:00,3.1948
2023-05-08 23:00:00,1.1561
2023-05-09 00:00:00,5.9146
2023-05-09 01:00:00,1.6719
2023-05-09 02:00:00,4.0313
2023-05-09 03:00:00,5.0235
2023-05-09 04:00:00,2.8289
2023-05-09 05:00:00,2.1671
2023-05-09 06:00:00,0.3508
2023-05-09 07:00:00,6.6102
2023-05-09 08:00:00,2.6399
2023-05-09 09:00:00,6.3978
2023-05-09 10:00:00,2.4737
2023-05-09 11:00:00,3.3909
2023-05-09 12:00:00,2.8575
2023-05-09 13:00:00,1.7018
2023-05-09 14:00:00,2.7319
2023-05-09 15:00:00,4.3467
2023-05-09 16:00:00,3.1152
2023-05-09 17:00:00,3.6465
2023-05-09 18:00:00,4.4574
2023-05-09 19:00:00,2.6237
2023-05-09 20:00:00,2.3764
2023-05-09 21:00:00,3.3244
2023-05-09 22:00:00,7.1347
2023-05-09 23:00:00,4.0057
2023-05-10 00:00:00,3.5722
2023-05-10 01:00:00,2.6712
2023-05-10 02:00:00,6.5376
2023-05-10 03:00:00,4.5429
2023-05-10 04:00:00,5.0773
2023-05-10 05:00:00,4.7515
2023-05-10 06:00:00,4.3056
2023-05-10 07:00:00,2.9488
2023-05-10 08:00:00,5.5790
2023-05-10 09:00:00,2.9824
2023-05-10 10:00:00,4.3163
2023-05-10 11:00:00,2.5154
2023-05-10 12:00:00,1.7905
2023-05-10 13:00:00,5.1336
2023-05-10 14:00:00,2.6116
2023-05-10 15:00:00,3.4455
2023-05-10 16:00:00,3.5613
2023-05-10 17:00:00,3.8694
2023-05-10 18:00:00,5.5446
2023-05-10 19:00:00,2.6304
2023-05-10 20:00:00,3.6785
2023-05-10 21:00:00,2.4139
2023-05-10 22:00:00,6.2817
2023-05-10 23:00:00,4.4946
2023-05-11 00:00:00,3.2031
2023-05-11 01:00:00,2.0987
2023-05-11 02:00:00,2.7587
2023-05-11 03:00:00,2.4740
2023-05-11 04:00:00,5.6554
2023-05-11 05:00:00,2.4290
2023-05-11 06:00:00,4.0418
2023-05-11 07:00:00,6.4334
2023-05-11 08:00:00,7.4298
2023-05-11 09:00:00,0
2023-05-11 10:00:00,4.9256
2023-05-11 11:00:00,4.8175
2023-05-11 12:00:00,2.9118
2023-05-11 13:00:00,3.8689
2023-05-11 14:00:00,5.4248
2023-05-11 15:00:00,5.0759
2023-05-11 16:00:00,3.2617
2023-05-11 17:00:00,4.1819
2023-05-11 18:00:00,5.8617
2023-05-11 19:00:00,1.8738
2023-05-11 20:00:00,6.1187
2023-05-11 21:00:00,0.6522
2023-05-11 22:00:00,3.6542
2023-05-11 23:00:00,5.9802
2023-05-12 00:00:00,2.9245
2023-05-12 01:00:00,4.9471
2023-05-12 02:00:00,6.3132
2023-05-12 03:00:00,5.4837
2023-05-12 04:00:00,3.5187
2023-05-12 05:00:00,2.7215
2023-05-12 06:00:00,4.8032
2023-05-12 07:00:00,5.8879
2023-05-12 08:00:00,2.7585
2023-05-12 09:00:00,0
2023-05-12 10:00:00,4.0147
2023-05-12 11:00:00,3.3373
2023-05-12 12:00:00,2.9742
2023-05-12 13:00:00,3.4313
2023-05-12 14:00:00,3.0101
2023-05-12 15:00:00,5.4514
2023-05-12 16:00:00,2.2070
2023-05-12 17:00:00,3.2606
2023-05-12 18:00:00,3.2202
2023-05-12 19:00:00,4.1271
2023-05-12 20:00:00,3.8492
2023-05-12 21:00:00,4.0629
2023-05-12 22:00:00,3.8904
2023-05-12 23:00:00,3.5511
2023-05-13 00:00:00,4.3030
2023-05-13 01:00:00,4.6493
2023-05-13 02:00:00,5.2531
2023-05-13 03:00:00,2.7429
2023-05-13 04:00:00,4.1739
2023-05-13 05:00:00,2.9384
2023-05-13 06:00:00,5.5914
2023-05-13 07:00:00,4.5845
2023-05-13 08:00:00,1.1619
2023-05-13 09:00:00,5.4258
2023-05-13 10:00:00,5.6195
2023-05-13 11:00:00,3.0214
2023-05-13 12:00:00,4.6509
2023-05-13 13:00:00,2.2316
2023-05-13 14:00:00,4.2354
2023-05-13 15:00:00,6.1998
2023-05-13 16:00:00,1.6480
2023-05-13 17:00:00,4.2526
2023-05-13 18:00:00,2.4227
2023-05-13 19:00:00,3.2136
2023-05-13 20:00:00,2.9741
2023-05-13 21:00:00,1.6057
2023-05-13 22:00:00,6.0380
2023-05-13 23:00:00,3.0696
2023-05-14 00:00:00,2.1420
2023-05-14 01:00:00,4.4736
2023-05-14 02:00:00,2.8218
2023-05-14 03:00:00,5.1200
2023-05-14 04:00:00,2.8725
2023-05-14 05:00:00,2.2198
2023-05-14 06:00:00,4.7243
2023-05-14 07:00:00,5.6769
2023-05-14 08:00:00,3.8237
2023-05-14 09:00:00,3.6477
2023-05-14 10:00:00,4.0851
2023-05-14 11:00:00,6.2770
2023-05-14 12:00:00,3.8051
2023-05-14 13:00:00,1.9625
2023-05-14 14:00:00,2.4528
2023-05-14 15:00:00,5.1944
2023-05-14 16:00:00,5.6941
2023-05-14 17:00:00,2.9045
2023-05-14 18:00:00,3.2534
2023-05-14 19:00:00,1.4678
2023-05-14 20:00:00,3.7629
2023-05-14 21:00:00,3.2208
2023-05-14 22:00:00,5.5773
2023-05-14 23:00:00,2.0033
2023-05-15 00:00:00,3.0834
2023-05-15 01:00:00,4.7492
2023-05-15 02:00:00,4.9272
2023-05-15 03:00:00,1.5357
2023-05-15 04:00:00,5.1845
2023-05-15 05:00:00,2.0629
2023-05-15 06:00:00,4.9853
2023-05-15 07:00:00,4.1122
2023-05-15 08:00:00,3.0551
2023-05-15 09:00:00,3.6140
2023-05-15 10:00:00,2.7189
2023-05-15 11:00:00,4.6632
2023-05-15 12:00:00,3.6353
2023-05-15 13:00:00,2.3826
2023-05-15 14:00:00,5.8908
2023-05-15 15:00:00,3.2506
2023-05-15 16:00:00,6.0479
2023-05-15 17:00:00,4.4171
2023-05-15 18:00:00,4.2827
2023-05-15 19:00:00,4.7689
2023-05-15 20:00:00,2.4040
2023-05-15 21:00:00,1.9161
2023-05-15 22:00:00,6.2047
2023-05-15 23:00:00,2.3767
2023-05-16 00:00:00,3.6390
2023-05-16 01:00:00,6.5495
2023-05-16 02:00:00,5.6108
2023-05-16 03:00:00,1.1386
2023-05-16 04:00:00,3.4011
2023-05-16 05:00:00,4.2172
2023-05-16 06:00:00,3.5257
2023-05-16 07:00:00,5.3622
2023-05-16 08:00:00,6.2713
2023-05-16 09:00:00,2.4142
2023-05-16 10:00:00,2.6397
2023-05-16 11:00:00,2.0440
2023-05-16 12:00:00,2.2901
2023-05-16 13:00:00,2.6647
2023-05-16 14:00:00,2.9428
2023-05-16 15:00:00,2.4259
2023-05-16 16:00:00,3.4623
2023-05-16 17:00:00,4.0900
2023-05-16 18:00:00,3.2406
2023-05-16 19:00:00,6.6828
2023-05-16 20:00:00,0.4378
2023-05-16 21:00:00,2.8079
2023-05-16 22:00:00,6.0368
2023-05-16 23:00:00,4.9266
2023-05-17 00:00:00,5.7758
2023-05-17 01:00:00,4.5398
2023-05-17 02:00:00,3.9253
2023-05-17 03:00:00,1.3094
2023-05-17 04:00:00,2.7257
2023-05-17 05:00:00,5.0821
2023-05-17 06:00:00,5.5688
2023-05-17 07:00:00,3.0516
2023-05-17 08:00:00,5.2442
2023-05-17 09:00:00,5.8360
2023-05-17 10:00:00,5.8702
2023-05-17 11:00:00,3.2959
2023-05-17 12:00:00,2.5147
2023-05-17 13:00:00,5.3298
2023-05-17 14:00:00,4.9983
2023-05-17 15:00:00,3.6506
2023-05-17 16:00:00,2.2199
2023-05-17 17:00:00,4.0586
2023-05-17 18:00:00,1.6796
2023-05-17 19:00:00,5.1289
2023-05-17 20:00:00,2.4362
2023-05-17 21:00:00,4.6610
2023-05-17 22:00:00,1.6659
2023-05-17 23:00:00,4.7084
2023-05-18 00:00:00,3.2209
2023-05-18 01:00:00,5.7493
2023-05-18 02:00:00,5.2238
2023-05-18 03:00:00,2.7219
2023-05-18 04:00:00,3.0587
2023-05-18 05:00:00,3.6290
2023-05-18 06:00:00,4.3139
2023-05-18 07:00:00,2.4094
2023-05-18 08:00:00,4.8729
2023-05-18 09:00:00,3.7996
2023-05-18 10:00:00,6.8316
2023-05-18 11:00:00,4.0611
2023-05-18 12:00:00,5.5388
2023-05-18 13:00:00,4.1909
2023-05-18 14:00:00,2.8474
2023-05-18 15:00:00,3.9399
2023-05-18 16:00:00,3.8017
2023-05-18 17:00:00,1.4040
2023-05-18 18:00:00,3.8579
2023-05-18 19:00:00,1.6685
2023-05-18 20:00:00,2.1009
2023-05-18 21:00:00,2.1504
2023-05-18 22:00:00,3.5183
2023-05-18 23:00:00,3.1902
2023-05-19 00:00:00,2.4935
2023-05-19 01:00:00,6.5710
2023-05-19 02:00:00,3.4075
2023-05-19 03:00:00,3.6413
2023-05-19 04:00:00,2.3572
2023-05-19 05:00:00,5.0568
2023-05-19 06:00:00,2.8480
2023-05-19 07:00:00,3.4528
2023-05-19 08:00:00,4.5295
2023-05-19 09:00:00,4.0430
2023-05-19 10:00:00,5.2018
2023-05-19 11:00:00,6.1269
2023-05-19 12:00:00,3.6421
2023-05-19 13:00:00,2.2976
2023-05-19 14:00:00,3.7919
2023-05-19 15:00:00,2.3322
2023-05-19 16:00:00,4.4580
2023-05-19 17:00:00,3.1264
2023-05-19 18:00:00,5.3284
2023-05-19 19:00:00,2.6001
2023-05-19 20:00:00,4.9472
2023-05-19 21:00:00,2.8202
2023-05-19 22:00:00,5.3187
2023-05-19 23:00:00,2.7614
2023-05-20 00:00:00,4.6580
2023-05-20 01:00:00,4.5847
2023-05-20 02:00:00,2.5491
2023-05-20 03:00:00,3.3792
2023-05-20 04:00:00,3.3270
2023-05-20 05:00:00,4.7453
2023-05-20 06:00:00,5.4814
2023-05-20 07:00:00,4.2900
2023-05-20 08:00:00,3.5187
2023-05-20 09:00:00,3.8162
2023-05-20 10:00:00,4.5464
2023-05-20 11:00:00,3.4251
2023-05-20 12:00:00,6.3089
2023-05-20 13:00:00,4.6312
2023-05-20 14:00:00,4.0934
2023-05-20 15:00:00,1.9549
2023-05-20 16:00:00,2.2645
2023-05-20 17:00:00,6.6262
2023-05-20 18:00:00,3.1018
2023-05-20 19:00:00,1.9674
2023-05-20 20:00:00,3.1652
2023-05-20 21:00:00,4.0861
2023-05-20 22:00:00,3.7340
2023-05-20 23:00:00,3.2691
2023-05-21 00:00:00,1.8538
2023-05-21 01:00:00,6.1141
2023-05-21 02:00:00,4.5891
2023-05-21 03:00:00,3.9049
2023-05-21 04:00:00,4.1991
2023-05-21 05:00:00,4.0261
2023-05-21 06:00:00,4.0141
2023-05-21 07:00:00,2.0669
2023-05-21 08:00:00,2.4585
2023-05-21 09:00:00,1.9549
2023-05-21 10:00:00,6.7297
2023-05-21 11:00:00,3.8725
2023-05-21 12:00:00,2.3459
2023-05-21 13:00:00,2.2030
2023-05-21 14:00:00,4.2411
2023-05-21 15:00:00,1.5735
2023-05-21 16:00:00,4.6885
2023-05-21 17:00:00,1.7859
2023-05-21 18:00:00,5.4475
2023-05-21 19:00:00,1.7884
2023-05-21 20:00:00,2.0564
2023-05-21 21:00:00,2.5524
2023-05-21 22:00:00,7.2203
2023-05-21 23:00:00,3.9177
2023-05-22 00:00:00,3.2309
2023-05-22 01:00:00,3.1858
2023-05-22 02:00:00,3.1004
2023-05-22 03:00:00,3.7917
2023-05-22 04:00:00,3.2115
2023-05-22 05:00:00,2.5201
2023-05-22 06:00:00,3.9862
2023-05-22 07:00:00,2.0522
2023-05-22 08:00:00,3.7337
2023-05-22 09:00:00,7.4416
2023-05-22 10:00:00,3.8039
2023-05-22 11:00:00,3.1774
2023-05-22 12:00:00,4.4804
2023-05-22 13:00:00,3.5499
2023-05-22 14:00:00,3.9118
2023-05-22 15:00:00,2.7852
2023-05-22 16:00:00,6.1533
2023-05-22 17:00:00,3.7019
2023-05-22 18:00:00,3.4871
2023-05-22 19:00:00,2.9895
2023-05-22 20:00:00,3.5631
2023-05-22 21:00:00,3.8611
2023-05-22 22:00:00,3.5809
2023-05-22 23:00:00,3.8540
2023-05-23 00:00:00,5.7728
2023-05-23 01:00:00,3.7623
2023-05-23 02:00:00,2.6787
2023-05-23 03:00:00,1.9591
2023-05-23 04:00:00,5.4280
2023-05-23 05:00:00,4.5657
2023-05-23 06:00:00,4.2800
2023-05-23 07:00:00,5.0651
2023-05-23 08:00:00,5.1830
2023-05-23 09:00:00,4.0425
2023-05-23 10:00:00,5.5375
2023-05-23 11:00:00,3.3897
2023-05-23 12:00:00,3.1939
2023-05-23 13:00:00,2.4205
2023-05-23 14:00:00,4.0495
2023-05-23 15:00:00,3.8335
2023-05-23 16:00:00,4.0847
2023-05-23 17:00:00,4.9647
2023-05-23 18:00:00,3.9386
2023-05-23 19:00:00,3.2539
2023-05-23 20:00:00,1.8376
2023-05-23 21:00:00,3.7331
2023-05-23 22:00:00,1.8286
2023-05-23 23:00:00,6.0330
2023-05-24 00:00:00,5.6916
2023-05-24 01:00:00,4.7513
2023-05-24 02:00:00,2.7600
2023-05-24 03:00:00,1.6146
2023-05-24 04:00:00,4.5440
2023-05-24 05:00:00,2.8222
2023-05-24 06:00:00,3.9608
2023-05-24 07:00:00,4.1332
2023-05-24 08:00:00,5.2900
2023-05-24 09:00:00,4.6807
2023-05-24 10:00:00,5.5323
2023-05-24 11:00:00,1.7817
2023-05-24 12:00:00,4.0786
2023-05-24 13:00:00,2.0696
2023-05-24 14:00:00,2.2543
2023-05-24 15:00:00,5.4332
2023-05-24 16:00:00,3.0453
2023-05-24 17:00:00,3.7722
2023-05-24 18:00:00,2.6057
2023-05-24 19:00:00,4.0036
2023-05-24 20:00:00,4.6525
2023-05-24 21:00:00,1.1900
2023-05-24 22:00:00,4.0765
2023-05-24 23:00:00,3.8880
2023-05-25 00:00:00,3.1172
2023-05-25 01:00:00,4.1470
2023-05-25 02:00:00,2.5022
2023-05-25 03:00:00,6.5930
2023-05-25 04:00:00,2.9076
2023-05-25 05:00:00,4.0951
2023-05-25 06:00:00,2.6323
2023-05-25 07:00:00,2.1364
2023-05-25 08:00:00,4.1464
2023-05-25 09:00:00,3.6458
2023-05-25 10:00:00,3.1304
2023-05-25 11:00:00,2.5419
2023-05-25 12:00:00,4.6231
2023-05-25 13:00:00,3.6549
2023-05-25 14:00:00,5.6038
2023-05-25 15:00:00,4.0540
2023-05-25 16:00:00,5.4833
2023-05-25 17:00:00,4.2549
2023-05-25 18:00:00,4.6773
2023-05-25 19:00:00,3.6552
2023-05-25 20:00:00,4.4642
2023-05-25 21:00:00,2.4674
2023-05-25 22:00:00,5.1439
2023-05-25 23:00:00,4.7206
2023-05-26 00:00:00,5.6662
2023-05-26 01:00:00,4.0115
2023-05-26 02:00:00,3.4253
2023-05-26 03:00:00,4.4244
2023-05-26 04:00:00,2.5835
2023-05-26 05:00:00,5.5900
2023-05-26 06:00:00,3.9975
2023-05-26 07:00:00,4.5306
2023-05-26 08:00:00,2.6469
2023-05-26 09:00:00,8.2718
2023-05-26 10:00:00,0.0317
2023-05-26 11:00:00,5.8166
2023-05-26 12:00:00,4.0436
2023-05-26 13:00:00,2.9279
2023-05-26 14:00:00,4.2671
2023-05-26 15:00:00,5.0716
2023-05-26 16:00:00,1.6195
2023-05-26 17:00:00,3.6358
2023-05-26 18:00:00,1.7379
2023-05-26 19:00:00,3.7370
2023-05-26 20:00:00,3.9632
2023-05-26 21:00:00,1.7272
2023-05-26 22:00:00,3.1448
2023-05-26 23:00:00,5.6136
2023-05-27 00:00:00,1.6977
2023-05-27 01:00:00,3.3311
2023-05-27 02:00:00,4.7778
2023-05-27 03:00:00,3.3806
2023-05-27 04:00:00,6.2784
2023-05-27 05:00:00,1.7401
2023-05-27 06:00:00,4.2343
2023-05-27 07:00:00,5.4068
2023-05-27 08:00:00,3.7019
2023-05-27 09:00:00,3.0310
2023-05-27 10:00:00,5.1684
2023-05-27 11:00:00,7.2104
2023-05-27 12:00:00,3.8467
2023-05-27 13:00:00,2.7325
2023-05-27 14:00:00,2.3031
2023-05-27 15:00:00,3.0620
2023-05-27 16:00:00,5.3499
2023-05-27 17:00:00,2.8406
2023-05-27 18:00:00,1.1359
2023-05-27 19:00:00,5.5644
2023-05-27 20:00:00,0.6774
2023-05-27 21:00:00,3.3554
2023-05-27 22:00:00,3.4828
2023-05-27 23:00:00,3.8693
2023-05-28 00:00:00,3.5329
2023-05-28 01:00:00,5.9554
2023-05-28 02:00:00,2.6875
2023-05-28 03:00:00,4.0469
2023-05-28 04:00:00,4.2769
2023-05-28 05:00:00,4.4238
2023-05-28 06:00:00,2.9191
2023-05-28 07:00:00,4.6612
2023-05-28 08:00:00,2.6657
2023-05-28 09:00:00,2.7272
2023-05-28 10:00:00,6.6909
2023-05-28 11:00:00,2.6948
2023-05-28 12:00:00,1.0916
2023-05-28 13:00:00,2.1815
2023-05-28 14:00:00,4.1470
2023-05-28 15:00:00,2.3417
2023-05-28 16:00:00,2.2847
2023-05-28 17:00:00,6.1693
2023-05-28 18:00:00,3.5114
2023-05-28 19:00:00,3.0939
2023-05-28 20:00:00,3.4847
2023-05-28 21:00:00,2.2524
2023-05-28 22:00:00,3.8040
2023-05-28 23:00:00,2.6674
2023-05-29 00:00:00,3.7939
2023-05-29 01:00:00,4.8073
2023-05-29 02:00:00,4.0975
2023-05-29 03:00:00,2.6895
2023-05-29 04:00:00,3.1678
2023-05-29 05:00:00,1.9059
2023-05-29 06:00:00,2.8757
2023-05-29 07:00:00,2.6256
2023-05-29 08:00:00,1.5770
2023-05-29 09:00:00,4.7097
2023-05-29 10:00:00,2.9466
2023-05-29 11:00:00,2.6231
2023-05-29 12:00:00,2.3933
2023-05-29 13:00:00,2.8953
2023-05-29 14:00:00,3.8129
2023-05-29 15:00:00,2.7940
2023-05-29 16:00:00,3.6294
2023-05-29 17:00:00,5.3537
2023-05-29 18:00:00,3.6231
2023-05-29 19:00:00,0.6139
2023-05-29 20:00:00,2.9487
2023-05-29 21:00:00,1.8186
2023-05-29 22:00:00,7.0965
2023-05-29 23:00:00,3.5206
2023-05-30 00:00:00,4.4190
2023-05-30 01:00:00,4.5810
2023-05-30 02:00:00,1.9305
2023-05-30 03:00:00,3.2962
2023-05-30 04:00:00,2.9795
2023-05-30 05:00:00,2.8777
2023-05-30 06:00:00,4.3794
2023-05-30 07:00:00,2.5518
2023-05-30 08:00:00,0.8140
2023-05-30 09:00:00,7.1488
2023-05-30 10:00:00,2.7873
2023-05-30 11:00:00,5.2874
2023-05-30 12:00:00,2.6698
2023-05-30 13:00:00,2.9766
2023-05-30 14:00:00,2.6174
2023-05-30 15:00:00,3.8090
2023-05-30 16:00:00,3.5427
2023-05-30 17:00:00,4.6909
2023-05-30 18:00:00,1.9545
2023-05-30 19:00:00,2.2436
2023-05-30 20:00:00,2.9142
2023-05-30 21:00:00,2.1376
2023-05-30 22:00:00,5.6023
2023-05-30 23:00:00,4.7731
2023-05-31 00:00:00,3.7761
2023-05-31 01:00:00,5.0226
2023-05-31 02:00:00,4.8697
2023-05-31 03:00:00,3.2885
2023-05-31 04:00:00,2.7163
2023-05-31 05:00:00,3.5519
2023-05-31 06:00:00,2.4841
2023-05-31 07:00:00,3.3364
2023-05-31 08:00:00,2.7839
2023-05-31 09:00:00,2.9316
2023-05-31 10:00:00,2.7846
2023-05-31 11:00:00,3.1398
2023-05-31 12:00:00,5.8331
2023-05-31 13:00:00,3.5675
2023-05-31 14:00:00,5.2479
2023-05-31 15:00:00,3.3683
2023-05-31 16:00:00,3.2581
2023-05-31 17:00:00,3.8470
2023-05-31 18:00:00,1.0324
2023-05-31 19:00:00,2.5821
2023-05-31 20:00:00,2.8317
2023-05-31 21:00:00,2.4706
2023-05-31 22:00:00,4.4115
2023-05-31 23:00:00,2.9270
2023-06-01 00:00:00,5.3010
2023-06-01 01:00:00,4.3267
2023-06-01 02:00:00,1.2687
2023-06-01 03:00:00,1.8876
2023-06-01 04:00:00,2.1297
2023-06-01 05:00:00,2.5542
2023-06-01 06:00:00,4.6188
2023-06-01 07:00:00,2.7451
2023-06-01 08:00:00,2.9016
2023-06-01 09:00:00,1.5642
2023-06-01 10:00:00,3.1329
2023-06-01 11:00:00,4.3742
2023-06-01 12:00:00,3.1422
2023-06-01 13:00:00,3.6603
2023-06-01 14:00:00,4.2876
2023-06-01 15:00:00,2.9582
2023-06-01 16:00:00,5.5102
2023-06-01 17:00:00,4.4685
2023-06-01 18:00:00,1.1254
2023-06-01 19:00:00,1.3696
2023-06-01 20:00:00,5.7713
2023-06-01 21:00:00,2.2565
2023-06-01 22:00:00,6.0619
2023-06-01 23:00:00,4.7702
2023-06-02 00:00:00,2.2553
2023-06-02 01:00:00,5.1924
2023-06-02 02:00:00,3.2797
2023-06-02 03:00:00,2.3134
2023-06-02 04:00:00,2.7599
2023-06-02 05:00:00,3.4681
2023-06-02 06:00:00,2.5698
2023-06-02 07:00:00,3.0634
2023-06-02 08:00:00,1.8805
2023-06-02 09:00:00,3.6042
2023-06-02 10:00:00,2.6431
2023-06-02 11:00:00,2.2399
2023-06-02 12:00:00,3.7000
2023-06-02 13:00:00,4.3468
2023-06-02 14:00:00,2.3364
2023-06-02 15:00:00,2.7200
2023-06-02 16:00:00,2.8496
2023-06-02 17:00:00,1.2279
2023-06-02 18:00:00,3.7004
2023-06-02 19:00:00,1.8257
2023-06-02 20:00:00,2.5042
2023-06-02 21:00:00,2.4921
2023-06-02 22:00:00,4.1281
2023-06-02 23:00:00,1.4890
2023-06-03 00:00:00,2.6883
2023-06-03 01:00:00,4.0719
2023-06-03 02:00:00,1.8798
2023-06-03 03:00:00,2.8388
2023-06-03 04:00:00,1.2808
2023-06-03 05:00:00,2.5464
2023-06-03 06:00:00,1.9348
2023-06-03 07:00:00,1.4153
2023-06-03 08:00:00,1.4701
2023-06-03 09:00:00,2.7634
2023-06-03 10:00:00,3.5494
2023-06-03 11:00:00,1.6539
2023-06-03 12:00:00,1.4202
2023-06-03 13:00:00,3.9011
2023-06-03 14:00:00,2.8474
2023-06-03 15:00:00,2.4369
2023-06-03 16:00:00,2.5382
2023-06-03 17:00:00,1.2390
2023-06-03 18:00:00,2.7390
2023-06-03 19:00:00,2.0494
2023-06-03 20:00:00,1.9874
2023-06-03 21:00:00,1.9791
2023-06-03 22:00:00,1.7451
2023-06-03 23:00:00,2.9761
2023-06-04 00:00:00,2.4675
2023-06-04 01:00:00,1.8050
2023-06-04 02:00:00,3.2395
2023-06-04 03:00:00,3.0159
2023-06-04 04:00:00,3.0397
2023-06-04 05:00:00,1.7560
2023-06-04 06:00:00,4.2752
2023-06-04 07:00:00,2.2544
2023-06-04 08:00:00,2.9677
2023-06-04 09:00:00,1.8771
2023-06-04 10:00:00,1.3437
2023-06-04 11:00:00,5.4919
2023-06-04 12:00:00,2.2070
2023-06-04 13:00:00,0.7976
2023-06-04 14:00:00,1.1763
2023-06-04 15:00:00,6.0102
2023-06-04 16:00:00,3.1679
2023-06-04 17:00:00,1.1372
2023-06-04 18:00:00,2.0658
2023-06-04 19:00:00,1.7050
2023-06-04 20:00:00,3.5914
2023-06-04 21:00:00,1.8882
2023-06-04 22:00:00,2.4789
2023-06-04 23:00:00,3.2443
2023-06-05 00:00:00,3.3228
2023-06-05 01:00:00,2.0350
2023-06-05 02:00:00,1.7145
2023-06-05 03:00:00,1.7427
2023-06-05 04:00:00,4.0359
2023-06-05 05:00:00,3.3878
2023-06-05 06:00:00,3.9398
2023-06-05 07:00:00,2.5804
2023-06-05 08:00:00,2.5137
2023-06-05 09:00:00,2.0867
2023-06-05 10:00:00,2.6410
2023-06-05 11:00:00,3.6838
2023-06-05 12:00:00,3.3388
2023-06-05 13:00:00,1.1650
2023-06-05 14:00:00,3.5230
2023-06-05 15:00:00,6.6239
2023-06-05 16:00:00,3.7410
2023-06-05 17:00:00,4.2593
2023-06-05 18:00:00,2.7811
2023-06-05 19:00:00,1.3597
2023-06-05 20:00:00,1.6162
2023-06-05 21:00:00,2.0505
2023-06-05 22:00:00,2.9123
2023-06-05 23:00:00,2.3133
2023-06-06 00:00:00,2.4929
2023-06-06 01:00:00,3.6867
2023-06-06 02:00:00,2.0624
2023-06-06 03:00:00,3.1356
2023-06-06 04:00:00,2.9112
2023-06-06 05:00:00,3.0193
2023-06-06 06:00:00,1.4734
2023-06-06 07:00:00,2.3899
2023-06-06 08:00:00,4.1253
2023-06-06 09:00:00,4.4135
2023-06-06 10:00:00,2.9352
2023-06-06 11:00:00,2.9844
2023-06-06 12:00:00,1.8735
2023-06-06 13:00:00,3.6802
2023-06-06 14:00:00,2.4117
2023-06-06 15:00:00,2.8896
2023-06-06 16:00:00,3.4187
2023-06-06 17:00:00,3.6573
2023-06-06 18:00:00,2.9130
2023-06-06 19:00:00,0.1689
2023-06-06 20:00:00,1.8753
2023-06-06 21:00:00,2.5061
2023-06-06 22:00:00,3.1374
2023-06-06 23:00:00,2.1934
2023-06-07 00:00:00,2.2928
2023-06-07 01:00:00,4.6227
2023-06-07 02:00:00,3.9478
2023-06-07 03:00:00,2.0376
2023-06-07 04:00:00,2.4264
2023-06-07 05:00:00,4.3600
2023-06-07 06:00:00,1.8853
2023-06-07 07:00:00,1.6795
2023-06-07 08:00:00,0.2881
2023-06-07 09:00:00,0
2023-06-07 10:00:00,0
2023-06-07 11:00:00,0
2023-06-07 12:00:00,0
2023-06-07 13:00:00,0
2023-06-07 14:00:00,0
2023-06-07 15:00:00,0
2023-06-07 16:00:00,0
2023-06-07 17:00:00,0
2023-06-07 18:00:00,0.0216
2023-06-07 19:00:00,2.9772
2023-06-07 20:00:00,3.2005
2023-06-07 21:00:00,1.0584
2023-06-07 22:00:00,4.1811
2023-06-07 23:00:00,2.8784
2023-06-08 00:00:00,3.1187
2023-06-08 01:00:00,3.0497
2023-06-08 02:00:00,3.3714
2023-06-08 03:00:00,2.4674
2023-06-08 04:00:00,2.1377
2023-06-08 05:00:00,2.0946
2023-06-08 06:00:00,2.7856
2023-06-08 07:00:00,3.1268
2023-06-08 08:00:00,1.3249
2023-06-08 09:00:00,4.4889
2023-06-08 10:00:00,1.5955
2023-06-08 11:00:00,3.7056
2023-06-08 12:00:00,0.8365
2023-06-08 13:00:00,2.1536
2023-06-08 14:00:00,2.9733
2023-06-08 15:00:00,3.2854
2023-06-08 16:00:00,1.3614
2023-06-08 17:00:00,4.0143
2023-06-08 18:00:00,2.3756
2023-06-08 19:00:00,1.1436
2023-06-08 20:00:00,0.9716
2023-06-08 21:00:00,1.6446
2023-06-08 22:00:00,2.3130
2023-06-08 23:00:00,2.7833
2023-06-09 00:00:00,3.0934
2023-06-09 01:00:00,2.6422
2023-06-09 02:00:00,4.3190
2023-06-09 03:00:00,3.0483
2023-06-09 04:00:00,1.1799
2023-06-09 05:00:00,1.1775
2023-06-09 06:00:00,1.3169
2023-06-09 07:00:00,2.8932
2023-06-09 08:00:00,2.3337
2023-06-09 09:00:00,2.1736
2023-06-09 10:00:00,2.1399
2023-06-09 11:00:00,1.2742
2023-06-09 12:00:00,2.4479
2023-06-09 13:00:00,1.9420
2023-06-09 14:00:00,3.4458
2023-06-09 15:00:00,2.8980
2023-06-09 16:00:00,0
2023-06-09 17:00:00,0
2023-06-09 18:00:00,0.7130
2023-06-09 19:00:00,1.5382
2023-06-09 20:00:00,2.1215
2023-06-09 21:00:00,3.4385
2023-06-09 22:00:00,3.1998
2023-06-09 23:00:00,3.1258
2023-06-10 00:00:00,2.8110
2023-06-10 01:00:00,4.1177
2023-06-10 02:00:00,2.4948
2023-06-10 03:00:00,2.5959
2023-06-10 04:00:00,1.9249
2023-06-10 05:00:00,2.8786
2023-06-10 06:00:00,2.2489
2023-06-10 07:00:00,1.4680
2023-06-10 08:00:00,2.1449
2023-06-10 09:00:00,2.6743
2023-06-10 10:00:00,2.8108
2023-06-10 11:00:00,1.5454
2023-06-10 12:00:00,2.9622
2023-06-10 13:00:00,2.0775
2023-06-10 14:00:00,1.7511
2023-06-10 15:00:00,4.5354
2023-06-10 16:00:00,0.6934
2023-06-10 17:00:00,2.3444
2023-06-10 18:00:00,2.1581
2023-06-10 19:00:00,4.9237
2023-06-10 20:00:00,2.2863
2023-06-10 21:00:00,2.1784
2023-06-10 22:00:00,3.2898
2023-06-10 23:00:00,2.8760
2023-06-11 00:00:00,3.3655
2023-06-11 01:00:00,3.6211
2023-06-11 02:00:00,2.1944
2023-06-11 03:00:00,3.3773
2023-06-11 04:00:00,2.1406
2023-06-11 05:00:00,1.0288
2023-06-11 06:00:00,4.0068
2023-06-11 07:00:00,2.5786
2023-06-11 08:00:00,1.7104
2023-06-11 09:00:00,2.9776
2023-06-11 10:00:00,2.3207
2023-06-11 11:00:00,2.7985
2023-06-11 12:00:00,2.4781
2023-06-11 13:00:00,1.2133
2023-06-11 14:00:00,1.8771
2023-06-11 15:00:00,4.1148
2023-06-11 16:00:00,3.0676
2023-06-11 17:00:00,3.2541
2023-06-11 18:00:00,2.9302
2023-06-11 19:00:00,1.1676
2023-06-11 20:00:00,1.9426
2023-06-11 21:00:00,0.5959
2023-06-11 22:00:00,3.0288
2023-06-11 23:00:00,3.4306
2023-06-12 00:00:00,4.4990
2023-06-12 01:00:00,2.0348
2023-06-12 02:00:00,1.4717
2023-06-12 03:00:00,2.2593
2023-06-12 04:00:00,3.1564
2023-06-12 05:00:00,2.4325
2023-06-12 06:00:00,3.7064
2023-06-12 07:00:00,2.1258
2023-06-12 08:00:00,1.9295
2023-06-12 09:00:00,2.7608
2023-06-12 10:00:00,1.0821
2023-06-12 11:00:00,1.0051
2023-06-12 12:00:00,3.6676
2023-06-12 13:00:00,1.6828
2023-06-12 14:00:00,3.7272
2023-06-12 15:00:00,2.5903
2023-06-12 16:00:00,3.5605
2023-06-12 17:00:00,2.8326
2023-06-12 18:00:00,1.6963
2023-06-12 19:00:00,1.7313
2023-06-12 20:00:00,1.7298
2023-06-12 21:00:00,0.7803
2023-06-12 22:00:00,2.5422
2023-06-12 23:00:00,2.2706
2023-06-13 00:00:00,1.7579
2023-06-13 01:00:00,3.3175
2023-06-13 02:00:00,1.3125
2023-06-13 03:00:00,3.1844
2023-06-13 04:00:00,2.3268
2023-06-13 05:00:00,1.7376
2023-06-13 06:00:00,2.1073
2023-06-13 07:00:00,1.8674
2023-06-13 08:00:00,2.5929
2023-06-13 09:00:00,2.1424
2023-06-13 10:00:00,2.9337
2023-06-13 11:00:00,1.4883
2023-06-13 12:00:00,0.8938
2023-06-13 13:00:00,0.4717
2023-06-13 14:00:00,3.0589
2023-06-13 15:00:00,1.7369
2023-06-13 16:00:00,3.3441
2023-06-13 17:00:00,2.0585
2023-06-13 18:00:00,1.1150
2023-06-13 19:00:00,1.7428
2023-06-13 20:00:00,0.8332
2023-06-13 21:00:00,2.0667
2023-06-13 22:00:00,2.3632
2023-06-13 23:00:00,2.4464
2023-06-14 00:00:00,2.0648
2023-06-14 01:00:00,4.2755
2023-06-14 02:00:00,2.9481
2023-06-14 03:00:00,3.4097
2023-06-14 04:00:00,2.2732
2023-06-14 05:00:00,2.3489
2023-06-14 06:00:00,1.2553
2023-06-14 07:00:00,1.9912
2023-06-14 08:00:00,1.1213
2023-06-14 09:00:00,2.7242
2023-06-14 10:00:00,1.6689
2023-06-14 11:00:00,1.0216
2023-06-14 12:00:00,2.4381
2023-06-14 13:00:00,2.6478
2023-06-14 14:00:00,0.6846
2023-06-14 15:00:00,3.3895
2023-06-14 16:00:00,0.6607
2023-06-14 17:00:00,0
2023-06-14 18:00:00,0
2023-06-14 19:00:00,0
2023-06-14 20:00:00,0
2023-06-14 21:00:00,0
2023-06-14 22:00:00,0
2023-06-14 23:00:00,0
2023-06-15 00:00:00,0
2023-06-15 01:00:00,0
2023-06-15 02:00:00,0
2023-06-15 03:00:00,0
2023-06-15 04:00:00,0
2023-06-15 05:00:00,0
2023-06-15 06:00:00,0
2023-06-15 07:00:00,0
2023-06-15 08:00:00,0
2023-06-15 09:00:00,0
2023-06-15 10:00:00,0
2023-06-15 11:00:00,0
2023-06-15 12:00:00,1.6531
2023-06-15 13:00:00,3.0272
2023-06-15 14:00:00,2.8047
2023-06-15 15:00:00,2.8492
2023-06-15 16:00:00,4.1019
2023-06-15 17:00:00,3.7664
2023-06-15 18:00:00,2.3298
2023-06-15 19:00:00,2.2713
2023-06-15 20:00:00,1.8341
2023-06-15 21:00:00,0.8200
2023-06-15 22:00:00,2.3734
2023-06-15 23:00:00,3.3510
2023-06-16 00:00:00,3.4331
2023-06-16 01:00:00,3.1750
2023-06-16 02:00:00,1.4493
2023-06-16 03:00:00,0.6854
2023-06-16 04:00:00,4.0211
2023-06-16 05:00:00,3.3266
2023-06-16 06:00:00,2.8543
2023-06-16 07:00:00,2.0567
2023-06-16 08:00:00,3.1155
2023-06-16 09:00:00,1.5398
2023-06-16 10:00:00,2.4019
2023-06-16 11:00:00,1.6188
2023-06-16 12:00:00,2.8317
2023-06-16 13:00:00,1.5470
2023-06-16 14:00:00,3.0974
2023-06-16 15:00:00,2.4410
2023-06-16 16:00:00,2.0032
2023-06-16 17:00:00,0.8675
2023-06-16 18:00:00,3.8276
2023-06-16 19:00:00,2.6480
2023-06-16 20:00:00,2.0545
2023-06-16 21:00:00,1.1858
2023-06-16 22:00:00,3.0089
2023-06-16 23:00:00,3.4163
2023-06-17 00:00:00,1.1364
2023-06-17 01:00:00,4.2604
2023-06-17 02:00:00,0.6603
2023-06-17 03:00:00,4.7012
2023-06-17 04:00:00,2.1413
2023-06-17 05:00:00,2.3564
2023-06-17 06:00:00,2.3204
2023-06-17 07:00:00,2.9583
2023-06-17 08:00:00,2.8115
2023-06-17 09:00:00,3.3519
2023-06-17 10:00:00,2.8270
2023-06-17 11:00:00,2.5776
2023-06-17 12:00:00,2.6075
2023-06-17 13:00:00,2.8332
2023-06-17 14:00:00,1.4656
2023-06-17 15:00:00,4.4518
2023-06-17 16:00:00,2.4521
2023-06-17 17:00:00,3.5342
2023-06-17 18:00:00,1.2246
2023-06-17 19:00:00,1.5874
2023-06-17 20:00:00,3.3942
2023-06-17 21:00:00,1.7925
2023-06-17 22:00:00,1.8610
2023-06-17 23:00:00,2.8424
2023-06-18 00:00:00,3.6757
2023-06-18 01:00:00,2.7192
2023-06-18 02:00:00,2.1441
2023-06-18 03:00:00,3.0240
2023-06-18 04:00:00,2.2639
2023-06-18 05:00:00,2.8603
2023-06-18 06:00:00,3.3783
2023-06-18 07:00:00,2.7892
2023-06-18 08:00:00,1.8738
2023-06-18 09:00:00,0.7195
2023-06-18 10:00:00,0.9170
2023-06-18 11:00:00,4.6948
2023-06-18 12:00:00,2.1072
2023-06-18 13:00:00,2.9407
2023-06-18 14:00:00,3.6276
2023-06-18 15:00:00,1.5031
2023-06-18 16:00:00,1.8006
2023-06-18 17:00:00,3.6886
2023-06-18 18:00:00,1.4647
2023-06-18 19:00:00,2.6553
2023-06-18 20:00:00,2.6908
2023-06-18 21:00:00,1.2960
2023-06-18 22:00:00,3.7749
2023-06-18 23:00:00,1.2402
2023-06-19 00:00:00,3.6691
2023-06-19 01:00:00,2.2828
2023-06-19 02:00:00,1.1281
2023-06-19 03:00:00,3.0310
2023-06-19 04:00:00,2.0675
2023-06-19 05:00:00,2.2825
2023-06-19 06:00:00,2.6368
2023-06-19 07:00:00,0.9042
2023-06-19 08:00:00,3.1342
2023-06-19 09:00:00,1.2406
2023-06-19 10:00:00,2.2087
2023-06-19 11:00:00,2.2581
2023-06-19 12:00:00,2.2996
2023-06-19 13:00:00,2.3600
2023-06-19 14:00:00,2.3837
2023-06-19 15:00:00,2.5992
2023-06-19 16:00:00,4.2534
2023-06-19 17:00:00,2.7244
2023-06-19 18:00:00,3.6194
2023-06-19 19:00:00,1.1078
2023-06-19 20:00:00,1.7529
2023-06-19 21:00:00,2.0258
2023-06-19 22:00:00,4.1797
2023-06-19 23:00:00,3.3862
2023-06-20 00:00:00,2.4999
2023-06-20 01:00:00,2.1126
2023-06-20 02:00:00,1.8300
2023-06-20 03:00:00,3.4617
2023-06-20 04:00:00,3.6595
2023-06-20 05:00:00,2.7534
2023-06-20 06:00:00,4.2155
2023-06-20 07:00:00,2.2093
2023-06-20 08:00:00,1.6652
2023-06-20 09:00:00,2.7058
2023-06-20 10:00:00,1.8350
2023-06-20 11:00:00,2.2072
2023-06-20 12:00:00,2.8377
2023-06-20 13:00:00,1.9583
2023-06-20 14:00:00,2.9813
2023-06-20 15:00:00,4.6037
2023-06-20 16:00:00,2.2180
2023-06-20 17:00:00,1.7301
2023-06-20 18:00:00,4.1059
2023-06-20 19:00:00,3.2241
2023-06-20 20:00:00,1.6074
2023-06-20 21:00:00,3.2631
2023-06-20 22:00:00,2.7453
2023-06-20 23:00:00,3.1415
2023-06-21 00:00:00,3.2202
2023-06-21 01:00:00,1.8150
2023-06-21 02:00:00,4.6288
2023-06-21 03:00:00,2.8297
2023-06-21 04:00:00,3.4455
2023-06-21 05:00:00,2.3863
2023-06-21 06:00:00,2.9301
2023-06-21 07:00:00,2.2189
2023-06-21 08:00:00,1.6126
2023-06-21 09:00:00,1.4325
2023-06-21 10:00:00,4.0270
2023-06-21 11:00:00,1.3242
2023-06-21 12:00:00,2.8232
2023-06-21 13:00:00,1.8135
2023-06-21 14:00:00,3.2107
2023-06-21 15:00:00,3.3601
2023-06-21 16:00:00,3.3903
2023-06-21 17:00:00,2.4515
2023-06-21 18:00:00,2.5351
2023-06-21 19:00:00,1.4709
2023-06-21 20:00:00,1.2796
2023-06-21 21:00:00,4.0113
2023-06-21 22:00:00,3.5901
2023-06-21 23:00:00,1.9418
2023-06-22 00:00:00,2.6350
2023-06-22 01:00:00,5.6263
2023-06-22 02:00:00,2.4380
2023-06-22 03:00:00,2.9398
2023-06-22 04:00:00,2.3101
2023-06-22 05:00:00,2.2738
2023-06-22 06:00:00,2.5660
2023-06-22 07:00:00,2.2398
2023-06-22 08:00:00,2.0159
2023-06-22 09:00:00,2.6955
2023-06-22 10:00:00,1.8828
2023-06-22 11:00:00,3.5273
2023-06-22 12:00:00,2.6621
2023-06-22 13:00:00,2.0841
2023-06-22 14:00:00,2.9615
2023-06-22 15:00:00,2.5581
2023-06-22 16:00:00,4.9808
2023-06-22 17:00:00,3.0770
2023-06-22 18:00:00,3.0422
2023-06-22 19:00:00,2.1376
2023-06-22 20:00:00,1.4352
2023-06-22 21:00:00,1.6627
2023-06-22 22:00:00,4.1484
2023-06-22 23:00:00,2.5487
2023-06-23 00:00:00,4.4556
2023-06-23 01:00:00,1.8057
2023-06-23 02:00:00,4.1095
2023-06-23 03:00:00,1.5919
2023-06-23 04:00:00,2.5877
2023-06-23 05:00:00,1.7816
2023-06-23 06:00:00,2.9590
2023-06-23 07:00:00,1.7189
2023-06-23 08:00:00,2.9279
2023-06-23 09:00:00,3.4055
2023-06-23 10:00:00,1.3012
2023-06-23 11:00:00,4.7520
2023-06-23 12:00:00,2.1140
2023-06-23 13:00:00,3.4106
2023-06-23 14:00:00,2.6891
2023-06-23 15:00:00,5.1489
2023-06-23 16:00:00,1.6795
2023-06-23 17:00:00,3.1445
2023-06-23 18:00:00,3.3709
2023-06-23 19:00:00,3.1396
2023-06-23 20:00:00,0.8573
2023-06-23 21:00:00,2.0427
2023-06-23 22:00:00,2.2724
2023-06-23 23:00:00,3.6983
2023-06-24 00:00:00,3.5601
2023-06-24 01:00:00,3.6915
2023-06-24 02:00:00,3.1169
2023-06-24 03:00:00,3.4997
2023-06-24 04:00:00,2.6204
2023-06-24 05:00:00,2.1879
2023-06-24 06:00:00,2.0345
2023-06-24 07:00:00,2.9220
2023-06-24 08:00:00,2.5050
2023-06-24 09:00:00,2.3093
2023-06-24 10:00:00,1.1689
2023-06-24 11:00:00,2.2570
2023-06-24 12:00:00,3.1574
2023-06-24 13:00:00,1.1987
2023-06-24 14:00:00,3.2889
2023-06-24 15:00:00,0.8869
2023-06-24 16:00:00,4.4276
2023-06-24 17:00:00,2.5515
2023-06-24 18:00:00,1.6649
2023-06-24 19:00:00,1.4973
2023-06-24 20:00:00,2.7154
2023-06-24 21:00:00,0.9969
2023-06-24 22:00:00,2.4846
2023-06-24 23:00:00,2.0028
2023-06-25 00:00:00,2.7710
2023-06-25 01:00:00,2.9968
2023-06-25 02:00:00,2.9425
2023-06-25 03:00:00,1.9405
2023-06-25 04:00:00,3.1691
2023-06-25 05:00:00,1.4255
2023-06-25 06:00:00,1.4807
2023-06-25 07:00:00,3.5500
2023-06-25 08:00:00,1.3173
2023-06-25 09:00:00,2.7034
2023-06-25 10:00:00,2.0803
2023-06-25 11:00:00,0.5999
2023-06-25 12:00:00,3.6192
2023-06-25 13:00:00,1.0724
2023-06-25 14:00:00,3.8230
2023-06-25 15:00:00,3.0527
2023-06-25 16:00:00,1.5032
2023-06-25 17:00:00,2.3058
2023-06-25 18:00:00,2.9116
2023-06-25 19:00:00,1.5455
2023-06-25 20:00:00,2.1979
2023-06-25 21:00:00,0.7187
2023-06-25 22:00:00,3.7137
2023-06-25 23:00:00,1.3072
2023-06-26 00:00:00,1.9453
2023-06-26 01:00:00,3.0460
2023-06-26 02:00:00,2.9804
2023-06-26 03:00:00,1.5775
2023-06-26 04:00:00,1.7090
2023-06-26 05:00:00,4.1073
2023-06-26 06:00:00,1.9823
2023-06-26 07:00:00,3.6237
2023-06-26 08:00:00,2.7175
2023-06-26 09:00:00,2.1857
2023-06-26 10:00:00,2.3979
2023-06-26 11:00:00,1.7236
2023-06-26 12:00:00,2.5135
2023-06-26 13:00:00,2.7081
2023-06-26 14:00:00,2.6770
2023-06-26 15:00:00,2.9811
2023-06-26 16:00:00,2.9212
2023-06-26 17:00:00,2.0908
2023-06-26 18:00:00,2.7376
2023-06-26 19:00:00,2.3120
2023-06-26 20:00:00,3.8675
2023-06-26 21:00:00,1.5724
2023-06-26 22:00:00,2.6741
2023-06-26 23:00:00,4.6335
2023-06-27 00:00:00,2.7898
2023-06-27 01:00:00,3.5190
2023-06-27 02:00:00,4.2714
2023-06-27 03:00:00,1.3377
2023-06-27 04:00:00,2.5040
2023-06-27 05:00:00,1.6613
2023-06-27 06:00:00,2.2834
2023-06-27 07:00:00,4.7655
2023-06-27 08:00:00,2.9822
2023-06-27 09:00:00,2.8617
2023-06-27 10:00:00,1.5307
2023-06-27 11:00:00,3.0702
2023-06-27 12:00:00,2.8644
2023-06-27 13:00:00,2.6242
2023-06-27 14:00:00,1.3384
2023-06-27 15:00:00,1.5768
2023-06-27 16:00:00,2.6255
2023-06-27 17:00:00,3.2245
2023-06-27 18:00:00,1.8334
2023-06-27 19:00:00,2.8712
2023-06-27 20:00:00,2.0651
2023-06-27 21:00:00,1.8260
2023-06-27 22:00:00,3.0495
2023-06-27 23:00:00,2.7499
2023-06-28 00:00:00,4.8687
2023-06-28 01:00:00,3.6107
2023-06-28 02:00:00,1.0884
2023-06-28 03:00:00,1.2710
2023-06-28 04:00:00,1.9097
2023-06-28 05:00:00,2.3303
2023-06-28 06:00:00,2.5231
2023-06-28 07:00:00,2.6145
2023-06-28 08:00:00,3.0022
2023-06-28 09:00:00,2.7876
2023-06-28 10:00:00,2.6346
2023-06-28 11:00:00,2.8844
2023-06-28 12:00:00,2.0414
2023-06-28 13:00:00,1.9339
2023-06-28 14:00:00,0.8077
2023-06-28 15:00:00,1.6308
2023-06-28 16:00:00,3.7417
2023-06-28 17:00:00,0.2768
2023-06-28 18:00:00,3.4055
2023-06-28 19:00:00,2.7319
2023-06-28 20:00:00,1.8233
2023-06-28 21:00:00,2.0506
2023-06-28 22:00:00,3.8096
2023-06-28 23:00:00,1.8752
2023-06-29 00:00:00,2.1457
2023-06-29 01:00:00,3.5251
2023-06-29 02:00:00,1.7458
2023-06-29 03:00:00,2.6310
2023-06-29 04:00:00,2.4075
2023-06-29 05:00:00,2.3631
2023-06-29 06:00:00,3.3654
2023-06-29 07:00:00,2.7868
2023-06-29 08:00:00,1.0644
2023-06-29 09:00:00,1.0232
2023-06-29 10:00:00,3.8835
2023-06-29 11:00:00,3.0795
2023-06-29 12:00:00,2.1351
2023-06-29 13:00:00,4.5605
2023-06-29 14:00:00,3.6772
2023-06-29 15:00:00,3.6916
2023-06-29 16:00:00,2.1189
2023-06-29 17:00:00,2.9883
2023-06-29 18:00:00,4.4726
2023-06-29 19:00:00,2.2487
2023-06-29 20:00:00,2.1958
2023-06-29 21:00:00,2.5800
2023-06-29 22:00:00,3.4435
2023-06-29 23:00:00,2.4582
2023-06-30 00:00:00,2.9716
2023-06-30 01:00:00,4.3694
2023-06-30 02:00:00,2.7412
2023-06-30 03:00:00,3.8563
2023-06-30 04:00:00,2.5017
2023-06-30 05:00:00,2.5996
2023-06-30 06:00:00,2.6423
2023-06-30 07:00:00,2.9436
2023-06-30 08:00:00,1.1035
2023-06-30 09:00:00,2.6487
2023-06-30 10:00:00,2.2034
2023-06-30 11:00:00,2.8348
2023-06-30 12:00:00,1.8696
2023-06-30 13:00:00,4.5537
2023-06-30 14:00:00,2.1142
2023-06-30 15:00:00,2.7529
2023-06-30 16:00:00,4.2996
2023-06-30 17:00:00,2.0739
2023-06-30 18:00:00,1.9458
2023-06-30 19:00:00,2.8429
2023-06-30 20:00:00,3.2233
2023-06-30 21:00:00,0.9245
2023-06-30 22:00:00,4.1435
2023-06-30 23:00:00,1.5056
