date,volume_offeredcapacity_reg
2023-04-01 00:00:00,0
2023-04-01 01:00:00,0
2023-04-01 02:00:00,0
2023-04-01 03:00:00,0
2023-04-01 04:00:00,0
2023-04-01 05:00:00,0
2023-04-01 06:00:00,0
2023-04-01 07:00:00,0
2023-04-01 08:00:00,0
2023-04-01 09:00:00,0
2023-04-01 10:00:00,0
2023-04-01 11:00:00,0
2023-04-01 12:00:00,0
2023-04-01 13:00:00,0
2023-04-01 14:00:00,0
2023-04-01 15:00:00,0
2023-04-01 16:00:00,0
2023-04-01 17:00:00,0
2023-04-01 18:00:00,0
2023-04-01 19:00:00,0
2023-04-01 20:00:00,0
2023-04-01 21:00:00,0
2023-04-01 22:00:00,0
2023-04-01 23:00:00,0
2023-04-02 00:00:00,0
2023-04-02 01:00:00,0
2023-04-02 02:00:00,0
2023-04-02 03:00:00,0
2023-04-02 04:00:00,0
2023-04-02 05:00:00,0
2023-04-02 06:00:00,0
2023-04-02 07:00:00,0
2023-04-02 08:00:00,0
2023-04-02 09:00:00,0
2023-04-02 10:00:00,0
2023-04-02 11:00:00,0
2023-04-02 12:00:00,0
2023-04-02 13:00:00,0
2023-04-02 14:00:00,0
2023-04-02 15:00:00,0
2023-04-02 16:00:00,0
2023-04-02 17:00:00,0
2023-04-02 18:00:00,0
2023-04-02 19:00:00,0
2023-04-02 20:00:00,0
2023-04-02 21:00:00,0
2023-04-02 22:00:00,0
2023-04-02 23:00:00,0
2023-04-03 00:00:00,0
2023-04-03 01:00:00,0
2023-04-03 02:00:00,0
2023-04-03 03:00:00,0
2023-04-03 04:00:00,0
2023-04-03 05:00:00,0
2023-04-03 06:00:00,0
2023-04-03 07:00:00,0
2023-04-03 08:00:00,0
2023-04-03 09:00:00,0
2023-04-03 10:00:00,0
2023-04-03 11:00:00,0
2023-04-03 12:00:00,0
2023-04-03 13:00:00,0
2023-04-03 14:00:00,0
2023-04-03 15:00:00,0
2023-04-03 16:00:00,0
2023-04-03 17:00:00,0
2023-04-03 18:00:00,0
2023-04-03 19:00:00,0
2023-04-03 20:00:00,0
2023-04-03 21:00:00,0
2023-04-03 22:00:00,0
2023-04-03 23:00:00,0
2023-04-04 00:00:00,0
2023-04-04 01:00:00,0
2023-04-04 02:00:00,0
2023-04-04 03:00:00,0
2023-04-04 04:00:00,0
2023-04-04 05:00:00,0
2023-04-04 06:00:00,0
2023-04-04 07:00:00,0
2023-04-04 08:00:00,0
2023-04-04 09:00:00,0
2023-04-04 10:00:00,0
2023-04-04 11:00:00,0
2023-04-04 12:00:00,0
2023-04-04 13:00:00,0
2023-04-04 14:00:00,0
2023-04-04 15:00:00,0
2023-04-04 16:00:00,0
2023-04-04 17:00:00,0
2023-04-04 18:00:00,0
2023-04-04 19:00:00,0
2023-04-04 20:00:00,0
2023-04-04 21:00:00,0
2023-04-04 22:00:00,0
2023-04-04 23:00:00,0
2023-04-05 00:00:00,0
2023-04-05 01:00:00,0
2023-04-05 02:00:00,0
2023-04-05 03:00:00,0
2023-04-05 04:00:00,0
2023-04-05 05:00:00,0
2023-04-05 06:00:00,0
2023-04-05 07:00:00,0
2023-04-05 08:00:00,0
2023-04-05 09:00:00,0
2023-04-05 10:00:00,0
2023-04-05 11:00:00,0
2023-04-05 12:00:00,0
2023-04-05 13:00:00,0
2023-04-05 14:00:00,0
2023-04-05 15:00:00,0
2023-04-05 16:00:00,0
2023-04-05 17:00:00,0
2023-04-05 18:00:00,0
2023-04-05 19:00:00,0
2023-04-05 20:00:00,0
2023-04-05 21:00:00,0
2023-04-05 22:00:00,0
2023-04-05 23:00:00,0
2023-04-06 00:00:00,0
2023-04-06 01:00:00,0
2023-04-06 02:00:00,0
2023-04-06 03:00:00,0
2023-04-06 04:00:00,0
2023-04-06 05:00:00,0
2023-04-06 06:00:00,0
2023-04-06 07:00:00,0
2023-04-06 08:00:00,0
2023-04-06 09:00:00,0
2023-04-06 10:00:00,0
2023-04-06 11:00:00,0
2023-04-06 12:00:00,0
2023-04-06 13:00:00,0
2023-04-06 14:00:00,0
2023-04-06 15:00:00,0
2023-04-06 16:00:00,0
2023-04-06 17:00:00,0
2023-04-06 18:00:00,0
2023-04-06 19:00:00,0
2023-04-06 20:00:00,0
2023-04-06 21:00:00,0
2023-04-06 22:00:00,0
2023-04-06 23:00:00,0
2023-04-07 00:00:00,0
2023-04-07 01:00:00,0
2023-04-07 02:00:00,0
2023-04-07 03:00:00,0
2023-04-07 04:00:00,0
2023-04-07 05:00:00,0
2023-04-07 06:00:00,0
2023-04-07 07:00:00,0
2023-04-07 08:00:00,0
2023-04-07 09:00:00,0
2023-04-07 10:00:00,0
2023-04-07 11:00:00,0
2023-04-07 12:00:00,0
2023-04-07 13:00:00,0
2023-04-07 14:00:00,0
2023-04-07 15:00:00,0
2023-04-07 16:00:00,0
2023-04-07 17:00:00,0
2023-04-07 18:00:00,0
2023-04-07 19:00:00,0
2023-04-07 20:00:00,0
2023-04-07 21:00:00,0
2023-04-07 22:00:00,0
2023-04-07 23:00:00,0
2023-04-08 00:00:00,0
2023-04-08 01:00:00,0
2023-04-08 02:00:00,0
2023-04-08 03:00:00,0
2023-04-08 04:00:00,0
2023-04-08 05:00:00,0
2023-04-08 06:00:00,0
2023-04-08 07:00:00,0
2023-04-08 08:00:00,0
2023-04-08 09:00:00,0
2023-04-08 10:00:00,0
2023-04-08 11:00:00,0
2023-04-08 12:00:00,0
2023-04-08 13:00:00,0
2023-04-08 14:00:00,0
2023-04-08 15:00:00,0
2023-04-08 16:00:00,0
2023-04-08 17:00:00,0
2023-04-08 18:00:00,0
2023-04-08 19:00:00,0
2023-04-08 20:00:00,0
2023-04-08 21:00:00,0
2023-04-08 22:00:00,0
2023-04-08 23:00:00,0
2023-04-09 00:00:00,0
2023-04-09 01:00:00,0
2023-04-09 02:00:00,0
2023-04-09 03:00:00,0
2023-04-09 04:00:00,0
2023-04-09 05:00:00,0
2023-04-09 06:00:00,0
2023-04-09 07:00:00,0
2023-04-09 08:00:00,0
2023-04-09 09:00:00,0
2023-04-09 10:00:00,0
2023-04-09 11:00:00,0
2023-04-09 12:00:00,0
2023-04-09 13:00:00,0
2023-04-09 14:00:00,0
2023-04-09 15:00:00,0
2023-04-09 16:00:00,0
2023-04-09 17:00:00,0
2023-04-09 18:00:00,0
2023-04-09 19:00:00,0
2023-04-09 20:00:00,0
2023-04-09 21:00:00,0
2023-04-09 22:00:00,0
2023-04-09 23:00:00,0
2023-04-10 00:00:00,0
2023-04-10 01:00:00,0
2023-04-10 02:00:00,0
2023-04-10 03:00:00,0
2023-04-10 04:00:00,0
2023-04-10 05:00:00,0
2023-04-10 06:00:00,0
2023-04-10 07:00:00,0
2023-04-10 08:00:00,0
2023-04-10 09:00:00,0
2023-04-10 10:00:00,0
2023-04-10 11:00:00,0
2023-04-10 12:00:00,0
2023-04-10 13:00:00,0
2023-04-10 14:00:00,0
2023-04-10 15:00:00,0
2023-04-10 16:00:00,8.3570
2023-04-10 17:00:00,8.6130
2023-04-10 18:00:00,0
2023-04-10 19:00:00,0
2023-04-10 20:00:00,0
2023-04-10 21:00:00,0
2023-04-10 22:00:00,0
2023-04-10 23:00:00,0
2023-04-11 00:00:00,0
2023-04-11 01:00:00,0
2023-04-11 02:00:00,0
2023-04-11 03:00:00,0
2023-04-11 04:00:00,0
2023-04-11 05:00:00,0
2023-04-11 06:00:00,0
2023-04-11 07:00:00,0
2023-04-11 08:00:00,0
2023-04-11 09:00:00,0
2023-04-11 10:00:00,0
2023-04-11 11:00:00,0
2023-04-11 12:00:00,0
2023-04-11 13:00:00,0
2023-04-11 14:00:00,0
2023-04-11 15:00:00,0
2023-04-11 16:00:00,0
2023-04-11 17:00:00,0
2023-04-11 18:00:00,0
2023-04-11 19:00:00,0
2023-04-11 20:00:00,0
2023-04-11 21:00:00,0
2023-04-11 22:00:00,0
2023-04-11 23:00:00,0
2023-04-12 00:00:00,0
2023-04-12 01:00:00,0
2023-04-12 02:00:00,0
2023-04-12 03:00:00,0
2023-04-12 04:00:00,0
2023-04-12 05:00:00,0
2023-04-12 06:00:00,0
2023-04-12 07:00:00,0
2023-04-12 08:00:00,17.7070
2023-04-12 09:00:00,11.5350
2023-04-12 10:00:00,15.5820
2023-04-12 11:00:00,11.7800
2023-04-12 12:00:00,15.9270
2023-04-12 13:00:00,21.8990
2023-04-12 14:00:00,8.8310
2023-04-12 15:00:00,9.0180
2023-04-12 16:00:00,9.9540
2023-04-12 17:00:00,9.2030
2023-04-12 18:00:00,0
2023-04-12 19:00:00,0
2023-04-12 20:00:00,0
2023-04-12 21:00:00,0
2023-04-12 22:00:00,0
2023-04-12 23:00:00,0
2023-04-13 00:00:00,0
2023-04-13 01:00:00,0
2023-04-13 02:00:00,0
2023-04-13 03:00:00,0
2023-04-13 04:00:00,0
2023-04-13 05:00:00,0
2023-04-13 06:00:00,0
2023-04-13 07:00:00,0
2023-04-13 08:00:00,11.4970
2023-04-13 09:00:00,14.2110
2023-04-13 10:00:00,12.4030
2023-04-13 11:00:00,15.0990
2023-04-13 12:00:00,10.1740
2023-04-13 13:00:00,9.8490
2023-04-13 14:00:00,13.5340
2023-04-13 15:00:00,15.5990
2023-04-13 16:00:00,8.7590
2023-04-13 17:00:00,9.1560
2023-04-13 18:00:00,0
2023-04-13 19:00:00,0
2023-04-13 20:00:00,0
2023-04-13 21:00:00,0
2023-04-13 22:00:00,0
2023-04-13 23:00:00,0
2023-04-14 00:00:00,0
2023-04-14 01:00:00,0
2023-04-14 02:00:00,0
2023-04-14 03:00:00,0
2023-04-14 04:00:00,0
2023-04-14 05:00:00,0
2023-04-14 06:00:00,0
2023-04-14 07:00:00,0
2023-04-14 08:00:00,11.5230
2023-04-14 09:00:00,12.4580
2023-04-14 10:00:00,10.5050
2023-04-14 11:00:00,11.9040
2023-04-14 12:00:00,12.1390
2023-04-14 13:00:00,8.7380
2023-04-14 14:00:00,8.5690
2023-04-14 15:00:00,8.8760
2023-04-14 16:00:00,8.8360
2023-04-14 17:00:00,8.8400
2023-04-14 18:00:00,0
2023-04-14 19:00:00,0
2023-04-14 20:00:00,0
2023-04-14 21:00:00,0
2023-04-14 22:00:00,0
2023-04-14 23:00:00,0
2023-04-15 00:00:00,13.3110
2023-04-15 01:00:00,10.1220
2023-04-15 02:00:00,0
2023-04-15 03:00:00,0
2023-04-15 04:00:00,21.5830
2023-04-15 05:00:00,12.4520
2023-04-15 06:00:00,14.8310
2023-04-15 07:00:00,10.7260
2023-04-15 08:00:00,0
2023-04-15 09:00:00,0
2023-04-15 10:00:00,8.9790
2023-04-15 11:00:00,9.1400
2023-04-15 12:00:00,9.0790
2023-04-15 13:00:00,9.7140
2023-04-15 14:00:00,8.8910
2023-04-15 15:00:00,9.1250
2023-04-15 16:00:00,8.8260
2023-04-15 17:00:00,8.8460
2023-04-15 18:00:00,10.6410
2023-04-15 19:00:00,9.6680
2023-04-15 20:00:00,9.6710
2023-04-15 21:00:00,9.5920
2023-04-15 22:00:00,10.4480
2023-04-15 23:00:00,10.9170
2023-04-16 00:00:00,11.6610
2023-04-16 01:00:00,9.4470
2023-04-16 02:00:00,0
2023-04-16 03:00:00,0
2023-04-16 04:00:00,13.6250
2023-04-16 05:00:00,9.9440
2023-04-16 06:00:00,9.8160
2023-04-16 07:00:00,13.1690
2023-04-16 08:00:00,0
2023-04-16 09:00:00,0
2023-04-16 10:00:00,12.4170
2023-04-16 11:00:00,9.6080
2023-04-16 12:00:00,10.3450
2023-04-16 13:00:00,8.9180
2023-04-16 14:00:00,8.9090
2023-04-16 15:00:00,8.8940
2023-04-16 16:00:00,8.9130
2023-04-16 17:00:00,8.0540
2023-04-16 18:00:00,10.4220
2023-04-16 19:00:00,8.8780
2023-04-16 20:00:00,9.9460
2023-04-16 21:00:00,10.4420
2023-04-16 22:00:00,13.9820
2023-04-16 23:00:00,13.1080
2023-04-17 00:00:00,13.7850
2023-04-17 01:00:00,20.5270
2023-04-17 02:00:00,0
2023-04-17 03:00:00,0
2023-04-17 04:00:00,15.3570
2023-04-17 05:00:00,12.9710
2023-04-17 06:00:00,9.7450
2023-04-17 07:00:00,0
2023-04-17 08:00:00,0
2023-04-17 09:00:00,0
2023-04-17 10:00:00,0
2023-04-17 11:00:00,0
2023-04-17 12:00:00,0
2023-04-17 13:00:00,0
2023-04-17 14:00:00,0
2023-04-17 15:00:00,0
2023-04-17 16:00:00,0
2023-04-17 17:00:00,0
2023-04-17 18:00:00,0
2023-04-17 19:00:00,0
2023-04-17 20:00:00,0
2023-04-17 21:00:00,0
2023-04-17 22:00:00,0
2023-04-17 23:00:00,0
2023-04-18 00:00:00,0
2023-04-18 01:00:00,0
2023-04-18 02:00:00,0
2023-04-18 03:00:00,0
2023-04-18 04:00:00,0
2023-04-18 05:00:00,0
2023-04-18 06:00:00,0
2023-04-18 07:00:00,0
2023-04-18 08:00:00,0
2023-04-18 09:00:00,0
2023-04-18 10:00:00,0
2023-04-18 11:00:00,0
2023-04-18 12:00:00,0
2023-04-18 13:00:00,0
2023-04-18 14:00:00,0
2023-04-18 15:00:00,0
2023-04-18 16:00:00,0
2023-04-18 17:00:00,0
2023-04-18 18:00:00,0
2023-04-18 19:00:00,0
2023-04-18 20:00:00,0
2023-04-18 21:00:00,0
2023-04-18 22:00:00,0
2023-04-18 23:00:00,0
2023-04-19 00:00:00,0
2023-04-19 01:00:00,0
2023-04-19 02:00:00,0
2023-04-19 03:00:00,0
2023-04-19 04:00:00,0
2023-04-19 05:00:00,0
2023-04-19 06:00:00,0
2023-04-19 07:00:00,0
2023-04-19 08:00:00,0
2023-04-19 09:00:00,0
2023-04-19 10:00:00,0
2023-04-19 11:00:00,0
2023-04-19 12:00:00,0
2023-04-19 13:00:00,0
2023-04-19 14:00:00,0
2023-04-19 15:00:00,0
2023-04-19 16:00:00,0
2023-04-19 17:00:00,0
2023-04-19 18:00:00,0
2023-04-19 19:00:00,0
2023-04-19 20:00:00,0
2023-04-19 21:00:00,0
2023-04-19 22:00:00,0
2023-04-19 23:00:00,0
2023-04-20 00:00:00,0
2023-04-20 01:00:00,0
2023-04-20 02:00:00,0
2023-04-20 03:00:00,0
2023-04-20 04:00:00,0
2023-04-20 05:00:00,0
2023-04-20 06:00:00,0
2023-04-20 07:00:00,0
2023-04-20 08:00:00,0
2023-04-20 09:00:00,0
2023-04-20 10:00:00,0
2023-04-20 11:00:00,0
2023-04-20 12:00:00,9.5280
2023-04-20 13:00:00,8.3900
2023-04-20 14:00:00,1.8820
2023-04-20 15:00:00,0
2023-04-20 16:00:00,0
2023-04-20 17:00:00,0
2023-04-20 18:00:00,0
2023-04-20 19:00:00,0
2023-04-20 20:00:00,0
2023-04-20 21:00:00,0
2023-04-20 22:00:00,0
2023-04-20 23:00:00,0
2023-04-21 00:00:00,0
2023-04-21 01:00:00,0
2023-04-21 02:00:00,0
2023-04-21 03:00:00,0
2023-04-21 04:00:00,0
2023-04-21 05:00:00,0
2023-04-21 06:00:00,0
2023-04-21 07:00:00,0
2023-04-21 08:00:00,0
2023-04-21 09:00:00,0
2023-04-21 10:00:00,0
2023-04-21 11:00:00,0
2023-04-21 12:00:00,0
2023-04-21 13:00:00,10.2960
2023-04-21 14:00:00,8.1640
2023-04-21 15:00:00,9.0200
2023-04-21 16:00:00,6.9200
2023-04-21 17:00:00,6.8710
2023-04-21 18:00:00,8.2970
2023-04-21 19:00:00,7.2680
2023-04-21 20:00:00,6.8980
2023-04-21 21:00:00,14.7730
2023-04-21 22:00:00,8.2180
2023-04-21 23:00:00,9.8600
2023-04-22 00:00:00,8.7510
2023-04-22 01:00:00,7.0970
2023-04-22 02:00:00,0
2023-04-22 03:00:00,0
2023-04-22 04:00:00,9.7400
2023-04-22 05:00:00,8.4630
2023-04-22 06:00:00,7.1830
2023-04-22 07:00:00,8.3470
2023-04-22 08:00:00,12.3920
2023-04-22 09:00:00,9.4060
2023-04-22 10:00:00,11.3170
2023-04-22 11:00:00,14.7630
2023-04-22 12:00:00,8.4620
2023-04-22 13:00:00,11.6180
2023-04-22 14:00:00,13.9120
2023-04-22 15:00:00,7.3680
2023-04-22 16:00:00,12.4940
2023-04-22 17:00:00,8.4100
2023-04-22 18:00:00,9.7120
2023-04-22 19:00:00,7.6390
2023-04-22 20:00:00,8.1510
2023-04-22 21:00:00,7.5850
2023-04-22 22:00:00,7.6330
2023-04-22 23:00:00,8.4390
2023-04-23 00:00:00,11.2000
2023-04-23 01:00:00,9.6050
2023-04-23 02:00:00,0
2023-04-23 03:00:00,0
2023-04-23 04:00:00,10.8130
2023-04-23 05:00:00,11.6090
2023-04-23 06:00:00,8.3910
2023-04-23 07:00:00,13.7340
2023-04-23 08:00:00,10.3110
2023-04-23 09:00:00,7.8090
2023-04-23 10:00:00,7.6710
2023-04-23 11:00:00,8.1110
2023-04-23 12:00:00,8.0670
2023-04-23 13:00:00,13.9250
2023-04-23 14:00:00,10.0380
2023-04-23 15:00:00,6.9150
2023-04-23 16:00:00,8.9110
2023-04-23 17:00:00,9.6840
2023-04-23 18:00:00,7.7790
2023-04-23 19:00:00,8.3920
2023-04-23 20:00:00,7.6860
2023-04-23 21:00:00,6.9050
2023-04-23 22:00:00,7.4460
2023-04-23 23:00:00,7.5320
2023-04-24 00:00:00,7.4400
2023-04-24 01:00:00,7.6530
2023-04-24 02:00:00,0
2023-04-24 03:00:00,0
2023-04-24 04:00:00,8.3910
2023-04-24 05:00:00,7.9850
2023-04-24 06:00:00,7.6220
2023-04-24 07:00:00,7.1090
2023-04-24 08:00:00,10.6900
2023-04-24 09:00:00,8.1490
2023-04-24 10:00:00,0
2023-04-24 11:00:00,0
2023-04-24 12:00:00,0
2023-04-24 13:00:00,0
2023-04-24 14:00:00,8.4940
2023-04-24 15:00:00,10.5020
2023-04-24 16:00:00,12.2600
2023-04-24 17:00:00,8.2050
2023-04-24 18:00:00,7.9760
2023-04-24 19:00:00,11.2880
2023-04-24 20:00:00,7.9250
2023-04-24 21:00:00,8.6400
2023-04-24 22:00:00,7.2000
2023-04-24 23:00:00,7.8330
2023-04-25 00:00:00,7.9760
2023-04-25 01:00:00,9.4540
2023-04-25 02:00:00,0
2023-04-25 03:00:00,0
2023-04-25 04:00:00,10.6640
2023-04-25 05:00:00,8.6280
2023-04-25 06:00:00,7.2780
2023-04-25 07:00:00,0
2023-04-25 08:00:00,0
2023-04-25 09:00:00,0
2023-04-25 10:00:00,0
2023-04-25 11:00:00,0
2023-04-25 12:00:00,0
2023-04-25 13:00:00,0
2023-04-25 14:00:00,0
2023-04-25 15:00:00,0
2023-04-25 16:00:00,9.3600
2023-04-25 17:00:00,8.1540
2023-04-25 18:00:00,8.8500
2023-04-25 19:00:00,11.9920
2023-04-25 20:00:00,23.6950
2023-04-25 21:00:00,7.7890
2023-04-25 22:00:00,8.6010
2023-04-25 23:00:00,8.1490
2023-04-26 00:00:00,10.2180
2023-04-26 01:00:00,9.7100
2023-04-26 02:00:00,0
2023-04-26 03:00:00,0
2023-04-26 04:00:00,8.5710
2023-04-26 05:00:00,8.8650
2023-04-26 06:00:00,8.7240
2023-04-26 07:00:00,7.7120
2023-04-26 08:00:00,12.1940
2023-04-26 09:00:00,10.3830
2023-04-26 10:00:00,11.1110
2023-04-26 11:00:00,9.9030
2023-04-26 12:00:00,9.7710
2023-04-26 13:00:00,8.3460
2023-04-26 14:00:00,7.6200
2023-04-26 15:00:00,11.2630
2023-04-26 16:00:00,11.5020
2023-04-26 17:00:00,11.0580
2023-04-26 18:00:00,8.7620
2023-04-26 19:00:00,12.0310
2023-04-26 20:00:00,12.0990
2023-04-26 21:00:00,11.8700
2023-04-26 22:00:00,8.3620
2023-04-26 23:00:00,10.2670
2023-04-27 00:00:00,6.9190
2023-04-27 01:00:00,6.9210
2023-04-27 02:00:00,0
2023-04-27 03:00:00,0
2023-04-27 04:00:00,7.3100
2023-04-27 05:00:00,7.0280
2023-04-27 06:00:00,6.6930
2023-04-27 07:00:00,0
2023-04-27 08:00:00,0
2023-04-27 09:00:00,0
2023-04-27 10:00:00,0
2023-04-27 11:00:00,0
2023-04-27 12:00:00,0
2023-04-27 13:00:00,0
2023-04-27 14:00:00,0
2023-04-27 15:00:00,0
2023-04-27 16:00:00,6.8610
2023-04-27 17:00:00,9.5480
2023-04-27 18:00:00,7.4520
2023-04-27 19:00:00,6.8720
2023-04-27 20:00:00,6.9430
2023-04-27 21:00:00,8.1000
2023-04-27 22:00:00,7.1760
2023-04-27 23:00:00,11.1210
2023-04-28 00:00:00,9.3020
2023-04-28 01:00:00,9.4000
2023-04-28 02:00:00,0
2023-04-28 03:00:00,0
2023-04-28 04:00:00,8.7290
2023-04-28 05:00:00,9.1600
2023-04-28 06:00:00,9.8630
2023-04-28 07:00:00,8.6590
2023-04-28 08:00:00,6.9100
2023-04-28 09:00:00,10.7360
2023-04-28 10:00:00,6.3620
2023-04-28 11:00:00,7.3250
2023-04-28 12:00:00,11.0210
2023-04-28 13:00:00,6.4900
2023-04-28 14:00:00,4.3590
2023-04-28 15:00:00,0
2023-04-28 16:00:00,0
2023-04-28 17:00:00,0
2023-04-28 18:00:00,0
2023-04-28 19:00:00,0
2023-04-28 20:00:00,0
2023-04-28 21:00:00,0
2023-04-28 22:00:00,0
2023-04-28 23:00:00,0
2023-04-29 00:00:00,0
2023-04-29 01:00:00,0
2023-04-29 02:00:00,0
2023-04-29 03:00:00,0
2023-04-29 04:00:00,0
2023-04-29 05:00:00,0
2023-04-29 06:00:00,0
2023-04-29 07:00:00,0
2023-04-29 08:00:00,0
2023-04-29 09:00:00,0
2023-04-29 10:00:00,0
2023-04-29 11:00:00,0
2023-04-29 12:00:00,0
2023-04-29 13:00:00,0
2023-04-29 14:00:00,0
2023-04-29 15:00:00,0
2023-04-29 16:00:00,0
2023-04-29 17:00:00,0
2023-04-29 18:00:00,0
2023-04-29 19:00:00,0
2023-04-29 20:00:00,6.8930
2023-04-29 21:00:00,6.9120
2023-04-29 22:00:00,12.7720
2023-04-29 23:00:00,8.5770
2023-04-30 00:00:00,11.2900
2023-04-30 01:00:00,14.4420
2023-04-30 02:00:00,0
2023-04-30 03:00:00,0
2023-04-30 04:00:00,12.2520
2023-04-30 05:00:00,13.3410
2023-04-30 06:00:00,12.7930
2023-04-30 07:00:00,11.3650
2023-04-30 08:00:00,10.2860
2023-04-30 09:00:00,15.5290
2023-04-30 10:00:00,0.5790
2023-04-30 11:00:00,6.9940
2023-04-30 12:00:00,7.2710
2023-04-30 13:00:00,7.1540
2023-04-30 14:00:00,7.6200
2023-04-30 15:00:00,7.7890
2023-04-30 16:00:00,7.2000
2023-04-30 17:00:00,11.4230
2023-04-30 18:00:00,7.7050
2023-04-30 19:00:00,10.2100
2023-04-30 20:00:00,8.5850
2023-04-30 21:00:00,6.9500
2023-04-30 22:00:00,8.0740
2023-04-30 23:00:00,8.5520
2023-05-01 00:00:00,9.0280
2023-05-01 01:00:00,13.0720
2023-05-01 02:00:00,0
2023-05-01 03:00:00,0
2023-05-01 04:00:00,11.2960
2023-05-01 05:00:00,8.3070
2023-05-01 06:00:00,9.1760
2023-05-01 07:00:00,7.3160
2023-05-01 08:00:00,7.1620
2023-05-01 09:00:00,7.1620
2023-05-01 10:00:00,9.9590
2023-05-01 11:00:00,6.8990
2023-05-01 12:00:00,6.9010
2023-05-01 13:00:00,8.0520
2023-05-01 14:00:00,7.2350
2023-05-01 15:00:00,11.3240
2023-05-01 16:00:00,9.1150
2023-05-01 17:00:00,7.8940
2023-05-01 18:00:00,6.9140
2023-05-01 19:00:00,6.9170
2023-05-01 20:00:00,0
2023-05-01 21:00:00,6.8600
2023-05-01 22:00:00,9.1890
2023-05-01 23:00:00,8.8770
2023-05-02 00:00:00,8.5330
2023-05-02 01:00:00,12.3940
2023-05-02 02:00:00,0
2023-05-02 03:00:00,0
2023-05-02 04:00:00,12.1840
2023-05-02 05:00:00,8.5490
2023-05-02 06:00:00,7.9580
2023-05-02 07:00:00,8.9620
2023-05-02 08:00:00,6.8880
2023-05-02 09:00:00,10.9140
2023-05-02 10:00:00,0
2023-05-02 11:00:00,0
2023-05-02 12:00:00,0
2023-05-02 13:00:00,0
2023-05-02 14:00:00,0
2023-05-02 15:00:00,0
2023-05-02 16:00:00,0
2023-05-02 17:00:00,0
2023-05-02 18:00:00,0
2023-05-02 19:00:00,0
2023-05-02 20:00:00,0
2023-05-02 21:00:00,0
2023-05-02 22:00:00,0
2023-05-02 23:00:00,0
2023-05-03 00:00:00,0
2023-05-03 01:00:00,0
2023-05-03 02:00:00,0
2023-05-03 03:00:00,0
2023-05-03 04:00:00,0
2023-05-03 05:00:00,0
2023-05-03 06:00:00,0
2023-05-03 07:00:00,0
2023-05-03 08:00:00,0
2023-05-03 09:00:00,0
2023-05-03 10:00:00,0
2023-05-03 11:00:00,0
2023-05-03 12:00:00,0
2023-05-03 13:00:00,0
2023-05-03 14:00:00,0
2023-05-03 15:00:00,0
2023-05-03 16:00:00,0
2023-05-03 17:00:00,0
2023-05-03 18:00:00,0
2023-05-03 19:00:00,0
2023-05-03 20:00:00,0
2023-05-03 21:00:00,0
2023-05-03 22:00:00,0
2023-05-03 23:00:00,0
2023-05-04 00:00:00,0
2023-05-04 01:00:00,0
2023-05-04 02:00:00,0
2023-05-04 03:00:00,0
2023-05-04 04:00:00,0
2023-05-04 05:00:00,0
2023-05-04 06:00:00,0
2023-05-04 07:00:00,0
2023-05-04 08:00:00,0
2023-05-04 09:00:00,0
2023-05-04 10:00:00,0
2023-05-04 11:00:00,0
2023-05-04 12:00:00,0
2023-05-04 13:00:00,0
2023-05-04 14:00:00,0
2023-05-04 15:00:00,0
2023-05-04 16:00:00,0
2023-05-04 17:00:00,0
2023-05-04 18:00:00,0
2023-05-04 19:00:00,0
2023-05-04 20:00:00,0
2023-05-04 21:00:00,0
2023-05-04 22:00:00,0
2023-05-04 23:00:00,0
2023-05-05 00:00:00,0
2023-05-05 01:00:00,0
2023-05-05 02:00:00,0
2023-05-05 03:00:00,0
2023-05-05 04:00:00,0
2023-05-05 05:00:00,0
2023-05-05 06:00:00,0
2023-05-05 07:00:00,0
2023-05-05 08:00:00,0
2023-05-05 09:00:00,0
2023-05-05 10:00:00,0
2023-05-05 11:00:00,0
2023-05-05 12:00:00,0
2023-05-05 13:00:00,0
2023-05-05 14:00:00,0
2023-05-05 15:00:00,0
2023-05-05 16:00:00,0
2023-05-05 17:00:00,0
2023-05-05 18:00:00,0
2023-05-05 19:00:00,0
2023-05-05 20:00:00,0
2023-05-05 21:00:00,0
2023-05-05 22:00:00,0
2023-05-05 23:00:00,0
2023-05-06 00:00:00,0
2023-05-06 01:00:00,0
2023-05-06 02:00:00,0
2023-05-06 03:00:00,0
2023-05-06 04:00:00,0
2023-05-06 05:00:00,0
2023-05-06 06:00:00,0
2023-05-06 07:00:00,0
2023-05-06 08:00:00,0
2023-05-06 09:00:00,0
2023-05-06 10:00:00,0
2023-05-06 11:00:00,0
2023-05-06 12:00:00,0
2023-05-06 13:00:00,0
2023-05-06 14:00:00,0
2023-05-06 15:00:00,0
2023-05-06 16:00:00,0
2023-05-06 17:00:00,0
2023-05-06 18:00:00,0
2023-05-06 19:00:00,0
2023-05-06 20:00:00,0
2023-05-06 21:00:00,0
2023-05-06 22:00:00,0
2023-05-06 23:00:00,0
2023-05-07 00:00:00,0
2023-05-07 01:00:00,0
2023-05-07 02:00:00,0
2023-05-07 03:00:00,0
2023-05-07 04:00:00,0
2023-05-07 05:00:00,0
2023-05-07 06:00:00,0
2023-05-07 07:00:00,0
2023-05-07 08:00:00,0
2023-05-07 09:00:00,0
2023-05-07 10:00:00,0
2023-05-07 11:00:00,0
2023-05-07 12:00:00,0
2023-05-07 13:00:00,0
2023-05-07 14:00:00,0
2023-05-07 15:00:00,0
2023-05-07 16:00:00,0
2023-05-07 17:00:00,0
2023-05-07 18:00:00,0
2023-05-07 19:00:00,0
2023-05-07 20:00:00,0
2023-05-07 21:00:00,0
2023-05-07 22:00:00,0
2023-05-07 23:00:00,0
2023-05-08 00:00:00,0
2023-05-08 01:00:00,0
2023-05-08 02:00:00,0
2023-05-08 03:00:00,0
2023-05-08 04:00:00,0
2023-05-08 05:00:00,0
2023-05-08 06:00:00,0
2023-05-08 07:00:00,0
2023-05-08 08:00:00,0
2023-05-08 09:00:00,0
2023-05-08 10:00:00,0
2023-05-08 11:00:00,0
2023-05-08 12:00:00,0
2023-05-08 13:00:00,0
2023-05-08 14:00:00,0
2023-05-08 15:00:00,0
2023-05-08 16:00:00,0
2023-05-08 17:00:00,0
2023-05-08 18:00:00,0
2023-05-08 19:00:00,0
2023-05-08 20:00:00,0
2023-05-08 21:00:00,0
2023-05-08 22:00:00,0
2023-05-08 23:00:00,0
2023-05-09 00:00:00,0
2023-05-09 01:00:00,0
2023-05-09 02:00:00,0
2023-05-09 03:00:00,0
2023-05-09 04:00:00,0
2023-05-09 05:00:00,0
2023-05-09 06:00:00,0
2023-05-09 07:00:00,0
2023-05-09 08:00:00,0
2023-05-09 09:00:00,0
2023-05-09 10:00:00,0
2023-05-09 11:00:00,0
2023-05-09 12:00:00,0
2023-05-09 13:00:00,0
2023-05-09 14:00:00,0
2023-05-09 15:00:00,0
2023-05-09 16:00:00,0
2023-05-09 17:00:00,0
2023-05-09 18:00:00,0
2023-05-09 19:00:00,0
2023-05-09 20:00:00,0
2023-05-09 21:00:00,0
2023-05-09 22:00:00,0
2023-05-09 23:00:00,0
2023-05-10 00:00:00,0
2023-05-10 01:00:00,0
2023-05-10 02:00:00,0
2023-05-10 03:00:00,0
2023-05-10 04:00:00,0
2023-05-10 05:00:00,0
2023-05-10 06:00:00,0
2023-05-10 07:00:00,0
2023-05-10 08:00:00,0
2023-05-10 09:00:00,0
2023-05-10 10:00:00,0
2023-05-10 11:00:00,0
2023-05-10 12:00:00,0
2023-05-10 13:00:00,0
2023-05-10 14:00:00,0
2023-05-10 15:00:00,0
2023-05-10 16:00:00,0
2023-05-10 17:00:00,0
2023-05-10 18:00:00,0
2023-05-10 19:00:00,0
2023-05-10 20:00:00,0
2023-05-10 21:00:00,0
2023-05-10 22:00:00,0
2023-05-10 23:00:00,0
2023-05-11 00:00:00,0
2023-05-11 01:00:00,0
2023-05-11 02:00:00,0
2023-05-11 03:00:00,0
2023-05-11 04:00:00,0
2023-05-11 05:00:00,0
2023-05-11 06:00:00,0
2023-05-11 07:00:00,0
2023-05-11 08:00:00,0
2023-05-11 09:00:00,0
2023-05-11 10:00:00,0
2023-05-11 11:00:00,0
2023-05-11 12:00:00,0
2023-05-11 13:00:00,0
2023-05-11 14:00:00,0
2023-05-11 15:00:00,0
2023-05-11 16:00:00,0
2023-05-11 17:00:00,0
2023-05-11 18:00:00,0
2023-05-11 19:00:00,0
2023-05-11 20:00:00,0
2023-05-11 21:00:00,0
2023-05-11 22:00:00,0
2023-05-11 23:00:00,0
2023-05-12 00:00:00,0
2023-05-12 01:00:00,0
2023-05-12 02:00:00,0
2023-05-12 03:00:00,0
2023-05-12 04:00:00,0
2023-05-12 05:00:00,0
2023-05-12 06:00:00,0
2023-05-12 07:00:00,0
2023-05-12 08:00:00,0
2023-05-12 09:00:00,0
2023-05-12 10:00:00,0
2023-05-12 11:00:00,0
2023-05-12 12:00:00,0
2023-05-12 13:00:00,0
2023-05-12 14:00:00,0
2023-05-12 15:00:00,0
2023-05-12 16:00:00,0
2023-05-12 17:00:00,0
2023-05-12 18:00:00,0
2023-05-12 19:00:00,0
2023-05-12 20:00:00,0
2023-05-12 21:00:00,0
2023-05-12 22:00:00,0
2023-05-12 23:00:00,0
2023-05-13 00:00:00,0
2023-05-13 01:00:00,0
2023-05-13 02:00:00,0
2023-05-13 03:00:00,0
2023-05-13 04:00:00,0
2023-05-13 05:00:00,0
2023-05-13 06:00:00,0
2023-05-13 07:00:00,0
2023-05-13 08:00:00,0
2023-05-13 09:00:00,0
2023-05-13 10:00:00,0
2023-05-13 11:00:00,0
2023-05-13 12:00:00,0
2023-05-13 13:00:00,0
2023-05-13 14:00:00,0
2023-05-13 15:00:00,0
2023-05-13 16:00:00,0
2023-05-13 17:00:00,0
2023-05-13 18:00:00,0
2023-05-13 19:00:00,0
2023-05-13 20:00:00,0
2023-05-13 21:00:00,0
2023-05-13 22:00:00,0
2023-05-13 23:00:00,0
2023-05-14 00:00:00,0
2023-05-14 01:00:00,0
2023-05-14 02:00:00,0
2023-05-14 03:00:00,0
2023-05-14 04:00:00,0
2023-05-14 05:00:00,0
2023-05-14 06:00:00,0
2023-05-14 07:00:00,0
2023-05-14 08:00:00,0
2023-05-14 09:00:00,0
2023-05-14 10:00:00,0
2023-05-14 11:00:00,0
2023-05-14 12:00:00,0
2023-05-14 13:00:00,0
2023-05-14 14:00:00,0
2023-05-14 15:00:00,0
2023-05-14 16:00:00,0
2023-05-14 17:00:00,0
2023-05-14 18:00:00,0
2023-05-14 19:00:00,0
2023-05-14 20:00:00,0
2023-05-14 21:00:00,0
2023-05-14 22:00:00,0
2023-05-14 23:00:00,0
2023-05-15 00:00:00,0
2023-05-15 01:00:00,0
2023-05-15 02:00:00,0
2023-05-15 03:00:00,0
2023-05-15 04:00:00,0
2023-05-15 05:00:00,0
2023-05-15 06:00:00,0
2023-05-15 07:00:00,0
2023-05-15 08:00:00,0
2023-05-15 09:00:00,0
2023-05-15 10:00:00,0
2023-05-15 11:00:00,0
2023-05-15 12:00:00,0
2023-05-15 13:00:00,0
2023-05-15 14:00:00,0
2023-05-15 15:00:00,0
2023-05-15 16:00:00,0
2023-05-15 17:00:00,0
2023-05-15 18:00:00,0
2023-05-15 19:00:00,0
2023-05-15 20:00:00,0
2023-05-15 21:00:00,0
2023-05-15 22:00:00,0
2023-05-15 23:00:00,0
2023-05-16 00:00:00,0
2023-05-16 01:00:00,0
2023-05-16 02:00:00,0
2023-05-16 03:00:00,0
2023-05-16 04:00:00,0
2023-05-16 05:00:00,0
2023-05-16 06:00:00,0
2023-05-16 07:00:00,0
2023-05-16 08:00:00,0
2023-05-16 09:00:00,0
2023-05-16 10:00:00,0
2023-05-16 11:00:00,0
2023-05-16 12:00:00,0
2023-05-16 13:00:00,0
2023-05-16 14:00:00,0
2023-05-16 15:00:00,0
2023-05-16 16:00:00,0
2023-05-16 17:00:00,0
2023-05-16 18:00:00,0
2023-05-16 19:00:00,0
2023-05-16 20:00:00,0
2023-05-16 21:00:00,0
2023-05-16 22:00:00,0
2023-05-16 23:00:00,0
2023-05-17 00:00:00,0
2023-05-17 01:00:00,0
2023-05-17 02:00:00,0
2023-05-17 03:00:00,0
2023-05-17 04:00:00,0
2023-05-17 05:00:00,0
2023-05-17 06:00:00,0
2023-05-17 07:00:00,0
2023-05-17 08:00:00,0
2023-05-17 09:00:00,0
2023-05-17 10:00:00,0
2023-05-17 11:00:00,0
2023-05-17 12:00:00,0
2023-05-17 13:00:00,0
2023-05-17 14:00:00,0
2023-05-17 15:00:00,0
2023-05-17 16:00:00,0
2023-05-17 17:00:00,0
2023-05-17 18:00:00,0
2023-05-17 19:00:00,0
2023-05-17 20:00:00,0
2023-05-17 21:00:00,0
2023-05-17 22:00:00,0
2023-05-17 23:00:00,0
2023-05-18 00:00:00,0
2023-05-18 01:00:00,0
2023-05-18 02:00:00,0
2023-05-18 03:00:00,0
2023-05-18 04:00:00,0
2023-05-18 05:00:00,0
2023-05-18 06:00:00,0
2023-05-18 07:00:00,0
2023-05-18 08:00:00,0
2023-05-18 09:00:00,0
2023-05-18 10:00:00,0
2023-05-18 11:00:00,0
2023-05-18 12:00:00,0
2023-05-18 13:00:00,0
2023-05-18 14:00:00,0
2023-05-18 15:00:00,0
2023-05-18 16:00:00,0
2023-05-18 17:00:00,0
2023-05-18 18:00:00,0
2023-05-18 19:00:00,0
2023-05-18 20:00:00,0
2023-05-18 21:00:00,0
2023-05-18 22:00:00,0
2023-05-18 23:00:00,0
2023-05-19 00:00:00,0
2023-05-19 01:00:00,0
2023-05-19 02:00:00,0
2023-05-19 03:00:00,0
2023-05-19 04:00:00,0
2023-05-19 05:00:00,0
2023-05-19 06:00:00,0
2023-05-19 07:00:00,0
2023-05-19 08:00:00,0
2023-05-19 09:00:00,0
2023-05-19 10:00:00,0
2023-05-19 11:00:00,0
2023-05-19 12:00:00,10.0150
2023-05-19 13:00:00,4.7170
2023-05-19 14:00:00,9.4010
2023-05-19 15:00:00,9.3760
2023-05-19 16:00:00,2.3540
2023-05-19 17:00:00,0
2023-05-19 18:00:00,0
2023-05-19 19:00:00,0
2023-05-19 20:00:00,0
2023-05-19 21:00:00,0
2023-05-19 22:00:00,0
2023-05-19 23:00:00,0
2023-05-20 00:00:00,0
2023-05-20 01:00:00,0
2023-05-20 02:00:00,0
2023-05-20 03:00:00,0
2023-05-20 04:00:00,0
2023-05-20 05:00:00,0
2023-05-20 06:00:00,0
2023-05-20 07:00:00,0
2023-05-20 08:00:00,0
2023-05-20 09:00:00,0
2023-05-20 10:00:00,0
2023-05-20 11:00:00,0
2023-05-20 12:00:00,0
2023-05-20 13:00:00,0
2023-05-20 14:00:00,0
2023-05-20 15:00:00,0
2023-05-20 16:00:00,0
2023-05-20 17:00:00,0
2023-05-20 18:00:00,0
2023-05-20 19:00:00,0
2023-05-20 20:00:00,0
2023-05-20 21:00:00,0
2023-05-20 22:00:00,0
2023-05-20 23:00:00,0
2023-05-21 00:00:00,0
2023-05-21 01:00:00,0
2023-05-21 02:00:00,0
2023-05-21 03:00:00,0
2023-05-21 04:00:00,0
2023-05-21 05:00:00,0
2023-05-21 06:00:00,0
2023-05-21 07:00:00,0
2023-05-21 08:00:00,0
2023-05-21 09:00:00,0
2023-05-21 10:00:00,0
2023-05-21 11:00:00,0
2023-05-21 12:00:00,0
2023-05-21 13:00:00,0
2023-05-21 14:00:00,0
2023-05-21 15:00:00,0
2023-05-21 16:00:00,0
2023-05-21 17:00:00,0
2023-05-21 18:00:00,0
2023-05-21 19:00:00,0
2023-05-21 20:00:00,0
2023-05-21 21:00:00,0
2023-05-21 22:00:00,0
2023-05-21 23:00:00,0
2023-05-22 00:00:00,0
2023-05-22 01:00:00,0
2023-05-22 02:00:00,0
2023-05-22 03:00:00,0
2023-05-22 04:00:00,0
2023-05-22 05:00:00,0
2023-05-22 06:00:00,0
2023-05-22 07:00:00,0
2023-05-22 08:00:00,0
2023-05-22 09:00:00,0
2023-05-22 10:00:00,0
2023-05-22 11:00:00,0
2023-05-22 12:00:00,9.4030
2023-05-22 13:00:00,9.2630
2023-05-22 14:00:00,9.3810
2023-05-22 15:00:00,9.6280
2023-05-22 16:00:00,10.6040
2023-05-22 17:00:00,9.8320
2023-05-22 18:00:00,9.9960
2023-05-22 19:00:00,9.9750
2023-05-22 20:00:00,11.6570
2023-05-22 21:00:00,12.0010
2023-05-22 22:00:00,14.8700
2023-05-22 23:00:00,14.8650
2023-05-23 00:00:00,16.6790
2023-05-23 01:00:00,15.0830
2023-05-23 02:00:00,0
2023-05-23 03:00:00,0
2023-05-23 04:00:00,13.7710
2023-05-23 05:00:00,15.2950
2023-05-23 06:00:00,11.7240
2023-05-23 07:00:00,14.4740
2023-05-23 08:00:00,9.8850
2023-05-23 09:00:00,9.6850
2023-05-23 10:00:00,11.0280
2023-05-23 11:00:00,14.9640
2023-05-23 12:00:00,9.3500
2023-05-23 13:00:00,10.9250
2023-05-23 14:00:00,0
2023-05-23 15:00:00,11.3610
2023-05-23 16:00:00,8.9490
2023-05-23 17:00:00,11.4460
2023-05-23 18:00:00,16.6210
2023-05-23 19:00:00,18.1950
2023-05-23 20:00:00,11.3280
2023-05-23 21:00:00,0
2023-05-23 22:00:00,11.3020
2023-05-23 23:00:00,14.5540
2023-05-24 00:00:00,14.3880
2023-05-24 01:00:00,15.9390
2023-05-24 02:00:00,0
2023-05-24 03:00:00,0
2023-05-24 04:00:00,17.7770
2023-05-24 05:00:00,14.3860
2023-05-24 06:00:00,12.6030
2023-05-24 07:00:00,13.7690
2023-05-24 08:00:00,19.4590
2023-05-24 09:00:00,12
2023-05-24 10:00:00,24.0690
2023-05-24 11:00:00,15.5860
2023-05-24 12:00:00,5.4800
2023-05-24 13:00:00,13.3170
2023-05-24 14:00:00,10.7660
2023-05-24 15:00:00,9.4110
2023-05-24 16:00:00,9.4010
2023-05-24 17:00:00,10.3390
2023-05-24 18:00:00,9.3810
2023-05-24 19:00:00,18.6200
2023-05-24 20:00:00,9.4250
2023-05-24 21:00:00,11.0630
2023-05-24 22:00:00,12.7480
2023-05-24 23:00:00,19.8400
2023-05-25 00:00:00,9.5560
2023-05-25 01:00:00,19.8840
2023-05-25 02:00:00,0
2023-05-25 03:00:00,0
2023-05-25 04:00:00,18.9840
2023-05-25 05:00:00,20.1490
2023-05-25 06:00:00,15.0590
2023-05-25 07:00:00,17.4530
2023-05-25 08:00:00,0
2023-05-25 09:00:00,14.2110
2023-05-25 10:00:00,13.0990
2023-05-25 11:00:00,11.7910
2023-05-25 12:00:00,35.5080
2023-05-25 13:00:00,0.7880
2023-05-25 14:00:00,0
2023-05-25 15:00:00,0
2023-05-25 16:00:00,0.7810
2023-05-25 17:00:00,14.2080
2023-05-25 18:00:00,12.5790
2023-05-25 19:00:00,17.5740
2023-05-25 20:00:00,11.3710
2023-05-25 21:00:00,16.7500
2023-05-25 22:00:00,19.0650
2023-05-25 23:00:00,15.7020
2023-05-26 00:00:00,14.4490
2023-05-26 01:00:00,20.4410
2023-05-26 02:00:00,0
2023-05-26 03:00:00,0
2023-05-26 04:00:00,17.1130
2023-05-26 05:00:00,13.5790
2023-05-26 06:00:00,11.7960
2023-05-26 07:00:00,12.4570
2023-05-26 08:00:00,11.0740
2023-05-26 09:00:00,10.1120
2023-05-26 10:00:00,10.4820
2023-05-26 11:00:00,17.7950
2023-05-26 12:00:00,0.7800
2023-05-26 13:00:00,3.1310
2023-05-26 14:00:00,3.1350
2023-05-26 15:00:00,9.4230
2023-05-26 16:00:00,11.3380
2023-05-26 17:00:00,14.2080
2023-05-26 18:00:00,9.3860
2023-05-26 19:00:00,21.8170
2023-05-26 20:00:00,64.4570
2023-05-26 21:00:00,10.8890
2023-05-26 22:00:00,14.0690
2023-05-26 23:00:00,13.7470
2023-05-27 00:00:00,10.0210
2023-05-27 01:00:00,13.1100
2023-05-27 02:00:00,0
2023-05-27 03:00:00,0
2023-05-27 04:00:00,19.4440
2023-05-27 05:00:00,16.8960
2023-05-27 06:00:00,13.0530
2023-05-27 07:00:00,10.4160
2023-05-27 08:00:00,25.8900
2023-05-27 09:00:00,13.9340
2023-05-27 10:00:00,14.7530
2023-05-27 11:00:00,14.6110
2023-05-27 12:00:00,20.4580
2023-05-27 13:00:00,17.4230
2023-05-27 14:00:00,9.3720
2023-05-27 15:00:00,15.0240
2023-05-27 16:00:00,10.7380
2023-05-27 17:00:00,9.3560
2023-05-27 18:00:00,9.4230
2023-05-27 19:00:00,9.3600
2023-05-27 20:00:00,10.7000
2023-05-27 21:00:00,16.3240
2023-05-27 22:00:00,12.1280
2023-05-27 23:00:00,16.2930
2023-05-28 00:00:00,9.6330
2023-05-28 01:00:00,17.7050
2023-05-28 02:00:00,0
2023-05-28 03:00:00,0
2023-05-28 04:00:00,15.7760
2023-05-28 05:00:00,14.9270
2023-05-28 06:00:00,19.2300
2023-05-28 07:00:00,15.0210
2023-05-28 08:00:00,12.6940
2023-05-28 09:00:00,13.6940
2023-05-28 10:00:00,12.1190
2023-05-28 11:00:00,9.3870
2023-05-28 12:00:00,19.5550
2023-05-28 13:00:00,9.4220
2023-05-28 14:00:00,15.6240
2023-05-28 15:00:00,9.7680
2023-05-28 16:00:00,10.0270
2023-05-28 17:00:00,9.3700
2023-05-28 18:00:00,19.1910
2023-05-28 19:00:00,20.3080
2023-05-28 20:00:00,21.4960
2023-05-28 21:00:00,19.1590
2023-05-28 22:00:00,14.5970
2023-05-28 23:00:00,18.2070
2023-05-29 00:00:00,17.7890
2023-05-29 01:00:00,14.3840
2023-05-29 02:00:00,0
2023-05-29 03:00:00,0
2023-05-29 04:00:00,15.8080
2023-05-29 05:00:00,16.1430
2023-05-29 06:00:00,18.6930
2023-05-29 07:00:00,20.1770
2023-05-29 08:00:00,16.9360
2023-05-29 09:00:00,13.1300
2023-05-29 10:00:00,16.7910
2023-05-29 11:00:00,12.0220
2023-05-29 12:00:00,10.9780
2023-05-29 13:00:00,9.5000
2023-05-29 14:00:00,9.3910
2023-05-29 15:00:00,18.2430
2023-05-29 16:00:00,9.4210
2023-05-29 17:00:00,9.8440
2023-05-29 18:00:00,11.3680
2023-05-29 19:00:00,11.1710
2023-05-29 20:00:00,11.3400
2023-05-29 21:00:00,10.4800
2023-05-29 22:00:00,14.3220
2023-05-29 23:00:00,14.6310
2023-05-30 00:00:00,12.7530
2023-05-30 01:00:00,11.8670
2023-05-30 02:00:00,0
2023-05-30 03:00:00,0
2023-05-30 04:00:00,16.1860
2023-05-30 05:00:00,21.2120
2023-05-30 06:00:00,12.8030
2023-05-30 07:00:00,15.6880
2023-05-30 08:00:00,10.4740
2023-05-30 09:00:00,10.3300
2023-05-30 10:00:00,10.1150
2023-05-30 11:00:00,11.4200
2023-05-30 12:00:00,13.4540
2023-05-30 13:00:00,9.6760
2023-05-30 14:00:00,9.3920
2023-05-30 15:00:00,9.3850
2023-05-30 16:00:00,9.6080
2023-05-30 17:00:00,11.1910
2023-05-30 18:00:00,12.2690
2023-05-30 19:00:00,9.6000
2023-05-30 20:00:00,9.4150
2023-05-30 21:00:00,10.6170
2023-05-30 22:00:00,16.0000
2023-05-30 23:00:00,12.9640
2023-05-31 00:00:00,9.7150
2023-05-31 01:00:00,12.9310
2023-05-31 02:00:00,0
2023-05-31 03:00:00,0
2023-05-31 04:00:00,9.4200
2023-05-31 05:00:00,14.9790
2023-05-31 06:00:00,14.0590
2023-05-31 07:00:00,12.9420
2023-05-31 08:00:00,9.9500
2023-05-31 09:00:00,9.7840
2023-05-31 10:00:00,10.4720
2023-05-31 11:00:00,12.6250
2023-05-31 12:00:00,12.0210
2023-05-31 13:00:00,14.9180
2023-05-31 14:00:00,19.5540
2023-05-31 15:00:00,9.4380
2023-05-31 16:00:00,9.3980
2023-05-31 17:00:00,11.0310
2023-05-31 18:00:00,9.3820
2023-05-31 19:00:00,10.0470
2023-05-31 20:00:00,13.7620
2023-05-31 21:00:00,9.4380
2023-05-31 22:00:00,9.7530
2023-05-31 23:00:00,14.3150
2023-06-01 00:00:00,9.4390
2023-06-01 01:00:00,15.4440
2023-06-01 02:00:00,0
2023-06-01 03:00:00,0
2023-06-01 04:00:00,15.0300
2023-06-01 05:00:00,13.4340
2023-06-01 06:00:00,14.7440
2023-06-01 07:00:00,13.4730
2023-06-01 08:00:00,14.2070
2023-06-01 09:00:00,14.0480
2023-06-01 10:00:00,12.5830
2023-06-01 11:00:00,10.5270
2023-06-01 12:00:00,10.3120
2023-06-01 13:00:00,10.9050
2023-06-01 14:00:00,10.9080
2023-06-01 15:00:00,9.3750
2023-06-01 16:00:00,9.4360
2023-06-01 17:00:00,9.3720
2023-06-01 18:00:00,9.3880
2023-06-01 19:00:00,10.9690
2023-06-01 20:00:00,10.2610
2023-06-01 21:00:00,9.3280
2023-06-01 22:00:00,9.5190
2023-06-01 23:00:00,11.0300
2023-06-02 00:00:00,14.2320
2023-06-02 01:00:00,0
2023-06-02 02:00:00,0
2023-06-02 03:00:00,0
2023-06-02 04:00:00,9.3970
2023-06-02 05:00:00,22.1000
2023-06-02 06:00:00,11.4960
2023-06-02 07:00:00,16.7010
2023-06-02 08:00:00,10.7860
2023-06-02 09:00:00,10.3990
2023-06-02 10:00:00,10.5220
2023-06-02 11:00:00,10.4550
2023-06-02 12:00:00,10.1130
2023-06-02 13:00:00,10.8120
2023-06-02 14:00:00,10.8250
2023-06-02 15:00:00,10.4980
2023-06-02 16:00:00,9.3840
2023-06-02 17:00:00,9.9070
2023-06-02 18:00:00,9.3570
2023-06-02 19:00:00,16.5560
2023-06-02 20:00:00,13.5110
2023-06-02 21:00:00,10.2620
2023-06-02 22:00:00,10.2880
2023-06-02 23:00:00,12.4800
2023-06-03 00:00:00,11.3740
2023-06-03 01:00:00,13.8440
2023-06-03 02:00:00,0
2023-06-03 03:00:00,0
2023-06-03 04:00:00,23.7070
2023-06-03 05:00:00,19.1010
2023-06-03 06:00:00,21.5430
2023-06-03 07:00:00,17.3480
2023-06-03 08:00:00,12.1640
2023-06-03 09:00:00,9.5020
2023-06-03 10:00:00,9.7420
2023-06-03 11:00:00,10.4150
2023-06-03 12:00:00,10.0560
2023-06-03 13:00:00,11.1580
2023-06-03 14:00:00,9.3850
2023-06-03 15:00:00,9.6140
2023-06-03 16:00:00,0
2023-06-03 17:00:00,0
2023-06-03 18:00:00,9.3680
2023-06-03 19:00:00,13.7410
2023-06-03 20:00:00,15.1950
2023-06-03 21:00:00,9.6990
2023-06-03 22:00:00,13.7190
2023-06-03 23:00:00,10.1200
2023-06-04 00:00:00,15.5930
2023-06-04 01:00:00,16.6160
2023-06-04 02:00:00,0
2023-06-04 03:00:00,0
2023-06-04 04:00:00,9.3660
2023-06-04 05:00:00,24.6390
2023-06-04 06:00:00,19.3160
2023-06-04 07:00:00,27.7060
2023-06-04 08:00:00,22.7710
2023-06-04 09:00:00,22.5010
2023-06-04 10:00:00,12.0630
2023-06-04 11:00:00,11.8730
2023-06-04 12:00:00,11.5400
2023-06-04 13:00:00,16.4110
2023-06-04 14:00:00,12.6730
2023-06-04 15:00:00,9.4330
2023-06-04 16:00:00,9.4030
2023-06-04 17:00:00,9.7720
2023-06-04 18:00:00,10.8090
2023-06-04 19:00:00,17.3570
2023-06-04 20:00:00,9.3350
2023-06-04 21:00:00,11.2820
2023-06-04 22:00:00,11.3370
2023-06-04 23:00:00,12.1470
2023-06-05 00:00:00,18.0330
2023-06-05 01:00:00,21.3560
2023-06-05 02:00:00,0
2023-06-05 03:00:00,0
2023-06-05 04:00:00,19.2300
2023-06-05 05:00:00,16.8450
2023-06-05 06:00:00,15.7080
2023-06-05 07:00:00,14.7510
2023-06-05 08:00:00,16.3250
2023-06-05 09:00:00,9.8890
2023-06-05 10:00:00,12.5880
2023-06-05 11:00:00,13.7240
2023-06-05 12:00:00,9.7620
2023-06-05 13:00:00,9.8850
2023-06-05 14:00:00,9.3470
2023-06-05 15:00:00,0
2023-06-05 16:00:00,0
2023-06-05 17:00:00,0
2023-06-05 18:00:00,9.0950
2023-06-05 19:00:00,8.0800
2023-06-05 20:00:00,8.3980
2023-06-05 21:00:00,11.9290
2023-06-05 22:00:00,9.1590
2023-06-05 23:00:00,9.1750
2023-06-06 00:00:00,11.5760
2023-06-06 01:00:00,8.1310
2023-06-06 02:00:00,0
2023-06-06 03:00:00,0
2023-06-06 04:00:00,12.5220
2023-06-06 05:00:00,14.1920
2023-06-06 06:00:00,13.0380
2023-06-06 07:00:00,11.0710
2023-06-06 08:00:00,8.8990
2023-06-06 09:00:00,8.5770
2023-06-06 10:00:00,8.7420
2023-06-06 11:00:00,8.8270
2023-06-06 12:00:00,13.0800
2023-06-06 13:00:00,13.0450
2023-06-06 14:00:00,9.0690
2023-06-06 15:00:00,0
2023-06-06 16:00:00,0
2023-06-06 17:00:00,0
2023-06-06 18:00:00,10.1840
2023-06-06 19:00:00,10.9320
2023-06-06 20:00:00,9.0870
2023-06-06 21:00:00,11.9280
2023-06-06 22:00:00,11.4950
2023-06-06 23:00:00,13.0250
2023-06-07 00:00:00,8.4100
2023-06-07 01:00:00,8.0630
2023-06-07 02:00:00,0
2023-06-07 03:00:00,0
2023-06-07 04:00:00,9.0970
2023-06-07 05:00:00,11.9510
2023-06-07 06:00:00,11.2320
2023-06-07 07:00:00,8.5160
2023-06-07 08:00:00,11.7630
2023-06-07 09:00:00,10.7460
2023-06-07 10:00:00,12.2040
2023-06-07 11:00:00,8.6460
2023-06-07 12:00:00,8.7840
2023-06-07 13:00:00,8.4180
2023-06-07 14:00:00,8.1010
2023-06-07 15:00:00,8.7360
2023-06-07 16:00:00,8.1640
2023-06-07 17:00:00,8.0060
2023-06-07 18:00:00,9.4120
2023-06-07 19:00:00,8.0660
2023-06-07 20:00:00,8.0160
2023-06-07 21:00:00,11.9110
2023-06-07 22:00:00,9.9170
2023-06-07 23:00:00,11.4600
2023-06-08 00:00:00,8.1280
2023-06-08 01:00:00,12.8750
2023-06-08 02:00:00,0
2023-06-08 03:00:00,0
2023-06-08 04:00:00,18.2690
2023-06-08 05:00:00,13.9430
2023-06-08 06:00:00,12.8780
2023-06-08 07:00:00,10.3400
2023-06-08 08:00:00,10.4330
2023-06-08 09:00:00,9.4140
2023-06-08 10:00:00,12.5760
2023-06-08 11:00:00,13.0130
2023-06-08 12:00:00,9.0100
2023-06-08 13:00:00,8.7250
2023-06-08 14:00:00,8.1200
2023-06-08 15:00:00,9.1100
2023-06-08 16:00:00,8.4720
2023-06-08 17:00:00,11.6670
2023-06-08 18:00:00,8.1290
2023-06-08 19:00:00,8.0730
2023-06-08 20:00:00,8.1070
2023-06-08 21:00:00,8.4780
2023-06-08 22:00:00,9.1710
2023-06-08 23:00:00,17.9710
2023-06-09 00:00:00,14.8920
2023-06-09 01:00:00,10.5660
2023-06-09 02:00:00,0
2023-06-09 03:00:00,0
2023-06-09 04:00:00,11.3870
2023-06-09 05:00:00,13.5390
2023-06-09 06:00:00,9.7830
2023-06-09 07:00:00,10.2030
2023-06-09 08:00:00,10.8570
2023-06-09 09:00:00,8.4010
2023-06-09 10:00:00,14.7630
2023-06-09 11:00:00,9.9630
2023-06-09 12:00:00,11.7690
2023-06-09 13:00:00,8.9900
2023-06-09 14:00:00,13.9520
2023-06-09 15:00:00,7.2090
2023-06-09 16:00:00,7.4200
2023-06-09 17:00:00,8.0620
2023-06-09 18:00:00,8.0850
2023-06-09 19:00:00,8.0600
2023-06-09 20:00:00,8.0970
2023-06-09 21:00:00,8.4600
2023-06-09 22:00:00,10.1520
2023-06-09 23:00:00,10.4770
2023-06-10 00:00:00,9.9710
2023-06-10 01:00:00,13.0160
2023-06-10 02:00:00,0
2023-06-10 03:00:00,0
2023-06-10 04:00:00,17.6080
2023-06-10 05:00:00,15.8430
2023-06-10 06:00:00,16.5670
2023-06-10 07:00:00,13.7960
2023-06-10 08:00:00,19.0530
2023-06-10 09:00:00,11.9200
2023-06-10 10:00:00,14.9750
2023-06-10 11:00:00,12.5630
2023-06-10 12:00:00,9.5130
2023-06-10 13:00:00,10.3930
2023-06-10 14:00:00,10.7640
2023-06-10 15:00:00,14.1990
2023-06-10 16:00:00,8.0980
2023-06-10 17:00:00,8.1330
2023-06-10 18:00:00,8.9780
2023-06-10 19:00:00,8.3910
2023-06-10 20:00:00,8.0520
2023-06-10 21:00:00,9.0460
2023-06-10 22:00:00,8.3690
2023-06-10 23:00:00,9.1050
2023-06-11 00:00:00,9.8280
2023-06-11 01:00:00,13.9510
2023-06-11 02:00:00,0
2023-06-11 03:00:00,0
2023-06-11 04:00:00,8.3990
2023-06-11 05:00:00,14.1270
2023-06-11 06:00:00,14.7450
2023-06-11 07:00:00,16.2060
2023-06-11 08:00:00,13.9210
2023-06-11 09:00:00,11.4990
2023-06-11 10:00:00,18.6990
2023-06-11 11:00:00,11.1140
2023-06-11 12:00:00,9.4490
2023-06-11 13:00:00,8.5240
2023-06-11 14:00:00,9.3930
2023-06-11 15:00:00,0
2023-06-11 16:00:00,0
2023-06-11 17:00:00,0
2023-06-11 18:00:00,10.1120
2023-06-11 19:00:00,8.0850
2023-06-11 20:00:00,8.0570
2023-06-11 21:00:00,10.4650
2023-06-11 22:00:00,8.7980
2023-06-11 23:00:00,13.2250
2023-06-12 00:00:00,10.9690
2023-06-12 01:00:00,14.2070
2023-06-12 02:00:00,0
2023-06-12 03:00:00,0
2023-06-12 04:00:00,12.0480
2023-06-12 05:00:00,10.5340
2023-06-12 06:00:00,10.8210
2023-06-12 07:00:00,10.3300
2023-06-12 08:00:00,9.6030
2023-06-12 09:00:00,8.5100
2023-06-12 10:00:00,9.3180
2023-06-12 11:00:00,8.6630
2023-06-12 12:00:00,8.5780
2023-06-12 13:00:00,8.8020
2023-06-12 14:00:00,17.3320
2023-06-12 15:00:00,9.1210
2023-06-12 16:00:00,9.7770
2023-06-12 17:00:00,8.7620
2023-06-12 18:00:00,8.4860
2023-06-12 19:00:00,11.5940
2023-06-12 20:00:00,8.4890
2023-06-12 21:00:00,9.1500
2023-06-12 22:00:00,9.7380
2023-06-12 23:00:00,17.6870
2023-06-13 00:00:00,11.2450
2023-06-13 01:00:00,15.4760
2023-06-13 02:00:00,0
2023-06-13 03:00:00,0
2023-06-13 04:00:00,8.0120
2023-06-13 05:00:00,18.5820
2023-06-13 06:00:00,11.7120
2023-06-13 07:00:00,10.9290
2023-06-13 08:00:00,11.8940
2023-06-13 09:00:00,8.7130
2023-06-13 10:00:00,12.3120
2023-06-13 11:00:00,11.0270
2023-06-13 12:00:00,11.7800
2023-06-13 13:00:00,10.9120
2023-06-13 14:00:00,17.4470
2023-06-13 15:00:00,9.2860
2023-06-13 16:00:00,0
2023-06-13 17:00:00,0
2023-06-13 18:00:00,8.1110
2023-06-13 19:00:00,8.0840
2023-06-13 20:00:00,8.0690
2023-06-13 21:00:00,11.6520
2023-06-13 22:00:00,14.9240
2023-06-13 23:00:00,12.0500
2023-06-14 00:00:00,8.2980
2023-06-14 01:00:00,8.1400
2023-06-14 02:00:00,0
2023-06-14 03:00:00,0
2023-06-14 04:00:00,16.6540
2023-06-14 05:00:00,13.9490
2023-06-14 06:00:00,12.1470
2023-06-14 07:00:00,13.7010
2023-06-14 08:00:00,9.3440
2023-06-14 09:00:00,9.0280
2023-06-14 10:00:00,13.3390
2023-06-14 11:00:00,9.8110
2023-06-14 12:00:00,8.8680
2023-06-14 13:00:00,8.7060
2023-06-14 14:00:00,8.6080
2023-06-14 15:00:00,9.4150
2023-06-14 16:00:00,10.6770
2023-06-14 17:00:00,9.4380
2023-06-14 18:00:00,9.1020
2023-06-14 19:00:00,8.8960
2023-06-14 20:00:00,8.1250
2023-06-14 21:00:00,8.9230
2023-06-14 22:00:00,12.0240
2023-06-14 23:00:00,10.5540
2023-06-15 00:00:00,7.2550
2023-06-15 01:00:00,7.5380
2023-06-15 02:00:00,0
2023-06-15 03:00:00,0
2023-06-15 04:00:00,2.3940
2023-06-15 05:00:00,0
2023-06-15 06:00:00,0
2023-06-15 07:00:00,0
2023-06-15 08:00:00,0
2023-06-15 09:00:00,0
2023-06-15 10:00:00,0
2023-06-15 11:00:00,0
2023-06-15 12:00:00,0
2023-06-15 13:00:00,0
2023-06-15 14:00:00,0
2023-06-15 15:00:00,0
2023-06-15 16:00:00,0
2023-06-15 17:00:00,0
2023-06-15 18:00:00,0
2023-06-15 19:00:00,0
2023-06-15 20:00:00,0
2023-06-15 21:00:00,0
2023-06-15 22:00:00,0
2023-06-15 23:00:00,0
2023-06-16 00:00:00,0
2023-06-16 01:00:00,0
2023-06-16 02:00:00,0
2023-06-16 03:00:00,0
2023-06-16 04:00:00,0
2023-06-16 05:00:00,0
2023-06-16 06:00:00,0
2023-06-16 07:00:00,0
2023-06-16 08:00:00,0
2023-06-16 09:00:00,0
2023-06-16 10:00:00,0
2023-06-16 11:00:00,0
2023-06-16 12:00:00,0
2023-06-16 13:00:00,0
2023-06-16 14:00:00,0
2023-06-16 15:00:00,0
2023-06-16 16:00:00,0
2023-06-16 17:00:00,0
2023-06-16 18:00:00,0
2023-06-16 19:00:00,0
2023-06-16 20:00:00,0
2023-06-16 21:00:00,0
2023-06-16 22:00:00,0
2023-06-16 23:00:00,0
2023-06-17 00:00:00,0
2023-06-17 01:00:00,0
2023-06-17 02:00:00,0
2023-06-17 03:00:00,0
2023-06-17 04:00:00,0
2023-06-17 05:00:00,0
2023-06-17 06:00:00,0
2023-06-17 07:00:00,0
2023-06-17 08:00:00,0
2023-06-17 09:00:00,0
2023-06-17 10:00:00,0
2023-06-17 11:00:00,0
2023-06-17 12:00:00,0
2023-06-17 13:00:00,0
2023-06-17 14:00:00,0
2023-06-17 15:00:00,0
2023-06-17 16:00:00,0
2023-06-17 17:00:00,0
2023-06-17 18:00:00,0
2023-06-17 19:00:00,8.0460
2023-06-17 20:00:00,8.1090
2023-06-17 21:00:00,10.5910
2023-06-17 22:00:00,13.2480
2023-06-17 23:00:00,13.7050
2023-06-18 00:00:00,14.1150
2023-06-18 01:00:00,14.3720
2023-06-18 02:00:00,0
2023-06-18 03:00:00,0
2023-06-18 04:00:00,15.1070
2023-06-18 05:00:00,15.0750
2023-06-18 06:00:00,14.5480
2023-06-18 07:00:00,15.7820
2023-06-18 08:00:00,15.3890
2023-06-18 09:00:00,17.0320
2023-06-18 10:00:00,9.9420
2023-06-18 11:00:00,12.6240
2023-06-18 12:00:00,12.6270
2023-06-18 13:00:00,13.1350
2023-06-18 14:00:00,11.3350
2023-06-18 15:00:00,9.0850
2023-06-18 16:00:00,8.0980
2023-06-18 17:00:00,8.1340
2023-06-18 18:00:00,9.1810
2023-06-18 19:00:00,8.0820
2023-06-18 20:00:00,8.1120
2023-06-18 21:00:00,11.1520
2023-06-18 22:00:00,9.6680
2023-06-18 23:00:00,10.2200
2023-06-19 00:00:00,14.7060
2023-06-19 01:00:00,8.2720
2023-06-19 02:00:00,0
2023-06-19 03:00:00,0
2023-06-19 04:00:00,20.8270
2023-06-19 05:00:00,13.9640
2023-06-19 06:00:00,11.7610
2023-06-19 07:00:00,11.5140
2023-06-19 08:00:00,10.1690
2023-06-19 09:00:00,10.3870
2023-06-19 10:00:00,15.9340
2023-06-19 11:00:00,10.8910
2023-06-19 12:00:00,9.1690
2023-06-19 13:00:00,8.8880
2023-06-19 14:00:00,0
2023-06-19 15:00:00,8.8130
2023-06-19 16:00:00,8.1130
2023-06-19 17:00:00,8.1170
2023-06-19 18:00:00,9.6850
2023-06-19 19:00:00,9.6020
2023-06-19 20:00:00,9.1270
2023-06-19 21:00:00,11.2680
2023-06-19 22:00:00,12.7980
2023-06-19 23:00:00,11.4790
2023-06-20 00:00:00,17.9680
2023-06-20 01:00:00,12.0710
2023-06-20 02:00:00,0
2023-06-20 03:00:00,0
2023-06-20 04:00:00,14.0880
2023-06-20 05:00:00,11.1450
2023-06-20 06:00:00,11.1350
2023-06-20 07:00:00,13.8480
2023-06-20 08:00:00,10.0830
2023-06-20 09:00:00,10.5140
2023-06-20 10:00:00,10.8800
2023-06-20 11:00:00,13.5600
2023-06-20 12:00:00,9.5240
2023-06-20 13:00:00,11.3860
2023-06-20 14:00:00,8.3150
2023-06-20 15:00:00,0
2023-06-20 16:00:00,0
2023-06-20 17:00:00,0
2023-06-20 18:00:00,8.6740
2023-06-20 19:00:00,11.9830
2023-06-20 20:00:00,14.1550
2023-06-20 21:00:00,12.7260
2023-06-20 22:00:00,13.2410
2023-06-20 23:00:00,13.9580
2023-06-21 00:00:00,11.7030
2023-06-21 01:00:00,15.4710
2023-06-21 02:00:00,0
2023-06-21 03:00:00,0
2023-06-21 04:00:00,14.0480
2023-06-21 05:00:00,12.7260
2023-06-21 06:00:00,14.6760
2023-06-21 07:00:00,13.2120
2023-06-21 08:00:00,13.8190
2023-06-21 09:00:00,10.6020
2023-06-21 10:00:00,11.4090
2023-06-21 11:00:00,11.5640
2023-06-21 12:00:00,8.4900
2023-06-21 13:00:00,10.9600
2023-06-21 14:00:00,11.0090
2023-06-21 15:00:00,16.1680
2023-06-21 16:00:00,0
2023-06-21 17:00:00,0
2023-06-21 18:00:00,11.7840
2023-06-21 19:00:00,13.9740
2023-06-21 20:00:00,12.1410
2023-06-21 21:00:00,8.8990
2023-06-21 22:00:00,10.3660
2023-06-21 23:00:00,0
2023-06-22 00:00:00,0
2023-06-22 01:00:00,0
2023-06-22 02:00:00,0
2023-06-22 03:00:00,0
2023-06-22 04:00:00,0
2023-06-22 05:00:00,0
2023-06-22 06:00:00,0
2023-06-22 07:00:00,0
2023-06-22 08:00:00,0
2023-06-22 09:00:00,12.7480
2023-06-22 10:00:00,11.1230
2023-06-22 11:00:00,8.5270
2023-06-22 12:00:00,10.7080
2023-06-22 13:00:00,8.5770
2023-06-22 14:00:00,8.1410
2023-06-22 15:00:00,0
2023-06-22 16:00:00,0
2023-06-22 17:00:00,6.1260
2023-06-22 18:00:00,8.1220
2023-06-22 19:00:00,8.1150
2023-06-22 20:00:00,9.4440
2023-06-22 21:00:00,10.7020
2023-06-22 22:00:00,10.7340
2023-06-22 23:00:00,10.6940
2023-06-23 00:00:00,9.9840
2023-06-23 01:00:00,15.2950
2023-06-23 02:00:00,0
2023-06-23 03:00:00,0
2023-06-23 04:00:00,15.6030
2023-06-23 05:00:00,15.9060
2023-06-23 06:00:00,12.8790
2023-06-23 07:00:00,11.6020
2023-06-23 08:00:00,10.7990
2023-06-23 09:00:00,9.6540
2023-06-23 10:00:00,9.6320
2023-06-23 11:00:00,10.0220
2023-06-23 12:00:00,10.3980
2023-06-23 13:00:00,11.4400
2023-06-23 14:00:00,9.0770
2023-06-23 15:00:00,12.4530
2023-06-23 16:00:00,8.1210
2023-06-23 17:00:00,8.1180
2023-06-23 18:00:00,9.5860
2023-06-23 19:00:00,9.3530
2023-06-23 20:00:00,12.4500
2023-06-23 21:00:00,17.0220
2023-06-23 22:00:00,17.6670
2023-06-23 23:00:00,13.1670
2023-06-24 00:00:00,9.4840
2023-06-24 01:00:00,11.7060
2023-06-24 02:00:00,0
2023-06-24 03:00:00,0
2023-06-24 04:00:00,3.2290
2023-06-24 05:00:00,2.5510
2023-06-24 06:00:00,14.4720
2023-06-24 07:00:00,11.1780
2023-06-24 08:00:00,10.8810
2023-06-24 09:00:00,8.2860
2023-06-24 10:00:00,11.5300
2023-06-24 11:00:00,9.4520
2023-06-24 12:00:00,10.2330
2023-06-24 13:00:00,9.3590
2023-06-24 14:00:00,9.8260
2023-06-24 15:00:00,8.1260
2023-06-24 16:00:00,8.1350
2023-06-24 17:00:00,8.1410
2023-06-24 18:00:00,8.1100
2023-06-24 19:00:00,8.0970
2023-06-24 20:00:00,8.7160
2023-06-24 21:00:00,9.0580
2023-06-24 22:00:00,11.0170
2023-06-24 23:00:00,11.1930
2023-06-25 00:00:00,12.4260
2023-06-25 01:00:00,13.1310
2023-06-25 02:00:00,0
2023-06-25 03:00:00,0
2023-06-25 04:00:00,14.3020
2023-06-25 05:00:00,17.9260
2023-06-25 06:00:00,13.1010
2023-06-25 07:00:00,14.7610
2023-06-25 08:00:00,16.2050
2023-06-25 09:00:00,16.3370
2023-06-25 10:00:00,15.8430
2023-06-25 11:00:00,12.3940
2023-06-25 12:00:00,12.2580
2023-06-25 13:00:00,9.1580
2023-06-25 14:00:00,8.1650
2023-06-25 15:00:00,9.9050
2023-06-25 16:00:00,8.0780
2023-06-25 17:00:00,8.7700
2023-06-25 18:00:00,8.1120
2023-06-25 19:00:00,8.0410
2023-06-25 20:00:00,8.0730
2023-06-25 21:00:00,9.0540
2023-06-25 22:00:00,10.2840
2023-06-25 23:00:00,10.6510
2023-06-26 00:00:00,15.6240
2023-06-26 01:00:00,20.0480
2023-06-26 02:00:00,0
2023-06-26 03:00:00,0
2023-06-26 04:00:00,14.2730
2023-06-26 05:00:00,15.3380
2023-06-26 06:00:00,10.2310
2023-06-26 07:00:00,10.6300
2023-06-26 08:00:00,10.3140
2023-06-26 09:00:00,10.4160
2023-06-26 10:00:00,9.5150
2023-06-26 11:00:00,11.3090
2023-06-26 12:00:00,10.1530
2023-06-26 13:00:00,10.3700
2023-06-26 14:00:00,8.3430
2023-06-26 15:00:00,8.4540
2023-06-26 16:00:00,10.3620
2023-06-26 17:00:00,8.1110
2023-06-26 18:00:00,8.1260
2023-06-26 19:00:00,8.7300
2023-06-26 20:00:00,11.2150
2023-06-26 21:00:00,9.0770
2023-06-26 22:00:00,10.0180
2023-06-26 23:00:00,10.5780
2023-06-27 00:00:00,12.4310
2023-06-27 01:00:00,8.5860
2023-06-27 02:00:00,0
2023-06-27 03:00:00,0
2023-06-27 04:00:00,2.6950
2023-06-27 05:00:00,4.9810
2023-06-27 06:00:00,4.3410
2023-06-27 07:00:00,10.5490
2023-06-27 08:00:00,9.6780
2023-06-27 09:00:00,10.9600
2023-06-27 10:00:00,14.3130
2023-06-27 11:00:00,9.6310
2023-06-27 12:00:00,10.7090
2023-06-27 13:00:00,9.0680
2023-06-27 14:00:00,13.2240
2023-06-27 15:00:00,8.2800
2023-06-27 16:00:00,8.0890
2023-06-27 17:00:00,7.4390
2023-06-27 18:00:00,8.4270
2023-06-27 19:00:00,8.2710
2023-06-27 20:00:00,13.7370
2023-06-27 21:00:00,8.1390
2023-06-27 22:00:00,10.7810
2023-06-27 23:00:00,8.6760
2023-06-28 00:00:00,9.9490
2023-06-28 01:00:00,11.7710
2023-06-28 02:00:00,0
2023-06-28 03:00:00,0
2023-06-28 04:00:00,16.6220
2023-06-28 05:00:00,13.7550
2023-06-28 06:00:00,13.9820
2023-06-28 07:00:00,12.8940
2023-06-28 08:00:00,12.9360
2023-06-28 09:00:00,10.6480
2023-06-28 10:00:00,11.4540
2023-06-28 11:00:00,11.3510
2023-06-28 12:00:00,10.4950
2023-06-28 13:00:00,10.9520
2023-06-28 14:00:00,0
2023-06-28 15:00:00,0
2023-06-28 16:00:00,0
2023-06-28 17:00:00,0
2023-06-28 18:00:00,10.5750
2023-06-28 19:00:00,8.1200
2023-06-28 20:00:00,8.0850
2023-06-28 21:00:00,8.9230
2023-06-28 22:00:00,11.0780
2023-06-28 23:00:00,12.1900
2023-06-29 00:00:00,8.6860
2023-06-29 01:00:00,9.8650
2023-06-29 02:00:00,0
2023-06-29 03:00:00,0
2023-06-29 04:00:00,8.0990
2023-06-29 05:00:00,17.7280
2023-06-29 06:00:00,12.4250
2023-06-29 07:00:00,10.1470
2023-06-29 08:00:00,13.8490
2023-06-29 09:00:00,11.5430
2023-06-29 10:00:00,11.5230
2023-06-29 11:00:00,11.8340
2023-06-29 12:00:00,10.5710
2023-06-29 13:00:00,11.1220
2023-06-29 14:00:00,0
2023-06-29 15:00:00,4.0170
2023-06-29 16:00:00,10.7130
2023-06-29 17:00:00,0
2023-06-29 18:00:00,8.0670
2023-06-29 19:00:00,25.3630
2023-06-29 20:00:00,8.0230
2023-06-29 21:00:00,8.6620
2023-06-29 22:00:00,8.8490
2023-06-29 23:00:00,10.6720
2023-06-30 00:00:00,13.9350
2023-06-30 01:00:00,13.0440
2023-06-30 02:00:00,0
2023-06-30 03:00:00,0
2023-06-30 04:00:00,13.9410
2023-06-30 05:00:00,10.3940
2023-06-30 06:00:00,12.5360
2023-06-30 07:00:00,13.6420
2023-06-30 08:00:00,13.9380
2023-06-30 09:00:00,15.0780
2023-06-30 10:00:00,11.4770
2023-06-30 11:00:00,8.7480
2023-06-30 12:00:00,11.6930
2023-06-30 13:00:00,10.3490
2023-06-30 14:00:00,0
2023-06-30 15:00:00,0
2023-06-30 16:00:00,10.6780
2023-06-30 17:00:00,10.4620
2023-06-30 18:00:00,10.3280
2023-06-30 19:00:00,8.0890
2023-06-30 20:00:00,10.9370
2023-06-30 21:00:00,10.9990
2023-06-30 22:00:00,10.1650
2023-06-30 23:00:00,10.1360
