date,revenue_charging_energy
2023-04-01 00:00:00,0
2023-04-01 01:00:00,0
2023-04-01 02:00:00,0
2023-04-01 03:00:00,-11.6200
2023-04-01 04:00:00,0
2023-04-01 05:00:00,0
2023-04-01 06:00:00,0
2023-04-01 07:00:00,-79.5400
2023-04-01 08:00:00,0
2023-04-01 09:00:00,0
2023-04-01 10:00:00,-666.1100
2023-04-01 11:00:00,-36.0400
2023-04-01 12:00:00,0
2023-04-01 13:00:00,0
2023-04-01 14:00:00,0
2023-04-01 15:00:00,0
2023-04-01 16:00:00,0
2023-04-01 17:00:00,-1166.0200
2023-04-01 18:00:00,0
2023-04-01 19:00:00,0
2023-04-01 20:00:00,0
2023-04-01 21:00:00,0
2023-04-01 22:00:00,0
2023-04-01 23:00:00,-16.4600
2023-04-02 00:00:00,-33.6300
2023-04-02 01:00:00,-5.6900
2023-04-02 02:00:00,0
2023-04-02 03:00:00,-23.6300
2023-04-02 04:00:00,0
2023-04-02 05:00:00,0
2023-04-02 06:00:00,0
2023-04-02 07:00:00,-2455.5200
2023-04-02 08:00:00,0
2023-04-02 09:00:00,-885.6300
2023-04-02 10:00:00,0
2023-04-02 11:00:00,-2852.6300
2023-04-02 12:00:00,0
2023-04-02 13:00:00,0
2023-04-02 14:00:00,0
2023-04-02 15:00:00,0
2023-04-02 16:00:00,0
2023-04-02 17:00:00,0
2023-04-02 18:00:00,0
2023-04-02 19:00:00,0
2023-04-02 20:00:00,0
2023-04-02 21:00:00,0
2023-04-02 22:00:00,-220.0800
2023-04-02 23:00:00,0
2023-04-03 00:00:00,0
2023-04-03 01:00:00,-2919.2500
2023-04-03 02:00:00,-5765.9800
2023-04-03 03:00:00,-5629.1600
2023-04-03 04:00:00,-5628.6600
2023-04-03 05:00:00,-182.7900
2023-04-03 06:00:00,-34.0100
2023-04-03 07:00:00,0
2023-04-03 08:00:00,0
2023-04-03 09:00:00,0
2023-04-03 10:00:00,-31.2900
2023-04-03 11:00:00,-168.0200
2023-04-03 12:00:00,-263.3000
2023-04-03 13:00:00,-5158.9000
2023-04-03 14:00:00,0
2023-04-03 15:00:00,-337.4200
2023-04-03 16:00:00,-361.1400
2023-04-03 17:00:00,0
2023-04-03 18:00:00,0
2023-04-03 19:00:00,0
2023-04-03 20:00:00,0
2023-04-03 21:00:00,-348.7800
2023-04-03 22:00:00,0
2023-04-03 23:00:00,-74.6500
2023-04-04 00:00:00,-4584.3100
2023-04-04 01:00:00,-7089.2300
2023-04-04 02:00:00,-6903.8200
2023-04-04 03:00:00,-3733.9600
2023-04-04 04:00:00,0
2023-04-04 05:00:00,0
2023-04-04 06:00:00,0
2023-04-04 07:00:00,0
2023-04-04 08:00:00,0
2023-04-04 09:00:00,0
2023-04-04 10:00:00,-4409.6400
2023-04-04 11:00:00,-3681.4000
2023-04-04 12:00:00,-6293.7200
2023-04-04 13:00:00,-4331.4400
2023-04-04 14:00:00,-794.0600
2023-04-04 15:00:00,-94.9300
2023-04-04 16:00:00,0
2023-04-04 17:00:00,0
2023-04-04 18:00:00,0
2023-04-04 19:00:00,0
2023-04-04 20:00:00,0
2023-04-04 21:00:00,0
2023-04-04 22:00:00,-254.9800
2023-04-04 23:00:00,0
2023-04-05 00:00:00,-1038.9000
2023-04-05 01:00:00,-6256.2400
2023-04-05 02:00:00,-9534.7700
2023-04-05 03:00:00,-9794.5200
2023-04-05 04:00:00,0
2023-04-05 05:00:00,-474.6900
2023-04-05 06:00:00,0
2023-04-05 07:00:00,0
2023-04-05 08:00:00,0
2023-04-05 09:00:00,0
2023-04-05 10:00:00,-233.5200
2023-04-05 11:00:00,-719.8900
2023-04-05 12:00:00,-1446.7100
2023-04-05 13:00:00,-7422.4500
2023-04-05 14:00:00,-308.6900
2023-04-05 15:00:00,-5958.0100
2023-04-05 16:00:00,0
2023-04-05 17:00:00,0
2023-04-05 18:00:00,-641.5500
2023-04-05 19:00:00,0
2023-04-05 20:00:00,0
2023-04-05 21:00:00,-282.7700
2023-04-05 22:00:00,0
2023-04-05 23:00:00,0
2023-04-06 00:00:00,-10527.2100
2023-04-06 01:00:00,-6030.9300
2023-04-06 02:00:00,-9650.7000
2023-04-06 03:00:00,-9508.1400
2023-04-06 04:00:00,0
2023-04-06 05:00:00,-414.5300
2023-04-06 06:00:00,0
2023-04-06 07:00:00,0
2023-04-06 08:00:00,0
2023-04-06 09:00:00,0
2023-04-06 10:00:00,-1195.3500
2023-04-06 11:00:00,-803.2800
2023-04-06 12:00:00,-587.8200
2023-04-06 13:00:00,-3273.8200
2023-04-06 14:00:00,-3246.3600
2023-04-06 15:00:00,-3446.3700
2023-04-06 16:00:00,0
2023-04-06 17:00:00,0
2023-04-06 18:00:00,-1122.7000
2023-04-06 19:00:00,0
2023-04-06 20:00:00,0
2023-04-06 21:00:00,0
2023-04-06 22:00:00,-52.2400
2023-04-06 23:00:00,-1096.9800
2023-04-07 00:00:00,-6005.3600
2023-04-07 01:00:00,0
2023-04-07 02:00:00,-7492.1100
2023-04-07 03:00:00,-7439.0100
2023-04-07 04:00:00,-2063.4000
2023-04-07 05:00:00,-114.5700
2023-04-07 06:00:00,-85.0800
2023-04-07 07:00:00,-1908.5600
2023-04-07 08:00:00,0
2023-04-07 09:00:00,0
2023-04-07 10:00:00,0
2023-04-07 11:00:00,-181.5800
2023-04-07 12:00:00,0
2023-04-07 13:00:00,-1265.4300
2023-04-07 14:00:00,0
2023-04-07 15:00:00,0
2023-04-07 16:00:00,0
2023-04-07 17:00:00,-1678.4200
2023-04-07 18:00:00,-1079.6100
2023-04-07 19:00:00,-1827.1100
2023-04-07 20:00:00,-91.6000
2023-04-07 21:00:00,-11.5600
2023-04-07 22:00:00,0
2023-04-07 23:00:00,0
2023-04-08 00:00:00,-1147.8300
2023-04-08 01:00:00,-29.4800
2023-04-08 02:00:00,-5.7400
2023-04-08 03:00:00,-8.5800
2023-04-08 04:00:00,-9.1100
2023-04-08 05:00:00,0
2023-04-08 06:00:00,0
2023-04-08 07:00:00,0
2023-04-08 08:00:00,0
2023-04-08 09:00:00,-31.8500
2023-04-08 10:00:00,-465.0200
2023-04-08 11:00:00,-782.3400
2023-04-08 12:00:00,-1453.2600
2023-04-08 13:00:00,-4786.4500
2023-04-08 14:00:00,0
2023-04-08 15:00:00,0
2023-04-08 16:00:00,0
2023-04-08 17:00:00,0
2023-04-08 18:00:00,0
2023-04-08 19:00:00,0
2023-04-08 20:00:00,0
2023-04-08 21:00:00,-215.0600
2023-04-08 22:00:00,0
2023-04-08 23:00:00,0
2023-04-09 00:00:00,0
2023-04-09 01:00:00,0
2023-04-09 02:00:00,0
2023-04-09 03:00:00,0
2023-04-09 04:00:00,0
2023-04-09 05:00:00,0
2023-04-09 06:00:00,0
2023-04-09 07:00:00,-163.9200
2023-04-09 08:00:00,-184.1600
2023-04-09 09:00:00,0
2023-04-09 10:00:00,-1847.6600
2023-04-09 11:00:00,-2090.1000
2023-04-09 12:00:00,-1914.3900
2023-04-09 13:00:00,-1571.5300
2023-04-09 14:00:00,-1392.9000
2023-04-09 15:00:00,0
2023-04-09 16:00:00,0
2023-04-09 17:00:00,-12.9600
2023-04-09 18:00:00,0
2023-04-09 19:00:00,0
2023-04-09 20:00:00,0
2023-04-09 21:00:00,-317.3300
2023-04-09 22:00:00,-61.6800
2023-04-09 23:00:00,0
2023-04-10 00:00:00,-4009.4400
2023-04-10 01:00:00,0
2023-04-10 02:00:00,0
2023-04-10 03:00:00,-2394.3500
2023-04-10 04:00:00,0
2023-04-10 05:00:00,0
2023-04-10 06:00:00,0
2023-04-10 07:00:00,-1529.8400
2023-04-10 08:00:00,0
2023-04-10 09:00:00,-298.5400
2023-04-10 10:00:00,-1338.1600
2023-04-10 11:00:00,-1160.3900
2023-04-10 12:00:00,-3804.0800
2023-04-10 13:00:00,-6427.6000
2023-04-10 14:00:00,-4673.1100
2023-04-10 15:00:00,-772.9800
2023-04-10 16:00:00,-187.5500
2023-04-10 17:00:00,-14.8400
2023-04-10 18:00:00,0
2023-04-10 19:00:00,0
2023-04-10 20:00:00,0
2023-04-10 21:00:00,-238.0600
2023-04-10 22:00:00,-50.4200
2023-04-10 23:00:00,0
2023-04-11 00:00:00,-1198.9600
2023-04-11 01:00:00,-5551.9300
2023-04-11 02:00:00,-5253.9400
2023-04-11 03:00:00,-5585.6700
2023-04-11 04:00:00,0
2023-04-11 05:00:00,-292.8400
2023-04-11 06:00:00,0
2023-04-11 07:00:00,-375.6900
2023-04-11 08:00:00,0
2023-04-11 09:00:00,0
2023-04-11 10:00:00,-2058.6600
2023-04-11 11:00:00,-1943.0500
2023-04-11 12:00:00,-724.1500
2023-04-11 13:00:00,-4345.9300
2023-04-11 14:00:00,-1753.2900
2023-04-11 15:00:00,-731.6800
2023-04-11 16:00:00,-550.5600
2023-04-11 17:00:00,0
2023-04-11 18:00:00,0
2023-04-11 19:00:00,0
2023-04-11 20:00:00,0
2023-04-11 21:00:00,0
2023-04-11 22:00:00,-924.4900
2023-04-11 23:00:00,-42.9400
2023-04-12 00:00:00,-864.2700
2023-04-12 01:00:00,-6077.7400
2023-04-12 02:00:00,-5532.8800
2023-04-12 03:00:00,-5433.6100
2023-04-12 04:00:00,0
2023-04-12 05:00:00,-83.9400
2023-04-12 06:00:00,0
2023-04-12 07:00:00,0
2023-04-12 08:00:00,0
2023-04-12 09:00:00,0
2023-04-12 10:00:00,-5945.8000
2023-04-12 11:00:00,-1507.5000
2023-04-12 12:00:00,-1556.1300
2023-04-12 13:00:00,-6450.5700
2023-04-12 14:00:00,-1450.4900
2023-04-12 15:00:00,-3190.5600
2023-04-12 16:00:00,0
2023-04-12 17:00:00,0
2023-04-12 18:00:00,-2134.6400
2023-04-12 19:00:00,0
2023-04-12 20:00:00,0
2023-04-12 21:00:00,0
2023-04-12 22:00:00,0
2023-04-12 23:00:00,-197.6800
2023-04-13 00:00:00,0
2023-04-13 01:00:00,-4064.5300
2023-04-13 02:00:00,-5461.1000
2023-04-13 03:00:00,-5301.0700
2023-04-13 04:00:00,-4714.9000
2023-04-13 05:00:00,-131.5000
2023-04-13 06:00:00,0
2023-04-13 07:00:00,0
2023-04-13 08:00:00,0
2023-04-13 09:00:00,0
2023-04-13 10:00:00,-68.8100
2023-04-13 11:00:00,-673.3700
2023-04-13 12:00:00,-5408.4200
2023-04-13 13:00:00,-5772.3800
2023-04-13 14:00:00,-186.4800
2023-04-13 15:00:00,-1593.7800
2023-04-13 16:00:00,-97.9400
2023-04-13 17:00:00,-128.7500
2023-04-13 18:00:00,0
2023-04-13 19:00:00,0
2023-04-13 20:00:00,0
2023-04-13 21:00:00,0
2023-04-13 22:00:00,-93.8600
2023-04-13 23:00:00,-68.1300
2023-04-14 00:00:00,-37.2100
2023-04-14 01:00:00,0
2023-04-14 02:00:00,-6161.4300
2023-04-14 03:00:00,-746.3600
2023-04-14 04:00:00,-57.7800
2023-04-14 05:00:00,-244.7600
2023-04-14 06:00:00,0
2023-04-14 07:00:00,-301.1400
2023-04-14 08:00:00,0
2023-04-14 09:00:00,-60.1200
2023-04-14 10:00:00,-1542.2800
2023-04-14 11:00:00,-38.9300
2023-04-14 12:00:00,-107.7400
2023-04-14 13:00:00,-3297.3300
2023-04-14 14:00:00,-3748.2300
2023-04-14 15:00:00,-3213.3300
2023-04-14 16:00:00,-547.3000
2023-04-14 17:00:00,0
2023-04-14 18:00:00,-321.1500
2023-04-14 19:00:00,0
2023-04-14 20:00:00,0
2023-04-14 21:00:00,0
2023-04-14 22:00:00,0
2023-04-14 23:00:00,-69.2000
2023-04-15 00:00:00,0
2023-04-15 01:00:00,-31.1600
2023-04-15 02:00:00,-17.9100
2023-04-15 03:00:00,-15.8300
2023-04-15 04:00:00,-12.7800
2023-04-15 05:00:00,0
2023-04-15 06:00:00,0
2023-04-15 07:00:00,0
2023-04-15 08:00:00,-2.1900
2023-04-15 09:00:00,-10.4600
2023-04-15 10:00:00,-496.1800
2023-04-15 11:00:00,-45.2500
2023-04-15 12:00:00,-3041.0900
2023-04-15 13:00:00,0
2023-04-15 14:00:00,-1995.8100
2023-04-15 15:00:00,-2130.6200
2023-04-15 16:00:00,-2441.4000
2023-04-15 17:00:00,0
2023-04-15 18:00:00,0
2023-04-15 19:00:00,0
2023-04-15 20:00:00,0
2023-04-15 21:00:00,0
2023-04-15 22:00:00,0
2023-04-15 23:00:00,0
2023-04-16 00:00:00,0
2023-04-16 01:00:00,0
2023-04-16 02:00:00,0
2023-04-16 03:00:00,0
2023-04-16 04:00:00,0
2023-04-16 05:00:00,0
2023-04-16 06:00:00,0
2023-04-16 07:00:00,0
2023-04-16 08:00:00,0
2023-04-16 09:00:00,0
2023-04-16 10:00:00,-973.5200
2023-04-16 11:00:00,-574.4100
2023-04-16 12:00:00,-517.9500
2023-04-16 13:00:00,-447.9500
2023-04-16 14:00:00,0
2023-04-16 15:00:00,0
2023-04-16 16:00:00,-80.8600
2023-04-16 17:00:00,0
2023-04-16 18:00:00,-783.5500
2023-04-16 19:00:00,0
2023-04-16 20:00:00,0
2023-04-16 21:00:00,0
2023-04-16 22:00:00,0
2023-04-16 23:00:00,-73.1700
2023-04-17 00:00:00,-671
2023-04-17 01:00:00,-4819.9600
2023-04-17 02:00:00,-5860.3800
2023-04-17 03:00:00,-5656.5300
2023-04-17 04:00:00,0
2023-04-17 05:00:00,-323.5800
2023-04-17 06:00:00,0
2023-04-17 07:00:00,0
2023-04-17 08:00:00,0
2023-04-17 09:00:00,0
2023-04-17 10:00:00,-482.2900
2023-04-17 11:00:00,-3939.8100
2023-04-17 12:00:00,-206.5600
2023-04-17 13:00:00,0
2023-04-17 14:00:00,-1292.1700
2023-04-17 15:00:00,-2831.0700
2023-04-17 16:00:00,-446.5100
2023-04-17 17:00:00,0
2023-04-17 18:00:00,0
2023-04-17 19:00:00,0
2023-04-17 20:00:00,0
2023-04-17 21:00:00,0
2023-04-17 22:00:00,0
2023-04-17 23:00:00,0
2023-04-18 00:00:00,-29.5600
2023-04-18 01:00:00,-5625.2600
2023-04-18 02:00:00,-5139.0500
2023-04-18 03:00:00,-5345.6300
2023-04-18 04:00:00,0
2023-04-18 05:00:00,-397.0600
2023-04-18 06:00:00,0
2023-04-18 07:00:00,-310.4300
2023-04-18 08:00:00,0
2023-04-18 09:00:00,0
2023-04-18 10:00:00,-109.1800
2023-04-18 11:00:00,-185.5300
2023-04-18 12:00:00,-3346.6600
2023-04-18 13:00:00,-799.4900
2023-04-18 14:00:00,-4549.5000
2023-04-18 15:00:00,-989.6500
2023-04-18 16:00:00,0
2023-04-18 17:00:00,-619.8700
2023-04-18 18:00:00,0
2023-04-18 19:00:00,0
2023-04-18 20:00:00,0
2023-04-18 21:00:00,0
2023-04-18 22:00:00,-444.1400
2023-04-18 23:00:00,-4188.9400
2023-04-19 00:00:00,-3395.9700
2023-04-19 01:00:00,-6383.3100
2023-04-19 02:00:00,-3980.9600
2023-04-19 03:00:00,0
2023-04-19 04:00:00,0
2023-04-19 05:00:00,-190.0500
2023-04-19 06:00:00,0
2023-04-19 07:00:00,0
2023-04-19 08:00:00,0
2023-04-19 09:00:00,0
2023-04-19 10:00:00,0
2023-04-19 11:00:00,0
2023-04-19 12:00:00,0
2023-04-19 13:00:00,-3406.8700
2023-04-19 14:00:00,-4053.5800
2023-04-19 15:00:00,-5769.9100
2023-04-19 16:00:00,0
2023-04-19 17:00:00,0
2023-04-19 18:00:00,-27.9700
2023-04-19 19:00:00,0
2023-04-19 20:00:00,0
2023-04-19 21:00:00,0
2023-04-19 22:00:00,-400.8200
2023-04-19 23:00:00,0
2023-04-20 00:00:00,0
2023-04-20 01:00:00,-1163.2400
2023-04-20 02:00:00,-6268.3800
2023-04-20 03:00:00,-6452.0400
2023-04-20 04:00:00,0
2023-04-20 05:00:00,0
2023-04-20 06:00:00,0
2023-04-20 07:00:00,-580.1900
2023-04-20 08:00:00,0
2023-04-20 09:00:00,-218.2300
2023-04-20 10:00:00,-61.1900
2023-04-20 11:00:00,-214.6300
2023-04-20 12:00:00,0
2023-04-20 13:00:00,0
2023-04-20 14:00:00,-410.6700
2023-04-20 15:00:00,-3964.5900
2023-04-20 16:00:00,-3656.4800
2023-04-20 17:00:00,-4052.4700
2023-04-20 18:00:00,0
2023-04-20 19:00:00,0
2023-04-20 20:00:00,0
2023-04-20 21:00:00,0
2023-04-20 22:00:00,-939.6700
2023-04-20 23:00:00,-144.1800
2023-04-21 00:00:00,-320.1500
2023-04-21 01:00:00,0
2023-04-21 02:00:00,-2361.3600
2023-04-21 03:00:00,-130.6900
2023-04-21 04:00:00,0
2023-04-21 05:00:00,-461.5100
2023-04-21 06:00:00,0
2023-04-21 07:00:00,-361.9800
2023-04-21 08:00:00,0
2023-04-21 09:00:00,-628.5300
2023-04-21 10:00:00,-260.4000
2023-04-21 11:00:00,-1580.5300
2023-04-21 12:00:00,-3516.2600
2023-04-21 13:00:00,-3145.0000
2023-04-21 14:00:00,-2758.3900
2023-04-21 15:00:00,-430.1600
2023-04-21 16:00:00,-23.8500
2023-04-21 17:00:00,0
2023-04-21 18:00:00,0
2023-04-21 19:00:00,0
2023-04-21 20:00:00,0
2023-04-21 21:00:00,0
2023-04-21 22:00:00,-88.5400
2023-04-21 23:00:00,0
2023-04-22 00:00:00,-27.1600
2023-04-22 01:00:00,0
2023-04-22 02:00:00,0
2023-04-22 03:00:00,0
2023-04-22 04:00:00,0
2023-04-22 05:00:00,0
2023-04-22 06:00:00,0
2023-04-22 07:00:00,-542.8700
2023-04-22 08:00:00,-290.3800
2023-04-22 09:00:00,0
2023-04-22 10:00:00,0
2023-04-22 11:00:00,-16.0500
2023-04-22 12:00:00,-2816.0400
2023-04-22 13:00:00,-2321.2700
2023-04-22 14:00:00,-1174.2800
2023-04-22 15:00:00,0
2023-04-22 16:00:00,-2353.5000
2023-04-22 17:00:00,0
2023-04-22 18:00:00,-173.6500
2023-04-22 19:00:00,0
2023-04-22 20:00:00,0
2023-04-22 21:00:00,0
2023-04-22 22:00:00,0
2023-04-22 23:00:00,0
2023-04-23 00:00:00,0
2023-04-23 01:00:00,0
2023-04-23 02:00:00,0
2023-04-23 03:00:00,0
2023-04-23 04:00:00,0
2023-04-23 05:00:00,0
2023-04-23 06:00:00,0
2023-04-23 07:00:00,-1704.9300
2023-04-23 08:00:00,-2033.8800
2023-04-23 09:00:00,0
2023-04-23 10:00:00,0
2023-04-23 11:00:00,0
2023-04-23 12:00:00,0
2023-04-23 13:00:00,-525.4100
2023-04-23 14:00:00,-946.9500
2023-04-23 15:00:00,-241.3600
2023-04-23 16:00:00,-161.0900
2023-04-23 17:00:00,-595.7200
2023-04-23 18:00:00,-1101.9100
2023-04-23 19:00:00,0
2023-04-23 20:00:00,0
2023-04-23 21:00:00,0
2023-04-23 22:00:00,0
2023-04-23 23:00:00,-39.9300
2023-04-24 00:00:00,-9.0600
2023-04-24 01:00:00,0
2023-04-24 02:00:00,-4798.4400
2023-04-24 03:00:00,-492.0300
2023-04-24 04:00:00,-21.8100
2023-04-24 05:00:00,-39.2800
2023-04-24 06:00:00,-36.5000
2023-04-24 07:00:00,-600.2600
2023-04-24 08:00:00,-1147.4500
2023-04-24 09:00:00,-1344.4600
2023-04-24 10:00:00,0
2023-04-24 11:00:00,0
2023-04-24 12:00:00,-715.7900
2023-04-24 13:00:00,-767.1900
2023-04-24 14:00:00,-1435.0200
2023-04-24 15:00:00,0
2023-04-24 16:00:00,0
2023-04-24 17:00:00,0
2023-04-24 18:00:00,-88.3600
2023-04-24 19:00:00,0
2023-04-24 20:00:00,0
2023-04-24 21:00:00,0
2023-04-24 22:00:00,0
2023-04-24 23:00:00,-803.1800
2023-04-25 00:00:00,-36.6200
2023-04-25 01:00:00,0
2023-04-25 02:00:00,-5363.1400
2023-04-25 03:00:00,-585.0200
2023-04-25 04:00:00,-84.7100
2023-04-25 05:00:00,-62.8800
2023-04-25 06:00:00,-962.7500
2023-04-25 07:00:00,-360.5900
2023-04-25 08:00:00,-457.4200
2023-04-25 09:00:00,0
2023-04-25 10:00:00,0
2023-04-25 11:00:00,0
2023-04-25 12:00:00,0
2023-04-25 13:00:00,-2266.5000
2023-04-25 14:00:00,0
2023-04-25 15:00:00,0
2023-04-25 16:00:00,-389.2600
2023-04-25 17:00:00,0
2023-04-25 18:00:00,0
2023-04-25 19:00:00,0
2023-04-25 20:00:00,0
2023-04-25 21:00:00,0
2023-04-25 22:00:00,0
2023-04-25 23:00:00,0
2023-04-26 00:00:00,0
2023-04-26 01:00:00,0
2023-04-26 02:00:00,0
2023-04-26 03:00:00,0
2023-04-26 04:00:00,0
2023-04-26 05:00:00,0
2023-04-26 06:00:00,0
2023-04-26 07:00:00,-45.4600
2023-04-26 08:00:00,0
2023-04-26 09:00:00,-121.4900
2023-04-26 10:00:00,-168.8800
2023-04-26 11:00:00,0
2023-04-26 12:00:00,-1754.4500
2023-04-26 13:00:00,-3410.4900
2023-04-26 14:00:00,-4348.1800
2023-04-26 15:00:00,-2284.2500
2023-04-26 16:00:00,-2209.4300
2023-04-26 17:00:00,0
2023-04-26 18:00:00,0
2023-04-26 19:00:00,0
2023-04-26 20:00:00,-273.9100
2023-04-26 21:00:00,0
2023-04-26 22:00:00,-262.5300
2023-04-26 23:00:00,-26.0300
2023-04-27 00:00:00,-17.3000
2023-04-27 01:00:00,0
2023-04-27 02:00:00,-5684.1200
2023-04-27 03:00:00,-5571.4100
2023-04-27 04:00:00,-2315.2200
2023-04-27 05:00:00,0
2023-04-27 06:00:00,0
2023-04-27 07:00:00,-446.4000
2023-04-27 08:00:00,0
2023-04-27 09:00:00,-209.2200
2023-04-27 10:00:00,0
2023-04-27 11:00:00,0
2023-04-27 12:00:00,0
2023-04-27 13:00:00,-283.8800
2023-04-27 14:00:00,0
2023-04-27 15:00:00,0
2023-04-27 16:00:00,-191.6000
2023-04-27 17:00:00,0
2023-04-27 18:00:00,0
2023-04-27 19:00:00,0
2023-04-27 20:00:00,0
2023-04-27 21:00:00,0
2023-04-27 22:00:00,0
2023-04-27 23:00:00,0
2023-04-28 00:00:00,-297.8300
2023-04-28 01:00:00,-950.0800
2023-04-28 02:00:00,-5117.9200
2023-04-28 03:00:00,-5014.9200
2023-04-28 04:00:00,0
2023-04-28 05:00:00,-211.7200
2023-04-28 06:00:00,0
2023-04-28 07:00:00,-3403.3100
2023-04-28 08:00:00,0
2023-04-28 09:00:00,-359.7600
2023-04-28 10:00:00,-85.1900
2023-04-28 11:00:00,-397.0800
2023-04-28 12:00:00,0
2023-04-28 13:00:00,-124.3400
2023-04-28 14:00:00,-80.2100
2023-04-28 15:00:00,0
2023-04-28 16:00:00,-406.6200
2023-04-28 17:00:00,0
2023-04-28 18:00:00,0
2023-04-28 19:00:00,0
2023-04-28 20:00:00,0
2023-04-28 21:00:00,0
2023-04-28 22:00:00,0
2023-04-28 23:00:00,-46.3600
2023-04-29 00:00:00,-27.7800
2023-04-29 01:00:00,-19.1500
2023-04-29 02:00:00,-9.9300
2023-04-29 03:00:00,-45.3300
2023-04-29 04:00:00,-3561.3700
2023-04-29 05:00:00,-76.6900
2023-04-29 06:00:00,0
2023-04-29 07:00:00,-3789.2000
2023-04-29 08:00:00,-548.9600
2023-04-29 09:00:00,-1600.1300
2023-04-29 10:00:00,-198.0300
2023-04-29 11:00:00,-5.0900
2023-04-29 12:00:00,-311.8600
2023-04-29 13:00:00,-63.9500
2023-04-29 14:00:00,-986.3200
2023-04-29 15:00:00,0
2023-04-29 16:00:00,0
2023-04-29 17:00:00,0
2023-04-29 18:00:00,0
2023-04-29 19:00:00,0
2023-04-29 20:00:00,0
2023-04-29 21:00:00,-188.5200
2023-04-29 22:00:00,0
2023-04-29 23:00:00,-968.7200
2023-04-30 00:00:00,-2605.3400
2023-04-30 01:00:00,0
2023-04-30 02:00:00,-309.5800
2023-04-30 03:00:00,-4.9000
2023-04-30 04:00:00,-7.0900
2023-04-30 05:00:00,-307.8500
2023-04-30 06:00:00,-365.1500
2023-04-30 07:00:00,-17.8200
2023-04-30 08:00:00,0
2023-04-30 09:00:00,0
2023-04-30 10:00:00,0
2023-04-30 11:00:00,0
2023-04-30 12:00:00,0
2023-04-30 13:00:00,0
2023-04-30 14:00:00,0
2023-04-30 15:00:00,-4.2000
2023-04-30 16:00:00,-194.6400
2023-04-30 17:00:00,-175.4900
2023-04-30 18:00:00,-406.4600
2023-04-30 19:00:00,0
2023-04-30 20:00:00,0
2023-04-30 21:00:00,0
2023-04-30 22:00:00,-154.3600
2023-04-30 23:00:00,0
2023-05-01 00:00:00,-1851.9200
2023-05-01 01:00:00,-673.3600
2023-05-01 02:00:00,-1167.8500
2023-05-01 03:00:00,-603.4600
2023-05-01 04:00:00,0
2023-05-01 05:00:00,0
2023-05-01 06:00:00,0
2023-05-01 07:00:00,-413.0400
2023-05-01 08:00:00,0
2023-05-01 09:00:00,0
2023-05-01 10:00:00,0
2023-05-01 11:00:00,-499.0300
2023-05-01 12:00:00,0
2023-05-01 13:00:00,0
2023-05-01 14:00:00,-185.2000
2023-05-01 15:00:00,0
2023-05-01 16:00:00,0
2023-05-01 17:00:00,-1061.8800
2023-05-01 18:00:00,-1136.9600
2023-05-01 19:00:00,0
2023-05-01 20:00:00,0
2023-05-01 21:00:00,-163.3600
2023-05-01 22:00:00,-174.5700
2023-05-01 23:00:00,-20.2600
2023-05-02 00:00:00,0
2023-05-02 01:00:00,0
2023-05-02 02:00:00,-1115.9100
2023-05-02 03:00:00,-2577.6400
2023-05-02 04:00:00,0
2023-05-02 05:00:00,0
2023-05-02 06:00:00,-1828.0900
2023-05-02 07:00:00,-2232
2023-05-02 08:00:00,-586.9800
2023-05-02 09:00:00,-236.4200
2023-05-02 10:00:00,-38.9500
2023-05-02 11:00:00,0
2023-05-02 12:00:00,-29.3400
2023-05-02 13:00:00,-170.1400
2023-05-02 14:00:00,-257.6000
2023-05-02 15:00:00,-234.1400
2023-05-02 16:00:00,0
2023-05-02 17:00:00,-146.7500
2023-05-02 18:00:00,0
2023-05-02 19:00:00,-667.9700
2023-05-02 20:00:00,0
2023-05-02 21:00:00,0
2023-05-02 22:00:00,0
2023-05-02 23:00:00,-18.1400
2023-05-03 00:00:00,-468.4700
2023-05-03 01:00:00,-427.2600
2023-05-03 02:00:00,-208.5500
2023-05-03 03:00:00,-52.9100
2023-05-03 04:00:00,-192.3300
2023-05-03 05:00:00,-64.1700
2023-05-03 06:00:00,0
2023-05-03 07:00:00,0
2023-05-03 08:00:00,-57.3600
2023-05-03 09:00:00,-10.7100
2023-05-03 10:00:00,-3.3300
2023-05-03 11:00:00,0
2023-05-03 12:00:00,-902.8300
2023-05-03 13:00:00,0
2023-05-03 14:00:00,0
2023-05-03 15:00:00,0
2023-05-03 16:00:00,-59.4000
2023-05-03 17:00:00,-167.6200
2023-05-03 18:00:00,0
2023-05-03 19:00:00,0
2023-05-03 20:00:00,0
2023-05-03 21:00:00,0
2023-05-03 22:00:00,-529.7300
2023-05-03 23:00:00,-49.5200
2023-05-04 00:00:00,-2620.6500
2023-05-04 01:00:00,0
2023-05-04 02:00:00,-294.7400
2023-05-04 03:00:00,-314.5700
2023-05-04 04:00:00,-7.2800
2023-05-04 05:00:00,-13.8300
2023-05-04 06:00:00,-1.4900
2023-05-04 07:00:00,-1062.8200
2023-05-04 08:00:00,-132.3600
2023-05-04 09:00:00,0
2023-05-04 10:00:00,-183.8900
2023-05-04 11:00:00,-96.4000
2023-05-04 12:00:00,-26.6100
2023-05-04 13:00:00,0
2023-05-04 14:00:00,-0.7300
2023-05-04 15:00:00,-0.0400
2023-05-04 16:00:00,-21.6200
2023-05-04 17:00:00,-63.8600
2023-05-04 18:00:00,-4.6500
2023-05-04 19:00:00,0
2023-05-04 20:00:00,0
2023-05-04 21:00:00,0
2023-05-04 22:00:00,-78.5500
2023-05-04 23:00:00,-38.7400
2023-05-05 00:00:00,0
2023-05-05 01:00:00,-3.2000
2023-05-05 02:00:00,-2.6000
2023-05-05 03:00:00,-1.5800
2023-05-05 04:00:00,-1.4500
2023-05-05 05:00:00,-321.7900
2023-05-05 06:00:00,0
2023-05-05 07:00:00,-339.6200
2023-05-05 08:00:00,0
2023-05-05 09:00:00,-0.2000
2023-05-05 10:00:00,-0.8200
2023-05-05 11:00:00,-300.8800
2023-05-05 12:00:00,0
2023-05-05 13:00:00,0
2023-05-05 14:00:00,0
2023-05-05 15:00:00,-161.9100
2023-05-05 16:00:00,-169.6100
2023-05-05 17:00:00,0
2023-05-05 18:00:00,0
2023-05-05 19:00:00,0
2023-05-05 20:00:00,0
2023-05-05 21:00:00,0
2023-05-05 22:00:00,-32.7700
2023-05-05 23:00:00,0
2023-05-06 00:00:00,-6.5400
2023-05-06 01:00:00,-2.7400
2023-05-06 02:00:00,0
2023-05-06 03:00:00,-1.5600
2023-05-06 04:00:00,-0.9800
2023-05-06 05:00:00,-2.4000
2023-05-06 06:00:00,0
2023-05-06 07:00:00,0
2023-05-06 08:00:00,-325.0400
2023-05-06 09:00:00,0
2023-05-06 10:00:00,0
2023-05-06 11:00:00,0
2023-05-06 12:00:00,0
2023-05-06 13:00:00,0
2023-05-06 14:00:00,-77.5000
2023-05-06 15:00:00,0
2023-05-06 16:00:00,-162.2900
2023-05-06 17:00:00,0
2023-05-06 18:00:00,0
2023-05-06 19:00:00,0
2023-05-06 20:00:00,0
2023-05-06 21:00:00,0
2023-05-06 22:00:00,-79.7600
2023-05-06 23:00:00,0
2023-05-07 00:00:00,-5.8500
2023-05-07 01:00:00,-3.6400
2023-05-07 02:00:00,-2.0400
2023-05-07 03:00:00,0
2023-05-07 04:00:00,0
2023-05-07 05:00:00,0
2023-05-07 06:00:00,-94.5100
2023-05-07 07:00:00,0
2023-05-07 08:00:00,0
2023-05-07 09:00:00,0
2023-05-07 10:00:00,0
2023-05-07 11:00:00,0
2023-05-07 12:00:00,0
2023-05-07 13:00:00,0
2023-05-07 14:00:00,0
2023-05-07 15:00:00,-647.6100
2023-05-07 16:00:00,-185.6900
2023-05-07 17:00:00,0
2023-05-07 18:00:00,-87.1300
2023-05-07 19:00:00,0
2023-05-07 20:00:00,0
2023-05-07 21:00:00,0
2023-05-07 22:00:00,0
2023-05-07 23:00:00,0
2023-05-08 00:00:00,-141.5000
2023-05-08 01:00:00,-259.0700
2023-05-08 02:00:00,-989.8900
2023-05-08 03:00:00,-185.6700
2023-05-08 04:00:00,-67.2900
2023-05-08 05:00:00,-22.0500
2023-05-08 06:00:00,-61.8300
2023-05-08 07:00:00,0
2023-05-08 08:00:00,0
2023-05-08 09:00:00,0
2023-05-08 10:00:00,-607.6800
2023-05-08 11:00:00,-1.4200
2023-05-08 12:00:00,-268.3000
2023-05-08 13:00:00,-857.9000
2023-05-08 14:00:00,-81.2300
2023-05-08 15:00:00,-576.5100
2023-05-08 16:00:00,0
2023-05-08 17:00:00,-1089.3400
2023-05-08 18:00:00,0
2023-05-08 19:00:00,0
2023-05-08 20:00:00,0
2023-05-08 21:00:00,0
2023-05-08 22:00:00,0
2023-05-08 23:00:00,-6
2023-05-09 00:00:00,-11.1100
2023-05-09 01:00:00,0
2023-05-09 02:00:00,-116.8600
2023-05-09 03:00:00,-1444.2300
2023-05-09 04:00:00,0
2023-05-09 05:00:00,-18.5400
2023-05-09 06:00:00,0
2023-05-09 07:00:00,-34.7000
2023-05-09 08:00:00,-1.2300
2023-05-09 09:00:00,0
2023-05-09 10:00:00,0
2023-05-09 11:00:00,0
2023-05-09 12:00:00,0
2023-05-09 13:00:00,0
2023-05-09 14:00:00,0
2023-05-09 15:00:00,0
2023-05-09 16:00:00,0
2023-05-09 17:00:00,-257.5700
2023-05-09 18:00:00,0
2023-05-09 19:00:00,0
2023-05-09 20:00:00,0
2023-05-09 21:00:00,0
2023-05-09 22:00:00,0
2023-05-09 23:00:00,0
2023-05-10 00:00:00,0
2023-05-10 01:00:00,0
2023-05-10 02:00:00,0
2023-05-10 03:00:00,0
2023-05-10 04:00:00,0
2023-05-10 05:00:00,0
2023-05-10 06:00:00,0
2023-05-10 07:00:00,0
2023-05-10 08:00:00,-3.5900
2023-05-10 09:00:00,-96.9600
2023-05-10 10:00:00,0
2023-05-10 11:00:00,0
2023-05-10 12:00:00,-36.0800
2023-05-10 13:00:00,-460.7000
2023-05-10 14:00:00,0
2023-05-10 15:00:00,0
2023-05-10 16:00:00,-274.7600
2023-05-10 17:00:00,-8.5400
2023-05-10 18:00:00,0
2023-05-10 19:00:00,0
2023-05-10 20:00:00,0
2023-05-10 21:00:00,0
2023-05-10 22:00:00,-33.1500
2023-05-10 23:00:00,-3.9400
2023-05-11 00:00:00,-3.6500
2023-05-11 01:00:00,-3.2100
2023-05-11 02:00:00,-2
2023-05-11 03:00:00,-1.7700
2023-05-11 04:00:00,-2.4100
2023-05-11 05:00:00,0
2023-05-11 06:00:00,0
2023-05-11 07:00:00,0
2023-05-11 08:00:00,-238.8100
2023-05-11 09:00:00,-492.9900
2023-05-11 10:00:00,-106.9700
2023-05-11 11:00:00,0
2023-05-11 12:00:00,0
2023-05-11 13:00:00,0
2023-05-11 14:00:00,0
2023-05-11 15:00:00,-157.2000
2023-05-11 16:00:00,-24.8900
2023-05-11 17:00:00,-103.9400
2023-05-11 18:00:00,0
2023-05-11 19:00:00,0
2023-05-11 20:00:00,0
2023-05-11 21:00:00,0
2023-05-11 22:00:00,-139.6800
2023-05-11 23:00:00,-33.3300
2023-05-12 00:00:00,-12.9800
2023-05-12 01:00:00,-163.9700
2023-05-12 02:00:00,-8.2400
2023-05-12 03:00:00,-5.5800
2023-05-12 04:00:00,-4.7900
2023-05-12 05:00:00,-62.4000
2023-05-12 06:00:00,0
2023-05-12 07:00:00,-2.7900
2023-05-12 08:00:00,-11.1400
2023-05-12 09:00:00,-83.4800
2023-05-12 10:00:00,-3.3800
2023-05-12 11:00:00,-857.7100
2023-05-12 12:00:00,-90.6900
2023-05-12 13:00:00,-682.6300
2023-05-12 14:00:00,-851.9700
2023-05-12 15:00:00,-129.8100
2023-05-12 16:00:00,-4.3700
2023-05-12 17:00:00,-1.9500
2023-05-12 18:00:00,-147.3800
2023-05-12 19:00:00,0
2023-05-12 20:00:00,0
2023-05-12 21:00:00,0
2023-05-12 22:00:00,0
2023-05-12 23:00:00,-19.4000
2023-05-13 00:00:00,-7.8700
2023-05-13 01:00:00,-5.7700
2023-05-13 02:00:00,-3.6700
2023-05-13 03:00:00,-14.0600
2023-05-13 04:00:00,-1.4400
2023-05-13 05:00:00,-1.7800
2023-05-13 06:00:00,0
2023-05-13 07:00:00,0
2023-05-13 08:00:00,0
2023-05-13 09:00:00,0
2023-05-13 10:00:00,0
2023-05-13 11:00:00,0
2023-05-13 12:00:00,0
2023-05-13 13:00:00,0
2023-05-13 14:00:00,0
2023-05-13 15:00:00,0
2023-05-13 16:00:00,-3.7200
2023-05-13 17:00:00,-97.7500
2023-05-13 18:00:00,0
2023-05-13 19:00:00,0
2023-05-13 20:00:00,0
2023-05-13 21:00:00,0
2023-05-13 22:00:00,-97.3500
2023-05-13 23:00:00,-15.6500
2023-05-14 00:00:00,-9.7500
2023-05-14 01:00:00,-6.1600
2023-05-14 02:00:00,-3.0900
2023-05-14 03:00:00,-1.7600
2023-05-14 04:00:00,-2.7600
2023-05-14 05:00:00,-9.6000
2023-05-14 06:00:00,-3.6100
2023-05-14 07:00:00,0
2023-05-14 08:00:00,0
2023-05-14 09:00:00,0
2023-05-14 10:00:00,0
2023-05-14 11:00:00,0
2023-05-14 12:00:00,0
2023-05-14 13:00:00,0
2023-05-14 14:00:00,0
2023-05-14 15:00:00,-1.7200
2023-05-14 16:00:00,-1.2100
2023-05-14 17:00:00,-39.2300
2023-05-14 18:00:00,0
2023-05-14 19:00:00,0
2023-05-14 20:00:00,0
2023-05-14 21:00:00,0
2023-05-14 22:00:00,-86.4500
2023-05-14 23:00:00,0
2023-05-15 00:00:00,0
2023-05-15 01:00:00,0
2023-05-15 02:00:00,0
2023-05-15 03:00:00,-1616.6600
2023-05-15 04:00:00,0
2023-05-15 05:00:00,-5.9400
2023-05-15 06:00:00,-151.4500
2023-05-15 07:00:00,-379.7900
2023-05-15 08:00:00,-114.5800
2023-05-15 09:00:00,-247.3700
2023-05-15 10:00:00,-154.5100
2023-05-15 11:00:00,-1867.5900
2023-05-15 12:00:00,-1064.2500
2023-05-15 13:00:00,0
2023-05-15 14:00:00,0
2023-05-15 15:00:00,0
2023-05-15 16:00:00,-74.8900
2023-05-15 17:00:00,-489.4300
2023-05-15 18:00:00,0
2023-05-15 19:00:00,0
2023-05-15 20:00:00,0
2023-05-15 21:00:00,0
2023-05-15 22:00:00,0
2023-05-15 23:00:00,-36.2700
2023-05-16 00:00:00,0
2023-05-16 01:00:00,-1292.0200
2023-05-16 02:00:00,0
2023-05-16 03:00:00,-24.2800
2023-05-16 04:00:00,-1.5100
2023-05-16 05:00:00,-1977.7200
2023-05-16 06:00:00,0
2023-05-16 07:00:00,-116.2100
2023-05-16 08:00:00,-1276.5400
2023-05-16 09:00:00,-1131.7600
2023-05-16 10:00:00,-795.7400
2023-05-16 11:00:00,-222.1900
2023-05-16 12:00:00,-139.5300
2023-05-16 13:00:00,-126.7500
2023-05-16 14:00:00,-18.6400
2023-05-16 15:00:00,0
2023-05-16 16:00:00,-264.0000
2023-05-16 17:00:00,-60.2500
2023-05-16 18:00:00,0
2023-05-16 19:00:00,0
2023-05-16 20:00:00,0
2023-05-16 21:00:00,0
2023-05-16 22:00:00,-129.5400
2023-05-16 23:00:00,-19.5700
2023-05-17 00:00:00,-1285.4500
2023-05-17 01:00:00,-274.5200
2023-05-17 02:00:00,-242.6000
2023-05-17 03:00:00,-2418.1700
2023-05-17 04:00:00,0
2023-05-17 05:00:00,-1173.3100
2023-05-17 06:00:00,-356.4600
2023-05-17 07:00:00,-149.0700
2023-05-17 08:00:00,-361.5700
2023-05-17 09:00:00,-625.0600
2023-05-17 10:00:00,-222.5900
2023-05-17 11:00:00,-335.9200
2023-05-17 12:00:00,0
2023-05-17 13:00:00,0
2023-05-17 14:00:00,-172.1000
2023-05-17 15:00:00,0
2023-05-17 16:00:00,0
2023-05-17 17:00:00,0
2023-05-17 18:00:00,0
2023-05-17 19:00:00,0
2023-05-17 20:00:00,0
2023-05-17 21:00:00,0
2023-05-17 22:00:00,0
2023-05-17 23:00:00,0
2023-05-18 00:00:00,0
2023-05-18 01:00:00,0
2023-05-18 02:00:00,0
2023-05-18 03:00:00,0
2023-05-18 04:00:00,0
2023-05-18 05:00:00,0
2023-05-18 06:00:00,0
2023-05-18 07:00:00,-210.7200
2023-05-18 08:00:00,-18.6300
2023-05-18 09:00:00,-662.1600
2023-05-18 10:00:00,-107.9900
2023-05-18 11:00:00,-409.7600
2023-05-18 12:00:00,-263.8200
2023-05-18 13:00:00,-373.4500
2023-05-18 14:00:00,0
2023-05-18 15:00:00,-9.3000
2023-05-18 16:00:00,-61.8300
2023-05-18 17:00:00,0
2023-05-18 18:00:00,-453.1300
2023-05-18 19:00:00,0
2023-05-18 20:00:00,0
2023-05-18 21:00:00,0
2023-05-18 22:00:00,-73.1300
2023-05-18 23:00:00,-11.0700
2023-05-19 00:00:00,0
2023-05-19 01:00:00,0
2023-05-19 02:00:00,-0.2200
2023-05-19 03:00:00,0
2023-05-19 04:00:00,0
2023-05-19 05:00:00,0
2023-05-19 06:00:00,0
2023-05-19 07:00:00,-113.5500
2023-05-19 08:00:00,-52.1900
2023-05-19 09:00:00,-261.0400
2023-05-19 10:00:00,-850.1400
2023-05-19 11:00:00,-306.5400
2023-05-19 12:00:00,0
2023-05-19 13:00:00,-7.3600
2023-05-19 14:00:00,-339.5000
2023-05-19 15:00:00,-271.6900
2023-05-19 16:00:00,-143.1400
2023-05-19 17:00:00,-272.6400
2023-05-19 18:00:00,-122.9200
2023-05-19 19:00:00,0
2023-05-19 20:00:00,0
2023-05-19 21:00:00,-1090.5300
2023-05-19 22:00:00,-1540.4200
2023-05-19 23:00:00,-48.1800
2023-05-20 00:00:00,-11.0500
2023-05-20 01:00:00,-68.2800
2023-05-20 02:00:00,-9.4800
2023-05-20 03:00:00,-18.8900
2023-05-20 04:00:00,0
2023-05-20 05:00:00,0
2023-05-20 06:00:00,-5.5700
2023-05-20 07:00:00,-371.9900
2023-05-20 08:00:00,-262.1000
2023-05-20 09:00:00,-9.9500
2023-05-20 10:00:00,0
2023-05-20 11:00:00,0
2023-05-20 12:00:00,0
2023-05-20 13:00:00,0
2023-05-20 14:00:00,-287.1400
2023-05-20 15:00:00,0
2023-05-20 16:00:00,0
2023-05-20 17:00:00,0
2023-05-20 18:00:00,0
2023-05-20 19:00:00,0
2023-05-20 20:00:00,0
2023-05-20 21:00:00,0
2023-05-20 22:00:00,0
2023-05-20 23:00:00,-28.6300
2023-05-21 00:00:00,-9.5900
2023-05-21 01:00:00,-433.8500
2023-05-21 02:00:00,-135.6200
2023-05-21 03:00:00,-429.5100
2023-05-21 04:00:00,0
2023-05-21 05:00:00,0
2023-05-21 06:00:00,0
2023-05-21 07:00:00,0
2023-05-21 08:00:00,0
2023-05-21 09:00:00,0
2023-05-21 10:00:00,0
2023-05-21 11:00:00,0
2023-05-21 12:00:00,0
2023-05-21 13:00:00,0
2023-05-21 14:00:00,0
2023-05-21 15:00:00,-332.2100
2023-05-21 16:00:00,-134.2800
2023-05-21 17:00:00,0
2023-05-21 18:00:00,0
2023-05-21 19:00:00,0
2023-05-21 20:00:00,0
2023-05-21 21:00:00,0
2023-05-21 22:00:00,0
2023-05-21 23:00:00,0
2023-05-22 00:00:00,-55.9500
2023-05-22 01:00:00,-12.3800
2023-05-22 02:00:00,-37.8500
2023-05-22 03:00:00,-688.7200
2023-05-22 04:00:00,0
2023-05-22 05:00:00,0
2023-05-22 06:00:00,0
2023-05-22 07:00:00,-21.5800
2023-05-22 08:00:00,-126.9700
2023-05-22 09:00:00,0
2023-05-22 10:00:00,-1219.3400
2023-05-22 11:00:00,-1543.2800
2023-05-22 12:00:00,-286.2600
2023-05-22 13:00:00,-409.2300
2023-05-22 14:00:00,0
2023-05-22 15:00:00,0
2023-05-22 16:00:00,0
2023-05-22 17:00:00,0
2023-05-22 18:00:00,-542.2200
2023-05-22 19:00:00,0
2023-05-22 20:00:00,0
2023-05-22 21:00:00,0
2023-05-22 22:00:00,0
2023-05-22 23:00:00,0
2023-05-23 00:00:00,0
2023-05-23 01:00:00,0
2023-05-23 02:00:00,0
2023-05-23 03:00:00,0
2023-05-23 04:00:00,0
2023-05-23 05:00:00,0
2023-05-23 06:00:00,0
2023-05-23 07:00:00,-85.1000
2023-05-23 08:00:00,-11.4700
2023-05-23 09:00:00,-37.5700
2023-05-23 10:00:00,-137.4400
2023-05-23 11:00:00,-668.9700
2023-05-23 12:00:00,-1195.4900
2023-05-23 13:00:00,-1196.0600
2023-05-23 14:00:00,-705.6400
2023-05-23 15:00:00,-572.2900
2023-05-23 16:00:00,-37.1500
2023-05-23 17:00:00,0
2023-05-23 18:00:00,0
2023-05-23 19:00:00,0
2023-05-23 20:00:00,0
2023-05-23 21:00:00,0
2023-05-23 22:00:00,0
2023-05-23 23:00:00,0
2023-05-24 00:00:00,-26.8600
2023-05-24 01:00:00,0
2023-05-24 02:00:00,-19.3700
2023-05-24 03:00:00,-77.0900
2023-05-24 04:00:00,-1.6400
2023-05-24 05:00:00,-115.5100
2023-05-24 06:00:00,0
2023-05-24 07:00:00,0
2023-05-24 08:00:00,-275.5200
2023-05-24 09:00:00,-5.7800
2023-05-24 10:00:00,-357.4200
2023-05-24 11:00:00,-1074.6300
2023-05-24 12:00:00,-1289.2400
2023-05-24 13:00:00,-1655.1800
2023-05-24 14:00:00,-816.1800
2023-05-24 15:00:00,-921.9600
2023-05-24 16:00:00,-463.3300
2023-05-24 17:00:00,-16.4500
2023-05-24 18:00:00,-127.4300
2023-05-24 19:00:00,0
2023-05-24 20:00:00,0
2023-05-24 21:00:00,0
2023-05-24 22:00:00,-107.8700
2023-05-24 23:00:00,-70.8700
2023-05-25 00:00:00,-13.1100
2023-05-25 01:00:00,-259.5800
2023-05-25 02:00:00,-2.9200
2023-05-25 03:00:00,-24.7800
2023-05-25 04:00:00,-2.1900
2023-05-25 05:00:00,-5.9100
2023-05-25 06:00:00,-100.3600
2023-05-25 07:00:00,-322.7600
2023-05-25 08:00:00,-41.0800
2023-05-25 09:00:00,-19.5100
2023-05-25 10:00:00,-116.5000
2023-05-25 11:00:00,0
2023-05-25 12:00:00,0
2023-05-25 13:00:00,0
2023-05-25 14:00:00,0
2023-05-25 15:00:00,0
2023-05-25 16:00:00,0
2023-05-25 17:00:00,-70.4400
2023-05-25 18:00:00,0
2023-05-25 19:00:00,0
2023-05-25 20:00:00,0
2023-05-25 21:00:00,0
2023-05-25 22:00:00,-122.2800
2023-05-25 23:00:00,0
2023-05-26 00:00:00,0
2023-05-26 01:00:00,0
2023-05-26 02:00:00,0
2023-05-26 03:00:00,-568.2300
2023-05-26 04:00:00,0
2023-05-26 05:00:00,-50.6700
2023-05-26 06:00:00,-313.6800
2023-05-26 07:00:00,0
2023-05-26 08:00:00,-115.6300
2023-05-26 09:00:00,-11.4200
2023-05-26 10:00:00,-280.2400
2023-05-26 11:00:00,-168.6600
2023-05-26 12:00:00,-566.6500
2023-05-26 13:00:00,-229.2200
2023-05-26 14:00:00,-0.2600
2023-05-26 15:00:00,-9.3600
2023-05-26 16:00:00,0
2023-05-26 17:00:00,-441.5900
2023-05-26 18:00:00,0
2023-05-26 19:00:00,0
2023-05-26 20:00:00,0
2023-05-26 21:00:00,0
2023-05-26 22:00:00,-1180.4200
2023-05-26 23:00:00,-260.1200
2023-05-27 00:00:00,-14.1200
2023-05-27 01:00:00,-9.8000
2023-05-27 02:00:00,-98.3700
2023-05-27 03:00:00,-5.4400
2023-05-27 04:00:00,-3.9300
2023-05-27 05:00:00,-3.2200
2023-05-27 06:00:00,0
2023-05-27 07:00:00,0
2023-05-27 08:00:00,0
2023-05-27 09:00:00,0
2023-05-27 10:00:00,0
2023-05-27 11:00:00,-62.3000
2023-05-27 12:00:00,0
2023-05-27 13:00:00,0
2023-05-27 14:00:00,-249.9600
2023-05-27 15:00:00,-16.5500
2023-05-27 16:00:00,0
2023-05-27 17:00:00,-81.6700
2023-05-27 18:00:00,0
2023-05-27 19:00:00,0
2023-05-27 20:00:00,0
2023-05-27 21:00:00,0
2023-05-27 22:00:00,0
2023-05-27 23:00:00,0
2023-05-28 00:00:00,0
2023-05-28 01:00:00,0
2023-05-28 02:00:00,0
2023-05-28 03:00:00,0
2023-05-28 04:00:00,0
2023-05-28 05:00:00,0
2023-05-28 06:00:00,0
2023-05-28 07:00:00,0
2023-05-28 08:00:00,0
2023-05-28 09:00:00,-181.8900
2023-05-28 10:00:00,0
2023-05-28 11:00:00,-454.8600
2023-05-28 12:00:00,-278.4000
2023-05-28 13:00:00,0
2023-05-28 14:00:00,0
2023-05-28 15:00:00,-8.7100
2023-05-28 16:00:00,0
2023-05-28 17:00:00,-68.0600
2023-05-28 18:00:00,0
2023-05-28 19:00:00,0
2023-05-28 20:00:00,0
2023-05-28 21:00:00,0
2023-05-28 22:00:00,-71.9400
2023-05-28 23:00:00,0
2023-05-29 00:00:00,0
2023-05-29 01:00:00,0
2023-05-29 02:00:00,0
2023-05-29 03:00:00,0
2023-05-29 04:00:00,0
2023-05-29 05:00:00,0
2023-05-29 06:00:00,0
2023-05-29 07:00:00,0
2023-05-29 08:00:00,0
2023-05-29 09:00:00,-79.7700
2023-05-29 10:00:00,0
2023-05-29 11:00:00,0
2023-05-29 12:00:00,0
2023-05-29 13:00:00,-818.0100
2023-05-29 14:00:00,0
2023-05-29 15:00:00,0
2023-05-29 16:00:00,-47.6400
2023-05-29 17:00:00,-1.4600
2023-05-29 18:00:00,0
2023-05-29 19:00:00,0
2023-05-29 20:00:00,0
2023-05-29 21:00:00,0
2023-05-29 22:00:00,-106.3500
2023-05-29 23:00:00,0
2023-05-30 00:00:00,0
2023-05-30 01:00:00,0
2023-05-30 02:00:00,0
2023-05-30 03:00:00,0
2023-05-30 04:00:00,0
2023-05-30 05:00:00,0
2023-05-30 06:00:00,0
2023-05-30 07:00:00,0
2023-05-30 08:00:00,-206.6000
2023-05-30 09:00:00,-80.8300
2023-05-30 10:00:00,-827.2000
2023-05-30 11:00:00,0
2023-05-30 12:00:00,0
2023-05-30 13:00:00,0
2023-05-30 14:00:00,0
2023-05-30 15:00:00,-46.6100
2023-05-30 16:00:00,0
2023-05-30 17:00:00,-706.7300
2023-05-30 18:00:00,-1692.6600
2023-05-30 19:00:00,-577.1300
2023-05-30 20:00:00,0
2023-05-30 21:00:00,-530.8200
2023-05-30 22:00:00,0
2023-05-30 23:00:00,0
2023-05-31 00:00:00,0
2023-05-31 01:00:00,0
2023-05-31 02:00:00,0
2023-05-31 03:00:00,0
2023-05-31 04:00:00,0
2023-05-31 05:00:00,0
2023-05-31 06:00:00,0
2023-05-31 07:00:00,-1110.8600
2023-05-31 08:00:00,-39.6300
2023-05-31 09:00:00,-187.9900
2023-05-31 10:00:00,-78.3800
2023-05-31 11:00:00,0
2023-05-31 12:00:00,-46.6100
2023-05-31 13:00:00,-79.1700
2023-05-31 14:00:00,-122.9800
2023-05-31 15:00:00,-4.6900
2023-05-31 16:00:00,-19.8200
2023-05-31 17:00:00,-77.9400
2023-05-31 18:00:00,-296.4700
2023-05-31 19:00:00,0
2023-05-31 20:00:00,0
2023-05-31 21:00:00,-87.9600
2023-05-31 22:00:00,-5.0900
2023-05-31 23:00:00,-4.1700
2023-06-01 00:00:00,-6.1300
2023-06-01 01:00:00,-5.5600
2023-06-01 02:00:00,-5.3500
2023-06-01 03:00:00,-5.6800
2023-06-01 04:00:00,0
2023-06-01 05:00:00,0
2023-06-01 06:00:00,0
2023-06-01 07:00:00,-932.2900
2023-06-01 08:00:00,-38.4300
2023-06-01 09:00:00,0
2023-06-01 10:00:00,0
2023-06-01 11:00:00,0
2023-06-01 12:00:00,-1.3100
2023-06-01 13:00:00,-9.9000
2023-06-01 14:00:00,-854.9500
2023-06-01 15:00:00,0
2023-06-01 16:00:00,-504.4000
2023-06-01 17:00:00,-49.9000
2023-06-01 18:00:00,-4.2200
2023-06-01 19:00:00,-6.3900
2023-06-01 20:00:00,-12.6400
2023-06-01 21:00:00,0
2023-06-01 22:00:00,-6.3100
2023-06-01 23:00:00,-5.0200
2023-06-02 00:00:00,-5.1400
2023-06-02 01:00:00,0
2023-06-02 02:00:00,-1511.2900
2023-06-02 03:00:00,0
2023-06-02 04:00:00,-7.5900
2023-06-02 05:00:00,-11.1400
2023-06-02 06:00:00,-541.6900
2023-06-02 07:00:00,-1214.1200
2023-06-02 08:00:00,0
2023-06-02 09:00:00,-25.6100
2023-06-02 10:00:00,-26.6400
2023-06-02 11:00:00,0
2023-06-02 12:00:00,-16.6400
2023-06-02 13:00:00,-100.2200
2023-06-02 14:00:00,-175.9500
2023-06-02 15:00:00,-848.4100
2023-06-02 16:00:00,-574.1700
2023-06-02 17:00:00,-879.2900
2023-06-02 18:00:00,0
2023-06-02 19:00:00,0
2023-06-02 20:00:00,0
2023-06-02 21:00:00,-141.7600
2023-06-02 22:00:00,-4.9200
2023-06-02 23:00:00,0
2023-06-03 00:00:00,0
2023-06-03 01:00:00,0
2023-06-03 02:00:00,-18.7400
2023-06-03 03:00:00,-19.4000
2023-06-03 04:00:00,-17.6900
2023-06-03 05:00:00,-21.1900
2023-06-03 06:00:00,0
2023-06-03 07:00:00,-579.0300
2023-06-03 08:00:00,-792.1500
2023-06-03 09:00:00,0
2023-06-03 10:00:00,0
2023-06-03 11:00:00,0
2023-06-03 12:00:00,0
2023-06-03 13:00:00,0
2023-06-03 14:00:00,0
2023-06-03 15:00:00,0
2023-06-03 16:00:00,-699.3400
2023-06-03 17:00:00,-132.6300
2023-06-03 18:00:00,-23.0300
2023-06-03 19:00:00,0
2023-06-03 20:00:00,0
2023-06-03 21:00:00,-252.3400
2023-06-03 22:00:00,-11.7800
2023-06-03 23:00:00,-8.5000
2023-06-04 00:00:00,-6.7400
2023-06-04 01:00:00,-5.6800
2023-06-04 02:00:00,-5.3900
2023-06-04 03:00:00,-5.7000
2023-06-04 04:00:00,-5.1800
2023-06-04 05:00:00,-5.3400
2023-06-04 06:00:00,-15.3200
2023-06-04 07:00:00,0
2023-06-04 08:00:00,-799.7100
2023-06-04 09:00:00,0
2023-06-04 10:00:00,-7.1000
2023-06-04 11:00:00,0
2023-06-04 12:00:00,0
2023-06-04 13:00:00,0
2023-06-04 14:00:00,-27.6800
2023-06-04 15:00:00,0
2023-06-04 16:00:00,-1872.8400
2023-06-04 17:00:00,0
2023-06-04 18:00:00,-524.2600
2023-06-04 19:00:00,0
2023-06-04 20:00:00,0
2023-06-04 21:00:00,-263.4500
2023-06-04 22:00:00,-10.0700
2023-06-04 23:00:00,-7.7200
2023-06-05 00:00:00,-7.3700
2023-06-05 01:00:00,-6.8400
2023-06-05 02:00:00,-6.2900
2023-06-05 03:00:00,-5.9500
2023-06-05 04:00:00,-6.7900
2023-06-05 05:00:00,-8.2500
2023-06-05 06:00:00,-8.1100
2023-06-05 07:00:00,-6.8900
2023-06-05 08:00:00,0
2023-06-05 09:00:00,0
2023-06-05 10:00:00,0
2023-06-05 11:00:00,0
2023-06-05 12:00:00,0
2023-06-05 13:00:00,0
2023-06-05 14:00:00,0
2023-06-05 15:00:00,-8.6500
2023-06-05 16:00:00,0
2023-06-05 17:00:00,0
2023-06-05 18:00:00,0
2023-06-05 19:00:00,-13.2500
2023-06-05 20:00:00,-11.7200
2023-06-05 21:00:00,-11.7800
2023-06-05 22:00:00,-10.5700
2023-06-05 23:00:00,-6.4700
2023-06-06 00:00:00,-7.9100
2023-06-06 01:00:00,-6.2800
2023-06-06 02:00:00,-5.4800
2023-06-06 03:00:00,-5.9700
2023-06-06 04:00:00,-6.0800
2023-06-06 05:00:00,-6.5100
2023-06-06 06:00:00,-6.1200
2023-06-06 07:00:00,-220.5100
2023-06-06 08:00:00,-21.8700
2023-06-06 09:00:00,-9.6200
2023-06-06 10:00:00,0
2023-06-06 11:00:00,-617.0900
2023-06-06 12:00:00,-83.9100
2023-06-06 13:00:00,-18.1700
2023-06-06 14:00:00,-115.9900
2023-06-06 15:00:00,-22.0500
2023-06-06 16:00:00,-7.3900
2023-06-06 17:00:00,0
2023-06-06 18:00:00,-7.7000
2023-06-06 19:00:00,-7.6000
2023-06-06 20:00:00,-8.8200
2023-06-06 21:00:00,-8.4100
2023-06-06 22:00:00,-7.4900
2023-06-06 23:00:00,0
2023-06-07 00:00:00,0
2023-06-07 01:00:00,-19.1800
2023-06-07 02:00:00,-9.6300
2023-06-07 03:00:00,-6.9000
2023-06-07 04:00:00,-10.6400
2023-06-07 05:00:00,-12.9200
2023-06-07 06:00:00,-19.2500
2023-06-07 07:00:00,-15.4600
2023-06-07 08:00:00,-9.9700
2023-06-07 09:00:00,-10.6500
2023-06-07 10:00:00,-11.2700
2023-06-07 11:00:00,-14.4700
2023-06-07 12:00:00,-9.9500
2023-06-07 13:00:00,-10.4400
2023-06-07 14:00:00,-10.3300
2023-06-07 15:00:00,-7.6500
2023-06-07 16:00:00,-5.0100
2023-06-07 17:00:00,-7.0600
2023-06-07 18:00:00,-7.9100
2023-06-07 19:00:00,-14.7600
2023-06-07 20:00:00,-9.9500
2023-06-07 21:00:00,-10.4100
2023-06-07 22:00:00,-9.9700
2023-06-07 23:00:00,-7.7700
2023-06-08 00:00:00,-6.8500
2023-06-08 01:00:00,0
2023-06-08 02:00:00,-7.6300
2023-06-08 03:00:00,-3.2100
2023-06-08 04:00:00,-138.7300
2023-06-08 05:00:00,-13.7200
2023-06-08 06:00:00,-391.8600
2023-06-08 07:00:00,-1492.9200
2023-06-08 08:00:00,0
2023-06-08 09:00:00,0
2023-06-08 10:00:00,-9.2300
2023-06-08 11:00:00,-7.8600
2023-06-08 12:00:00,-9.4300
2023-06-08 13:00:00,-9.2700
2023-06-08 14:00:00,-7.8500
2023-06-08 15:00:00,-8.2900
2023-06-08 16:00:00,-1162.6000
2023-06-08 17:00:00,0
2023-06-08 18:00:00,0
2023-06-08 19:00:00,-17.0100
2023-06-08 20:00:00,-14.1100
2023-06-08 21:00:00,-20.0100
2023-06-08 22:00:00,-14.1200
2023-06-08 23:00:00,-10.6800
2023-06-09 00:00:00,-700.7700
2023-06-09 01:00:00,-3189.2800
2023-06-09 02:00:00,-3288.3300
2023-06-09 03:00:00,-3086.6600
2023-06-09 04:00:00,-1829.1400
2023-06-09 05:00:00,-192.2100
2023-06-09 06:00:00,-110.1800
2023-06-09 07:00:00,0
2023-06-09 08:00:00,0
2023-06-09 09:00:00,0
2023-06-09 10:00:00,0
2023-06-09 11:00:00,0
2023-06-09 12:00:00,0
2023-06-09 13:00:00,-34.2700
2023-06-09 14:00:00,-1727.0900
2023-06-09 15:00:00,-566.7400
2023-06-09 16:00:00,0
2023-06-09 17:00:00,-359.8600
2023-06-09 18:00:00,0
2023-06-09 19:00:00,0
2023-06-09 20:00:00,0
2023-06-09 21:00:00,0
2023-06-09 22:00:00,-35.4700
2023-06-09 23:00:00,-31.4600
2023-06-10 00:00:00,-19.9000
2023-06-10 01:00:00,-11.8900
2023-06-10 02:00:00,-17.6000
2023-06-10 03:00:00,-296.1300
2023-06-10 04:00:00,-2195.4300
2023-06-10 05:00:00,-21.4600
2023-06-10 06:00:00,-10.2000
2023-06-10 07:00:00,-146.5100
2023-06-10 08:00:00,-36.4500
2023-06-10 09:00:00,-2258.0900
2023-06-10 10:00:00,-2835.0900
2023-06-10 11:00:00,-24.5100
2023-06-10 12:00:00,-38.1200
2023-06-10 13:00:00,-778.8900
2023-06-10 14:00:00,-858.2800
2023-06-10 15:00:00,-2.6500
2023-06-10 16:00:00,0
2023-06-10 17:00:00,0
2023-06-10 18:00:00,0
2023-06-10 19:00:00,0
2023-06-10 20:00:00,0
2023-06-10 21:00:00,0
2023-06-10 22:00:00,-28.5500
2023-06-10 23:00:00,-14.8200
2023-06-11 00:00:00,-10.9300
2023-06-11 01:00:00,-6.1100
2023-06-11 02:00:00,-4.9700
2023-06-11 03:00:00,-5.0000
2023-06-11 04:00:00,-4.7300
2023-06-11 05:00:00,-4.6700
2023-06-11 06:00:00,-3.3300
2023-06-11 07:00:00,-9.9500
2023-06-11 08:00:00,-0.3800
2023-06-11 09:00:00,-90
2023-06-11 10:00:00,-223.2200
2023-06-11 11:00:00,-1061.7900
2023-06-11 12:00:00,-462.0700
2023-06-11 13:00:00,-900.3500
2023-06-11 14:00:00,0
2023-06-11 15:00:00,0
2023-06-11 16:00:00,-53.4800
2023-06-11 17:00:00,0
2023-06-11 18:00:00,0
2023-06-11 19:00:00,0
2023-06-11 20:00:00,0
2023-06-11 21:00:00,0
2023-06-11 22:00:00,0
2023-06-11 23:00:00,-30.4400
2023-06-12 00:00:00,-26.5600
2023-06-12 01:00:00,-15.7800
2023-06-12 02:00:00,-11.0500
2023-06-12 03:00:00,-10.8400
2023-06-12 04:00:00,-7.0800
2023-06-12 05:00:00,-7.4100
2023-06-12 06:00:00,-24.1700
2023-06-12 07:00:00,-921.1900
2023-06-12 08:00:00,0
2023-06-12 09:00:00,0
2023-06-12 10:00:00,-16.2800
2023-06-12 11:00:00,-354.7600
2023-06-12 12:00:00,-397.1000
2023-06-12 13:00:00,-691.1700
2023-06-12 14:00:00,0
2023-06-12 15:00:00,0
2023-06-12 16:00:00,0
2023-06-12 17:00:00,0
2023-06-12 18:00:00,-6.2100
2023-06-12 19:00:00,-11.9300
2023-06-12 20:00:00,-11.9200
2023-06-12 21:00:00,-8.7900
2023-06-12 22:00:00,-7.6900
2023-06-12 23:00:00,-7.2000
2023-06-13 00:00:00,-5.8900
2023-06-13 01:00:00,-6.1800
2023-06-13 02:00:00,-5.2500
2023-06-13 03:00:00,-5.6500
2023-06-13 04:00:00,-7.6000
2023-06-13 05:00:00,-11.6800
2023-06-13 06:00:00,-712.6900
2023-06-13 07:00:00,-670.3000
2023-06-13 08:00:00,-3.4500
2023-06-13 09:00:00,-6.0700
2023-06-13 10:00:00,-4.4400
2023-06-13 11:00:00,-4.1000
2023-06-13 12:00:00,-17.5300
2023-06-13 13:00:00,-1328.3400
2023-06-13 14:00:00,-15.0000
2023-06-13 15:00:00,-1039.5400
2023-06-13 16:00:00,-16.7700
2023-06-13 17:00:00,-8.0500
2023-06-13 18:00:00,0
2023-06-13 19:00:00,0
2023-06-13 20:00:00,0
2023-06-13 21:00:00,0
2023-06-13 22:00:00,-14.7100
2023-06-13 23:00:00,-11.9200
2023-06-14 00:00:00,0
2023-06-14 01:00:00,0
2023-06-14 02:00:00,-828.5500
2023-06-14 03:00:00,-83.3800
2023-06-14 04:00:00,0
2023-06-14 05:00:00,-3.4400
2023-06-14 06:00:00,-72.9200
2023-06-14 07:00:00,-6.6900
2023-06-14 08:00:00,0
2023-06-14 09:00:00,0
2023-06-14 10:00:00,0
2023-06-14 11:00:00,0
2023-06-14 12:00:00,-1.6300
2023-06-14 13:00:00,0
2023-06-14 14:00:00,0
2023-06-14 15:00:00,0
2023-06-14 16:00:00,0
2023-06-14 17:00:00,0
2023-06-14 18:00:00,0
2023-06-14 19:00:00,0
2023-06-14 20:00:00,0
2023-06-14 21:00:00,-21.7800
2023-06-14 22:00:00,-5.4300
2023-06-14 23:00:00,-4.9000
2023-06-15 00:00:00,-5.2500
2023-06-15 01:00:00,0
2023-06-15 02:00:00,-777.8100
2023-06-15 03:00:00,0
2023-06-15 04:00:00,0
2023-06-15 05:00:00,-1.9300
2023-06-15 06:00:00,0
2023-06-15 07:00:00,0
2023-06-15 08:00:00,-5.7900
2023-06-15 09:00:00,0
2023-06-15 10:00:00,0
2023-06-15 11:00:00,0
2023-06-15 12:00:00,0
2023-06-15 13:00:00,0
2023-06-15 14:00:00,-99.6000
2023-06-15 15:00:00,0
2023-06-15 16:00:00,-1901.6800
2023-06-15 17:00:00,-598.4200
2023-06-15 18:00:00,-51.5600
2023-06-15 19:00:00,0
2023-06-15 20:00:00,0
2023-06-15 21:00:00,-86.9600
2023-06-15 22:00:00,-19.4500
2023-06-15 23:00:00,-11.9800
2023-06-16 00:00:00,0
2023-06-16 01:00:00,-13.3900
2023-06-16 02:00:00,-70.3700
2023-06-16 03:00:00,0
2023-06-16 04:00:00,-811.5000
2023-06-16 05:00:00,-46.6300
2023-06-16 06:00:00,-727.4500
2023-06-16 07:00:00,-398.2100
2023-06-16 08:00:00,-843.7000
2023-06-16 09:00:00,-4.7700
2023-06-16 10:00:00,-97.0900
2023-06-16 11:00:00,0
2023-06-16 12:00:00,0
2023-06-16 13:00:00,0
2023-06-16 14:00:00,-17.1300
2023-06-16 15:00:00,-228.4800
2023-06-16 16:00:00,-1696.6600
2023-06-16 17:00:00,-1135.2000
2023-06-16 18:00:00,-820.8600
2023-06-16 19:00:00,0
2023-06-16 20:00:00,0
2023-06-16 21:00:00,-158.3300
2023-06-16 22:00:00,-24.2500
2023-06-16 23:00:00,-14.4200
2023-06-17 00:00:00,-9.5400
2023-06-17 01:00:00,-12.3200
2023-06-17 02:00:00,-6.5400
2023-06-17 03:00:00,-15.6700
2023-06-17 04:00:00,-6.1800
2023-06-17 05:00:00,-11.4400
2023-06-17 06:00:00,-554.1200
2023-06-17 07:00:00,-1505.7100
2023-06-17 08:00:00,-1189.1600
2023-06-17 09:00:00,-10.2700
2023-06-17 10:00:00,0
2023-06-17 11:00:00,-15.9100
2023-06-17 12:00:00,-18.1200
2023-06-17 13:00:00,-3.7700
2023-06-17 14:00:00,-132.1400
2023-06-17 15:00:00,-89.3400
2023-06-17 16:00:00,0
2023-06-17 17:00:00,-293.3700
2023-06-17 18:00:00,0
2023-06-17 19:00:00,0
2023-06-17 20:00:00,0
2023-06-17 21:00:00,0
2023-06-17 22:00:00,-65.6800
2023-06-17 23:00:00,-22.2800
2023-06-18 00:00:00,0
2023-06-18 01:00:00,-10.9300
2023-06-18 02:00:00,-7.0800
2023-06-18 03:00:00,-5.9100
2023-06-18 04:00:00,-77.2400
2023-06-18 05:00:00,-382.6700
2023-06-18 06:00:00,0
2023-06-18 07:00:00,0
2023-06-18 08:00:00,0
2023-06-18 09:00:00,-9.1100
2023-06-18 10:00:00,-215.7600
2023-06-18 11:00:00,0
2023-06-18 12:00:00,-47.7300
2023-06-18 13:00:00,-385.5500
2023-06-18 14:00:00,-91.6200
2023-06-18 15:00:00,0
2023-06-18 16:00:00,0
2023-06-18 17:00:00,-32.5800
2023-06-18 18:00:00,-92.2600
2023-06-18 19:00:00,0
2023-06-18 20:00:00,0
2023-06-18 21:00:00,0
2023-06-18 22:00:00,0
2023-06-18 23:00:00,-23.4500
2023-06-19 00:00:00,-14.4600
2023-06-19 01:00:00,-7.5300
2023-06-19 02:00:00,-5.4900
2023-06-19 03:00:00,-4.0300
2023-06-19 04:00:00,-3.4800
2023-06-19 05:00:00,-4.4700
2023-06-19 06:00:00,-205.9900
2023-06-19 07:00:00,-721.0300
2023-06-19 08:00:00,0
2023-06-19 09:00:00,0
2023-06-19 10:00:00,0
2023-06-19 11:00:00,0
2023-06-19 12:00:00,-26.8900
2023-06-19 13:00:00,-921.2500
2023-06-19 14:00:00,-1858.2800
2023-06-19 15:00:00,-211.6500
2023-06-19 16:00:00,-1112.2900
2023-06-19 17:00:00,0
2023-06-19 18:00:00,-428.6200
2023-06-19 19:00:00,0
2023-06-19 20:00:00,0
2023-06-19 21:00:00,0
2023-06-19 22:00:00,-106.1400
2023-06-19 23:00:00,-0.4800
2023-06-20 00:00:00,0
2023-06-20 01:00:00,0
2023-06-20 02:00:00,-110.1000
2023-06-20 03:00:00,-3.1800
2023-06-20 04:00:00,-3.2700
2023-06-20 05:00:00,-5.8900
2023-06-20 06:00:00,-370.4900
2023-06-20 07:00:00,-2043.8100
2023-06-20 08:00:00,0
2023-06-20 09:00:00,0
2023-06-20 10:00:00,-231.2100
2023-06-20 11:00:00,0
2023-06-20 12:00:00,-294.7700
2023-06-20 13:00:00,-11.1300
2023-06-20 14:00:00,0
2023-06-20 15:00:00,0
2023-06-20 16:00:00,0
2023-06-20 17:00:00,-537.3300
2023-06-20 18:00:00,-226.5900
2023-06-20 19:00:00,-270.6300
2023-06-20 20:00:00,0
2023-06-20 21:00:00,-241.5700
2023-06-20 22:00:00,-13.3500
2023-06-20 23:00:00,-8.2900
2023-06-21 00:00:00,-8.0100
2023-06-21 01:00:00,-7.5600
2023-06-21 02:00:00,-6.9700
2023-06-21 03:00:00,-6.2300
2023-06-21 04:00:00,-8.6900
2023-06-21 05:00:00,-14.9400
2023-06-21 06:00:00,-921.2500
2023-06-21 07:00:00,-2402.3100
2023-06-21 08:00:00,0
2023-06-21 09:00:00,0
2023-06-21 10:00:00,0
2023-06-21 11:00:00,0
2023-06-21 12:00:00,0
2023-06-21 13:00:00,-16.5700
2023-06-21 14:00:00,-19.3600
2023-06-21 15:00:00,-607.9300
2023-06-21 16:00:00,-1580.9800
2023-06-21 17:00:00,0
2023-06-21 18:00:00,-326.7600
2023-06-21 19:00:00,0
2023-06-21 20:00:00,0
2023-06-21 21:00:00,-247.9100
2023-06-21 22:00:00,-22.3900
2023-06-21 23:00:00,-10.9200
2023-06-22 00:00:00,-7.7200
2023-06-22 01:00:00,-7.0500
2023-06-22 02:00:00,-7.1100
2023-06-22 03:00:00,-47.5400
2023-06-22 04:00:00,-7.5400
2023-06-22 05:00:00,-8.1100
2023-06-22 06:00:00,-1538.0100
2023-06-22 07:00:00,-148.9100
2023-06-22 08:00:00,0
2023-06-22 09:00:00,0
2023-06-22 10:00:00,-231.2700
2023-06-22 11:00:00,-11.2100
2023-06-22 12:00:00,-150.6400
2023-06-22 13:00:00,0
2023-06-22 14:00:00,0
2023-06-22 15:00:00,-12.2000
2023-06-22 16:00:00,0
2023-06-22 17:00:00,-69.1800
2023-06-22 18:00:00,-113.6700
2023-06-22 19:00:00,-1.1500
2023-06-22 20:00:00,0
2023-06-22 21:00:00,-10.0900
2023-06-22 22:00:00,-8.0600
2023-06-22 23:00:00,-7.5200
2023-06-23 00:00:00,-7.1100
2023-06-23 01:00:00,-32.9000
2023-06-23 02:00:00,-2932.3700
2023-06-23 03:00:00,-43.2000
2023-06-23 04:00:00,-9.2100
2023-06-23 05:00:00,-8.1100
2023-06-23 06:00:00,-710.3700
2023-06-23 07:00:00,-764.7100
2023-06-23 08:00:00,0
2023-06-23 09:00:00,0
2023-06-23 10:00:00,0
2023-06-23 11:00:00,0
2023-06-23 12:00:00,0
2023-06-23 13:00:00,-9.0900
2023-06-23 14:00:00,-2.9100
2023-06-23 15:00:00,-242.1700
2023-06-23 16:00:00,-9.1700
2023-06-23 17:00:00,-90.7400
2023-06-23 18:00:00,-135.4800
2023-06-23 19:00:00,0
2023-06-23 20:00:00,-9.3900
2023-06-23 21:00:00,-8.2500
2023-06-23 22:00:00,-7.9100
2023-06-23 23:00:00,-12.3400
2023-06-24 00:00:00,-8.0600
2023-06-24 01:00:00,-6.1200
2023-06-24 02:00:00,-5.6200
2023-06-24 03:00:00,-6.1900
2023-06-24 04:00:00,-9.9400
2023-06-24 05:00:00,-6.0800
2023-06-24 06:00:00,-4.7700
2023-06-24 07:00:00,-111.2300
2023-06-24 08:00:00,-2162.6600
2023-06-24 09:00:00,-223.5400
2023-06-24 10:00:00,0
2023-06-24 11:00:00,0
2023-06-24 12:00:00,0
2023-06-24 13:00:00,0
2023-06-24 14:00:00,-854.8800
2023-06-24 15:00:00,0
2023-06-24 16:00:00,0
2023-06-24 17:00:00,0
2023-06-24 18:00:00,0
2023-06-24 19:00:00,0
2023-06-24 20:00:00,-333.0800
2023-06-24 21:00:00,-273.5800
2023-06-24 22:00:00,-140.5100
2023-06-24 23:00:00,-10.0400
2023-06-25 00:00:00,-8.3200
2023-06-25 01:00:00,-6.1200
2023-06-25 02:00:00,-5.4200
2023-06-25 03:00:00,-4.9300
2023-06-25 04:00:00,-6.1300
2023-06-25 05:00:00,-5.4400
2023-06-25 06:00:00,0
2023-06-25 07:00:00,0
2023-06-25 08:00:00,0
2023-06-25 09:00:00,-0.7000
2023-06-25 10:00:00,-0.8200
2023-06-25 11:00:00,0
2023-06-25 12:00:00,0
2023-06-25 13:00:00,0
2023-06-25 14:00:00,0
2023-06-25 15:00:00,0
2023-06-25 16:00:00,0
2023-06-25 17:00:00,0
2023-06-25 18:00:00,-0.3300
2023-06-25 19:00:00,-181.1600
2023-06-25 20:00:00,-466.1200
2023-06-25 21:00:00,0
2023-06-25 22:00:00,-163.8300
2023-06-25 23:00:00,0
2023-06-26 00:00:00,-0.0100
2023-06-26 01:00:00,0
2023-06-26 02:00:00,0
2023-06-26 03:00:00,0
2023-06-26 04:00:00,0
2023-06-26 05:00:00,0
2023-06-26 06:00:00,0
2023-06-26 07:00:00,0
2023-06-26 08:00:00,0
2023-06-26 09:00:00,0
2023-06-26 10:00:00,0
2023-06-26 11:00:00,0
2023-06-26 12:00:00,0
2023-06-26 13:00:00,0
2023-06-26 14:00:00,0
2023-06-26 15:00:00,0
2023-06-26 16:00:00,0
2023-06-26 17:00:00,0
2023-06-26 18:00:00,0
2023-06-26 19:00:00,0
2023-06-26 20:00:00,0
2023-06-26 21:00:00,0
2023-06-26 22:00:00,0
2023-06-26 23:00:00,0
2023-06-27 00:00:00,0
2023-06-27 01:00:00,0
2023-06-27 02:00:00,0
2023-06-27 03:00:00,0
2023-06-27 04:00:00,0
2023-06-27 05:00:00,0
2023-06-27 06:00:00,0
2023-06-27 07:00:00,0
2023-06-27 08:00:00,0
2023-06-27 09:00:00,0
2023-06-27 10:00:00,0
2023-06-27 11:00:00,0
2023-06-27 12:00:00,0
2023-06-27 13:00:00,0
2023-06-27 14:00:00,0
2023-06-27 15:00:00,0
2023-06-27 16:00:00,-7.5400
2023-06-27 17:00:00,-14.3300
2023-06-27 18:00:00,-16.4300
2023-06-27 19:00:00,-300.9900
2023-06-27 20:00:00,-17.4300
2023-06-27 21:00:00,-20.5000
2023-06-27 22:00:00,-17.7300
2023-06-27 23:00:00,-17.9400
2023-06-28 00:00:00,-17.8400
2023-06-28 01:00:00,-16.3700
2023-06-28 02:00:00,-15.5200
2023-06-28 03:00:00,-14.6900
2023-06-28 04:00:00,-15.2600
2023-06-28 05:00:00,-16.6100
2023-06-28 06:00:00,-535.1200
2023-06-28 07:00:00,-1604.0600
2023-06-28 08:00:00,-1946.4100
2023-06-28 09:00:00,-1030.6900
2023-06-28 10:00:00,-30.4700
2023-06-28 11:00:00,-224.0400
2023-06-28 12:00:00,-80.0800
2023-06-28 13:00:00,-1153.8700
2023-06-28 14:00:00,-15.7000
2023-06-28 15:00:00,-1790.8000
2023-06-28 16:00:00,-694.3600
2023-06-28 17:00:00,-270.4900
2023-06-28 18:00:00,-258.9600
2023-06-28 19:00:00,0
2023-06-28 20:00:00,0
2023-06-28 21:00:00,0
2023-06-28 22:00:00,0
2023-06-28 23:00:00,-18.0000
2023-06-29 00:00:00,0
2023-06-29 01:00:00,-3804.7400
2023-06-29 02:00:00,-3790.0800
2023-06-29 03:00:00,-931.5900
2023-06-29 04:00:00,-1171.4700
2023-06-29 05:00:00,-57.9200
2023-06-29 06:00:00,-732.7200
2023-06-29 07:00:00,-560.4100
2023-06-29 08:00:00,-163.6000
2023-06-29 09:00:00,-76.5300
2023-06-29 10:00:00,0
2023-06-29 11:00:00,-16.3400
2023-06-29 12:00:00,0
2023-06-29 13:00:00,-162.9700
2023-06-29 14:00:00,0
2023-06-29 15:00:00,0
2023-06-29 16:00:00,0
2023-06-29 17:00:00,-167.5100
2023-06-29 18:00:00,0
2023-06-29 19:00:00,-371.6000
2023-06-29 20:00:00,0
2023-06-29 21:00:00,0
2023-06-29 22:00:00,-15.4900
2023-06-29 23:00:00,-615.2500
2023-06-30 00:00:00,0
2023-06-30 01:00:00,-3397.2200
2023-06-30 02:00:00,0
2023-06-30 03:00:00,-3536.1000
2023-06-30 04:00:00,0
2023-06-30 05:00:00,-36.1000
2023-06-30 06:00:00,0
2023-06-30 07:00:00,-4319.1300
2023-06-30 08:00:00,-1332.5400
2023-06-30 09:00:00,0
2023-06-30 10:00:00,0
2023-06-30 11:00:00,0
2023-06-30 12:00:00,-906.9900
2023-06-30 13:00:00,0
2023-06-30 14:00:00,-69.9300
2023-06-30 15:00:00,-32.6900
2023-06-30 16:00:00,-13.4300
2023-06-30 17:00:00,-236.6800
2023-06-30 18:00:00,0
2023-06-30 19:00:00,0
2023-06-30 20:00:00,0
2023-06-30 21:00:00,-108.2400
2023-06-30 22:00:00,-56.2300
2023-06-30 23:00:00,-10.4000
