date,volume_charging_energy
2023-04-01 00:00:00,0
2023-04-01 01:00:00,0
2023-04-01 02:00:00,-0.2603
2023-04-01 03:00:00,-0.2196
2023-04-01 04:00:00,-0.4487
2023-04-01 05:00:00,0
2023-04-01 06:00:00,-0.1701
2023-04-01 07:00:00,-0.9498
2023-04-01 08:00:00,0
2023-04-01 09:00:00,0
2023-04-01 10:00:00,0
2023-04-01 11:00:00,0
2023-04-01 12:00:00,0
2023-04-01 13:00:00,0
2023-04-01 14:00:00,0
2023-04-01 15:00:00,0
2023-04-01 16:00:00,0
2023-04-01 17:00:00,0
2023-04-01 18:00:00,0
2023-04-01 19:00:00,0
2023-04-01 20:00:00,-0.4074
2023-04-01 21:00:00,0
2023-04-01 22:00:00,0
2023-04-01 23:00:00,0
2023-04-02 00:00:00,0
2023-04-02 01:00:00,0
2023-04-02 02:00:00,0
2023-04-02 03:00:00,0
2023-04-02 04:00:00,0
2023-04-02 05:00:00,0
2023-04-02 06:00:00,0
2023-04-02 07:00:00,0
2023-04-02 08:00:00,-0.2147
2023-04-02 09:00:00,0
2023-04-02 10:00:00,0
2023-04-02 11:00:00,0
2023-04-02 12:00:00,0
2023-04-02 13:00:00,0
2023-04-02 14:00:00,0
2023-04-02 15:00:00,0
2023-04-02 16:00:00,0
2023-04-02 17:00:00,0
2023-04-02 18:00:00,0
2023-04-02 19:00:00,0
2023-04-02 20:00:00,-0.5795
2023-04-02 21:00:00,0
2023-04-02 22:00:00,0
2023-04-02 23:00:00,0
2023-04-03 00:00:00,0
2023-04-03 01:00:00,0
2023-04-03 02:00:00,-0.0189
2023-04-03 03:00:00,0
2023-04-03 04:00:00,0
2023-04-03 05:00:00,0
2023-04-03 06:00:00,0
2023-04-03 07:00:00,-0.6442
2023-04-03 08:00:00,0
2023-04-03 09:00:00,0
2023-04-03 10:00:00,0
2023-04-03 11:00:00,0
2023-04-03 12:00:00,0
2023-04-03 13:00:00,0
2023-04-03 14:00:00,0
2023-04-03 15:00:00,0
2023-04-03 16:00:00,0
2023-04-03 17:00:00,-0.0502
2023-04-03 18:00:00,0
2023-04-03 19:00:00,0
2023-04-03 20:00:00,0
2023-04-03 21:00:00,-0.1135
2023-04-03 22:00:00,0
2023-04-03 23:00:00,-0.3497
2023-04-04 00:00:00,0
2023-04-04 01:00:00,0
2023-04-04 02:00:00,0
2023-04-04 03:00:00,0
2023-04-04 04:00:00,0
2023-04-04 05:00:00,0
2023-04-04 06:00:00,0
2023-04-04 07:00:00,-0.2723
2023-04-04 08:00:00,0
2023-04-04 09:00:00,0
2023-04-04 10:00:00,0
2023-04-04 11:00:00,0
2023-04-04 12:00:00,0
2023-04-04 13:00:00,0
2023-04-04 14:00:00,0
2023-04-04 15:00:00,0
2023-04-04 16:00:00,0
2023-04-04 17:00:00,0
2023-04-04 18:00:00,0
2023-04-04 19:00:00,-0.0728
2023-04-04 20:00:00,-0.2873
2023-04-04 21:00:00,0
2023-04-04 22:00:00,0
2023-04-04 23:00:00,-0.3000
2023-04-05 00:00:00,0
2023-04-05 01:00:00,0
2023-04-05 02:00:00,0
2023-04-05 03:00:00,0
2023-04-05 04:00:00,0
2023-04-05 05:00:00,0
2023-04-05 06:00:00,-0.0892
2023-04-05 07:00:00,-0.2074
2023-04-05 08:00:00,0
2023-04-05 09:00:00,0
2023-04-05 10:00:00,0
2023-04-05 11:00:00,0
2023-04-05 12:00:00,0
2023-04-05 13:00:00,0
2023-04-05 14:00:00,0
2023-04-05 15:00:00,0
2023-04-05 16:00:00,0
2023-04-05 17:00:00,0
2023-04-05 18:00:00,0
2023-04-05 19:00:00,-0.1124
2023-04-05 20:00:00,-0.2305
2023-04-05 21:00:00,-0.0255
2023-04-05 22:00:00,0
2023-04-05 23:00:00,0
2023-04-06 00:00:00,0
2023-04-06 01:00:00,0
2023-04-06 02:00:00,0
2023-04-06 03:00:00,0
2023-04-06 04:00:00,0
2023-04-06 05:00:00,0
2023-04-06 06:00:00,0
2023-04-06 07:00:00,-0.4350
2023-04-06 08:00:00,0
2023-04-06 09:00:00,0
2023-04-06 10:00:00,0
2023-04-06 11:00:00,0
2023-04-06 12:00:00,0
2023-04-06 13:00:00,0
2023-04-06 14:00:00,0
2023-04-06 15:00:00,0
2023-04-06 16:00:00,0
2023-04-06 17:00:00,0
2023-04-06 18:00:00,0
2023-04-06 19:00:00,0
2023-04-06 20:00:00,-1.4327
2023-04-06 21:00:00,-0.1625
2023-04-06 22:00:00,-0.5850
2023-04-06 23:00:00,0
2023-04-07 00:00:00,0
2023-04-07 01:00:00,0
2023-04-07 02:00:00,0
2023-04-07 03:00:00,0
2023-04-07 04:00:00,0
2023-04-07 05:00:00,0
2023-04-07 06:00:00,-0.0931
2023-04-07 07:00:00,0
2023-04-07 08:00:00,-0.4749
2023-04-07 09:00:00,0
2023-04-07 10:00:00,0
2023-04-07 11:00:00,0
2023-04-07 12:00:00,0
2023-04-07 13:00:00,0
2023-04-07 14:00:00,0
2023-04-07 15:00:00,0
2023-04-07 16:00:00,0
2023-04-07 17:00:00,0
2023-04-07 18:00:00,-0.9498
2023-04-07 19:00:00,-1.9104
2023-04-07 20:00:00,-0.9000
2023-04-07 21:00:00,0
2023-04-07 22:00:00,0
2023-04-07 23:00:00,0
2023-04-08 00:00:00,-0.2254
2023-04-08 01:00:00,0
2023-04-08 02:00:00,0
2023-04-08 03:00:00,0
2023-04-08 04:00:00,0
2023-04-08 05:00:00,0
2023-04-08 06:00:00,0
2023-04-08 07:00:00,0
2023-04-08 08:00:00,-0.0726
2023-04-08 09:00:00,0
2023-04-08 10:00:00,0
2023-04-08 11:00:00,0
2023-04-08 12:00:00,0
2023-04-08 13:00:00,0
2023-04-08 14:00:00,0
2023-04-08 15:00:00,0
2023-04-08 16:00:00,0
2023-04-08 17:00:00,0
2023-04-08 18:00:00,0
2023-04-08 19:00:00,-0.1949
2023-04-08 20:00:00,-0.0273
2023-04-08 21:00:00,0
2023-04-08 22:00:00,0
2023-04-08 23:00:00,0
2023-04-09 00:00:00,-0.6362
2023-04-09 01:00:00,0
2023-04-09 02:00:00,0
2023-04-09 03:00:00,0
2023-04-09 04:00:00,0
2023-04-09 05:00:00,0
2023-04-09 06:00:00,-0.0354
2023-04-09 07:00:00,-0.2940
2023-04-09 08:00:00,0
2023-04-09 09:00:00,0
2023-04-09 10:00:00,0
2023-04-09 11:00:00,0
2023-04-09 12:00:00,0
2023-04-09 13:00:00,0
2023-04-09 14:00:00,0
2023-04-09 15:00:00,0
2023-04-09 16:00:00,0
2023-04-09 17:00:00,-0.4749
2023-04-09 18:00:00,-0.5738
2023-04-09 19:00:00,0
2023-04-09 20:00:00,-0.3773
2023-04-09 21:00:00,-0.2467
2023-04-09 22:00:00,0
2023-04-09 23:00:00,0
2023-04-10 00:00:00,0
2023-04-10 01:00:00,0
2023-04-10 02:00:00,0
2023-04-10 03:00:00,0
2023-04-10 04:00:00,0
2023-04-10 05:00:00,-0.2499
2023-04-10 06:00:00,-0.1024
2023-04-10 07:00:00,0
2023-04-10 08:00:00,0
2023-04-10 09:00:00,0
2023-04-10 10:00:00,0
2023-04-10 11:00:00,0
2023-04-10 12:00:00,0
2023-04-10 13:00:00,0
2023-04-10 14:00:00,0
2023-04-10 15:00:00,-0.7987
2023-04-10 16:00:00,-0.9498
2023-04-10 17:00:00,-0.8959
2023-04-10 18:00:00,-0.0049
2023-04-10 19:00:00,-0.3111
2023-04-10 20:00:00,0
2023-04-10 21:00:00,0
2023-04-10 22:00:00,-0.2001
2023-04-10 23:00:00,0
2023-04-11 00:00:00,0
2023-04-11 01:00:00,0
2023-04-11 02:00:00,0
2023-04-11 03:00:00,0
2023-04-11 04:00:00,0
2023-04-11 05:00:00,-0.0619
2023-04-11 06:00:00,0
2023-04-11 07:00:00,-0.1420
2023-04-11 08:00:00,0
2023-04-11 09:00:00,0
2023-04-11 10:00:00,0
2023-04-11 11:00:00,0
2023-04-11 12:00:00,0
2023-04-11 13:00:00,0
2023-04-11 14:00:00,0
2023-04-11 15:00:00,0
2023-04-11 16:00:00,0
2023-04-11 17:00:00,0
2023-04-11 18:00:00,0
2023-04-11 19:00:00,-0.0150
2023-04-11 20:00:00,-0.6401
2023-04-11 21:00:00,-0.7520
2023-04-11 22:00:00,0
2023-04-11 23:00:00,0
2023-04-12 00:00:00,-0.3361
2023-04-12 01:00:00,-0.4875
2023-04-12 02:00:00,0
2023-04-12 03:00:00,0
2023-04-12 04:00:00,0
2023-04-12 05:00:00,-0.3074
2023-04-12 06:00:00,-0.4112
2023-04-12 07:00:00,-0.2161
2023-04-12 08:00:00,0
2023-04-12 09:00:00,0
2023-04-12 10:00:00,-0.2263
2023-04-12 11:00:00,0
2023-04-12 12:00:00,0
2023-04-12 13:00:00,0
2023-04-12 14:00:00,-0.0437
2023-04-12 15:00:00,0
2023-04-12 16:00:00,-0.1638
2023-04-12 17:00:00,-0.3068
2023-04-12 18:00:00,-1.3590
2023-04-12 19:00:00,-1.0104
2023-04-12 20:00:00,-0.5557
2023-04-12 21:00:00,-0.3175
2023-04-12 22:00:00,-0.0876
2023-04-12 23:00:00,0
2023-04-13 00:00:00,0
2023-04-13 01:00:00,0
2023-04-13 02:00:00,0
2023-04-13 03:00:00,0
2023-04-13 04:00:00,0
2023-04-13 05:00:00,-0.5659
2023-04-13 06:00:00,0
2023-04-13 07:00:00,0
2023-04-13 08:00:00,0
2023-04-13 09:00:00,0
2023-04-13 10:00:00,0
2023-04-13 11:00:00,0
2023-04-13 12:00:00,0
2023-04-13 13:00:00,-0.2570
2023-04-13 14:00:00,0
2023-04-13 15:00:00,-0.8575
2023-04-13 16:00:00,0
2023-04-13 17:00:00,-0.4749
2023-04-13 18:00:00,-0.4509
2023-04-13 19:00:00,-0.0163
2023-04-13 20:00:00,-0.3343
2023-04-13 21:00:00,0
2023-04-13 22:00:00,0
2023-04-13 23:00:00,0
2023-04-14 00:00:00,0
2023-04-14 01:00:00,0
2023-04-14 02:00:00,0
2023-04-14 03:00:00,0
2023-04-14 04:00:00,0
2023-04-14 05:00:00,-0.0477
2023-04-14 06:00:00,-0.5205
2023-04-14 07:00:00,0
2023-04-14 08:00:00,0
2023-04-14 09:00:00,0
2023-04-14 10:00:00,0
2023-04-14 11:00:00,0
2023-04-14 12:00:00,0
2023-04-14 13:00:00,0
2023-04-14 14:00:00,0
2023-04-14 15:00:00,0
2023-04-14 16:00:00,0
2023-04-14 17:00:00,-0.4776
2023-04-14 18:00:00,-0.0932
2023-04-14 19:00:00,0
2023-04-14 20:00:00,-0.1698
2023-04-14 21:00:00,-0.0372
2023-04-14 22:00:00,0
2023-04-14 23:00:00,0
2023-04-15 00:00:00,0
2023-04-15 01:00:00,0
2023-04-15 02:00:00,0
2023-04-15 03:00:00,0
2023-04-15 04:00:00,0
2023-04-15 05:00:00,0
2023-04-15 06:00:00,-0.1170
2023-04-15 07:00:00,-0.0864
2023-04-15 08:00:00,0
2023-04-15 09:00:00,0
2023-04-15 10:00:00,0
2023-04-15 11:00:00,0
2023-04-15 12:00:00,0
2023-04-15 13:00:00,0
2023-04-15 14:00:00,0
2023-04-15 15:00:00,0
2023-04-15 16:00:00,0
2023-04-15 17:00:00,-0.4749
2023-04-15 18:00:00,0
2023-04-15 19:00:00,0
2023-04-15 20:00:00,-0.5048
2023-04-15 21:00:00,-0.3148
2023-04-15 22:00:00,0
2023-04-15 23:00:00,0
2023-04-16 00:00:00,0
2023-04-16 01:00:00,0
2023-04-16 02:00:00,0
2023-04-16 03:00:00,0
2023-04-16 04:00:00,0
2023-04-16 05:00:00,-0.0867
2023-04-16 06:00:00,-0.4594
2023-04-16 07:00:00,0
2023-04-16 08:00:00,0
2023-04-16 09:00:00,0
2023-04-16 10:00:00,0
2023-04-16 11:00:00,0
2023-04-16 12:00:00,0
2023-04-16 13:00:00,0
2023-04-16 14:00:00,0
2023-04-16 15:00:00,0
2023-04-16 16:00:00,0
2023-04-16 17:00:00,-0.0225
2023-04-16 18:00:00,-0.1329
2023-04-16 19:00:00,0
2023-04-16 20:00:00,-1.8764
2023-04-16 21:00:00,-1.1877
2023-04-16 22:00:00,-1.5504
2023-04-16 23:00:00,-0.0819
2023-04-17 00:00:00,0
2023-04-17 01:00:00,0
2023-04-17 02:00:00,0
2023-04-17 03:00:00,0
2023-04-17 04:00:00,0
2023-04-17 05:00:00,-0.2505
2023-04-17 06:00:00,-0.0538
2023-04-17 07:00:00,-0.1795
2023-04-17 08:00:00,0
2023-04-17 09:00:00,0
2023-04-17 10:00:00,0
2023-04-17 11:00:00,0
2023-04-17 12:00:00,0
2023-04-17 13:00:00,0
2023-04-17 14:00:00,0
2023-04-17 15:00:00,0
2023-04-17 16:00:00,0
2023-04-17 17:00:00,-0.7295
2023-04-17 18:00:00,0
2023-04-17 19:00:00,-0.2916
2023-04-17 20:00:00,0
2023-04-17 21:00:00,0
2023-04-17 22:00:00,0
2023-04-17 23:00:00,0
2023-04-18 00:00:00,0
2023-04-18 01:00:00,0
2023-04-18 02:00:00,0
2023-04-18 03:00:00,0
2023-04-18 04:00:00,0
2023-04-18 05:00:00,-0.5701
2023-04-18 06:00:00,0
2023-04-18 07:00:00,-0.0238
2023-04-18 08:00:00,0
2023-04-18 09:00:00,0
2023-04-18 10:00:00,0
2023-04-18 11:00:00,0
2023-04-18 12:00:00,0
2023-04-18 13:00:00,0
2023-04-18 14:00:00,0
2023-04-18 15:00:00,0
2023-04-18 16:00:00,0
2023-04-18 17:00:00,0
2023-04-18 18:00:00,-1.2045
2023-04-18 19:00:00,0
2023-04-18 20:00:00,-1.0859
2023-04-18 21:00:00,-0.6065
2023-04-18 22:00:00,-0.7413
2023-04-18 23:00:00,-0.7259
2023-04-19 00:00:00,-0.3844
2023-04-19 01:00:00,0
2023-04-19 02:00:00,0
2023-04-19 03:00:00,0
2023-04-19 04:00:00,0
2023-04-19 05:00:00,-0.0844
2023-04-19 06:00:00,-0.0667
2023-04-19 07:00:00,-0.2009
2023-04-19 08:00:00,0
2023-04-19 09:00:00,0
2023-04-19 10:00:00,0
2023-04-19 11:00:00,0
2023-04-19 12:00:00,0
2023-04-19 13:00:00,0
2023-04-19 14:00:00,0
2023-04-19 15:00:00,0
2023-04-19 16:00:00,0
2023-04-19 17:00:00,0
2023-04-19 18:00:00,-0.2414
2023-04-19 19:00:00,-0.0078
2023-04-19 20:00:00,-1.3101
2023-04-19 21:00:00,-1.9025
2023-04-19 22:00:00,-0.8562
2023-04-19 23:00:00,0
2023-04-20 00:00:00,0
2023-04-20 01:00:00,-0.3927
2023-04-20 02:00:00,0
2023-04-20 03:00:00,0
2023-04-20 04:00:00,0
2023-04-20 05:00:00,-0.0847
2023-04-20 06:00:00,-0.5046
2023-04-20 07:00:00,0
2023-04-20 08:00:00,0
2023-04-20 09:00:00,0
2023-04-20 10:00:00,0
2023-04-20 11:00:00,0
2023-04-20 12:00:00,0
2023-04-20 13:00:00,0
2023-04-20 14:00:00,0
2023-04-20 15:00:00,0
2023-04-20 16:00:00,0
2023-04-20 17:00:00,-0.0125
2023-04-20 18:00:00,-0.6870
2023-04-20 19:00:00,-0.0225
2023-04-20 20:00:00,-1.9104
2023-04-20 21:00:00,-0.6676
2023-04-20 22:00:00,-0.0589
2023-04-20 23:00:00,-0.6324
2023-04-21 00:00:00,0
2023-04-21 01:00:00,0
2023-04-21 02:00:00,0
2023-04-21 03:00:00,0
2023-04-21 04:00:00,0
2023-04-21 05:00:00,-0.0894
2023-04-21 06:00:00,0
2023-04-21 07:00:00,0
2023-04-21 08:00:00,0
2023-04-21 09:00:00,0
2023-04-21 10:00:00,0
2023-04-21 11:00:00,0
2023-04-21 12:00:00,0
2023-04-21 13:00:00,0
2023-04-21 14:00:00,0
2023-04-21 15:00:00,0
2023-04-21 16:00:00,-0.4749
2023-04-21 17:00:00,-0.9498
2023-04-21 18:00:00,-0.5630
2023-04-21 19:00:00,-0.7049
2023-04-21 20:00:00,-0.0911
2023-04-21 21:00:00,0
2023-04-21 22:00:00,0
2023-04-21 23:00:00,0
2023-04-22 00:00:00,-0.0004
2023-04-22 01:00:00,0
2023-04-22 02:00:00,0
2023-04-22 03:00:00,0
2023-04-22 04:00:00,0
2023-04-22 05:00:00,0
2023-04-22 06:00:00,0
2023-04-22 07:00:00,0
2023-04-22 08:00:00,0
2023-04-22 09:00:00,0
2023-04-22 10:00:00,0
2023-04-22 11:00:00,-0.0014
2023-04-22 12:00:00,-0.0081
2023-04-22 13:00:00,0
2023-04-22 14:00:00,-0.0593
2023-04-22 15:00:00,0
2023-04-22 16:00:00,-0.7112
2023-04-22 17:00:00,-0.2467
2023-04-22 18:00:00,-0.5671
2023-04-22 19:00:00,0
2023-04-22 20:00:00,-0.7724
2023-04-22 21:00:00,-0.3208
2023-04-22 22:00:00,0
2023-04-22 23:00:00,0
2023-04-23 00:00:00,0
2023-04-23 01:00:00,0
2023-04-23 02:00:00,0
2023-04-23 03:00:00,0
2023-04-23 04:00:00,0
2023-04-23 05:00:00,0
2023-04-23 06:00:00,0
2023-04-23 07:00:00,0
2023-04-23 08:00:00,0
2023-04-23 09:00:00,0
2023-04-23 10:00:00,0
2023-04-23 11:00:00,0
2023-04-23 12:00:00,0
2023-04-23 13:00:00,0
2023-04-23 14:00:00,0
2023-04-23 15:00:00,-0.0039
2023-04-23 16:00:00,0
2023-04-23 17:00:00,0
2023-04-23 18:00:00,-0.4123
2023-04-23 19:00:00,-0.9410
2023-04-23 20:00:00,-0.9828
2023-04-23 21:00:00,-0.2499
2023-04-23 22:00:00,0
2023-04-23 23:00:00,0
2023-04-24 00:00:00,0
2023-04-24 01:00:00,0
2023-04-24 02:00:00,0
2023-04-24 03:00:00,0
2023-04-24 04:00:00,0
2023-04-24 05:00:00,0
2023-04-24 06:00:00,0
2023-04-24 07:00:00,0
2023-04-24 08:00:00,0
2023-04-24 09:00:00,0
2023-04-24 10:00:00,0
2023-04-24 11:00:00,0
2023-04-24 12:00:00,0
2023-04-24 13:00:00,-0.1666
2023-04-24 14:00:00,-0.2419
2023-04-24 15:00:00,0
2023-04-24 16:00:00,0
2023-04-24 17:00:00,0
2023-04-24 18:00:00,0
2023-04-24 19:00:00,-0.1563
2023-04-24 20:00:00,0
2023-04-24 21:00:00,-1.6145
2023-04-24 22:00:00,-0.1987
2023-04-24 23:00:00,0
2023-04-25 00:00:00,0
2023-04-25 01:00:00,-0.1537
2023-04-25 02:00:00,-0.0739
2023-04-25 03:00:00,-0.0295
2023-04-25 04:00:00,0
2023-04-25 05:00:00,-0.7312
2023-04-25 06:00:00,-0.2236
2023-04-25 07:00:00,-0.4749
2023-04-25 08:00:00,0
2023-04-25 09:00:00,0
2023-04-25 10:00:00,0
2023-04-25 11:00:00,0
2023-04-25 12:00:00,0
2023-04-25 13:00:00,0
2023-04-25 14:00:00,0
2023-04-25 15:00:00,0
2023-04-25 16:00:00,0
2023-04-25 17:00:00,0
2023-04-25 18:00:00,-0.4749
2023-04-25 19:00:00,-0.1145
2023-04-25 20:00:00,0
2023-04-25 21:00:00,-0.1229
2023-04-25 22:00:00,0
2023-04-25 23:00:00,0
2023-04-26 00:00:00,0
2023-04-26 01:00:00,0
2023-04-26 02:00:00,0
2023-04-26 03:00:00,0
2023-04-26 04:00:00,0
2023-04-26 05:00:00,-0.4128
2023-04-26 06:00:00,0
2023-04-26 07:00:00,-0.4749
2023-04-26 08:00:00,0
2023-04-26 09:00:00,0
2023-04-26 10:00:00,0
2023-04-26 11:00:00,-0.0027
2023-04-26 12:00:00,0
2023-04-26 13:00:00,0
2023-04-26 14:00:00,-0.0294
2023-04-26 15:00:00,0
2023-04-26 16:00:00,0
2023-04-26 17:00:00,0
2023-04-26 18:00:00,0
2023-04-26 19:00:00,0
2023-04-26 20:00:00,-0.0918
2023-04-26 21:00:00,0
2023-04-26 22:00:00,-0.1563
2023-04-26 23:00:00,0
2023-04-27 00:00:00,0
2023-04-27 01:00:00,0
2023-04-27 02:00:00,0
2023-04-27 03:00:00,-0.1049
2023-04-27 04:00:00,0
2023-04-27 05:00:00,0
2023-04-27 06:00:00,0
2023-04-27 07:00:00,-0.4750
2023-04-27 08:00:00,0
2023-04-27 09:00:00,0
2023-04-27 10:00:00,0
2023-04-27 11:00:00,0
2023-04-27 12:00:00,0
2023-04-27 13:00:00,0
2023-04-27 14:00:00,0
2023-04-27 15:00:00,0
2023-04-27 16:00:00,0
2023-04-27 17:00:00,0
2023-04-27 18:00:00,0
2023-04-27 19:00:00,0
2023-04-27 20:00:00,-0.0878
2023-04-27 21:00:00,0
2023-04-27 22:00:00,-0.5572
2023-04-27 23:00:00,0
2023-04-28 00:00:00,0
2023-04-28 01:00:00,0
2023-04-28 02:00:00,0
2023-04-28 03:00:00,0
2023-04-28 04:00:00,0
2023-04-28 05:00:00,0
2023-04-28 06:00:00,0
2023-04-28 07:00:00,0
2023-04-28 08:00:00,0
2023-04-28 09:00:00,0
2023-04-28 10:00:00,0
2023-04-28 11:00:00,0
2023-04-28 12:00:00,0
2023-04-28 13:00:00,0
2023-04-28 14:00:00,0
2023-04-28 15:00:00,0
2023-04-28 16:00:00,0
2023-04-28 17:00:00,0
2023-04-28 18:00:00,0
2023-04-28 19:00:00,0
2023-04-28 20:00:00,0
2023-04-28 21:00:00,0
2023-04-28 22:00:00,-0.0706
2023-04-28 23:00:00,0
2023-04-29 00:00:00,-0.0004
2023-04-29 01:00:00,0
2023-04-29 02:00:00,0
2023-04-29 03:00:00,0
2023-04-29 04:00:00,0
2023-04-29 05:00:00,0
2023-04-29 06:00:00,0
2023-04-29 07:00:00,-0.2064
2023-04-29 08:00:00,0
2023-04-29 09:00:00,0
2023-04-29 10:00:00,0
2023-04-29 11:00:00,0
2023-04-29 12:00:00,0
2023-04-29 13:00:00,-0.0511
2023-04-29 14:00:00,-0.0112
2023-04-29 15:00:00,-0.0145
2023-04-29 16:00:00,0
2023-04-29 17:00:00,0
2023-04-29 18:00:00,0
2023-04-29 19:00:00,0
2023-04-29 20:00:00,0
2023-04-29 21:00:00,-0.0075
2023-04-29 22:00:00,-0.4749
2023-04-29 23:00:00,0
2023-04-30 00:00:00,0
2023-04-30 01:00:00,0
2023-04-30 02:00:00,0
2023-04-30 03:00:00,0
2023-04-30 04:00:00,0
2023-04-30 05:00:00,0
2023-04-30 06:00:00,0
2023-04-30 07:00:00,0
2023-04-30 08:00:00,0
2023-04-30 09:00:00,0
2023-04-30 10:00:00,0
2023-04-30 11:00:00,0
2023-04-30 12:00:00,0
2023-04-30 13:00:00,0
2023-04-30 14:00:00,0
2023-04-30 15:00:00,0
2023-04-30 16:00:00,0
2023-04-30 17:00:00,0
2023-04-30 18:00:00,0
2023-04-30 19:00:00,0
2023-04-30 20:00:00,0
2023-04-30 21:00:00,0
2023-04-30 22:00:00,0
2023-04-30 23:00:00,-0.0462
2023-05-01 00:00:00,0
2023-05-01 01:00:00,0
2023-05-01 02:00:00,0
2023-05-01 03:00:00,-0.0174
2023-05-01 04:00:00,0
2023-05-01 05:00:00,-0.0890
2023-05-01 06:00:00,-0.2820
2023-05-01 07:00:00,0
2023-05-01 08:00:00,0
2023-05-01 09:00:00,0
2023-05-01 10:00:00,0
2023-05-01 11:00:00,0
2023-05-01 12:00:00,0
2023-05-01 13:00:00,0
2023-05-01 14:00:00,0
2023-05-01 15:00:00,0
2023-05-01 16:00:00,0
2023-05-01 17:00:00,0
2023-05-01 18:00:00,0
2023-05-01 19:00:00,-0.4326
2023-05-01 20:00:00,0
2023-05-01 21:00:00,0
2023-05-01 22:00:00,-0.4249
2023-05-01 23:00:00,0
2023-05-02 00:00:00,0
2023-05-02 01:00:00,-0.2910
2023-05-02 02:00:00,0
2023-05-02 03:00:00,0
2023-05-02 04:00:00,0
2023-05-02 05:00:00,-0.2147
2023-05-02 06:00:00,-0.4749
2023-05-02 07:00:00,0
2023-05-02 08:00:00,0
2023-05-02 09:00:00,0
2023-05-02 10:00:00,0
2023-05-02 11:00:00,0
2023-05-02 12:00:00,0
2023-05-02 13:00:00,0
2023-05-02 14:00:00,0
2023-05-02 15:00:00,0
2023-05-02 16:00:00,0
2023-05-02 17:00:00,0
2023-05-02 18:00:00,0
2023-05-02 19:00:00,0
2023-05-02 20:00:00,0
2023-05-02 21:00:00,0
2023-05-02 22:00:00,0
2023-05-02 23:00:00,0
2023-05-03 00:00:00,0
2023-05-03 01:00:00,0
2023-05-03 02:00:00,0
2023-05-03 03:00:00,0
2023-05-03 04:00:00,0
2023-05-03 05:00:00,0
2023-05-03 06:00:00,0
2023-05-03 07:00:00,0
2023-05-03 08:00:00,0
2023-05-03 09:00:00,-0.1397
2023-05-03 10:00:00,0
2023-05-03 11:00:00,0
2023-05-03 12:00:00,-0.0024
2023-05-03 13:00:00,0
2023-05-03 14:00:00,0
2023-05-03 15:00:00,0
2023-05-03 16:00:00,0
2023-05-03 17:00:00,0
2023-05-03 18:00:00,0
2023-05-03 19:00:00,-0.5760
2023-05-03 20:00:00,0
2023-05-03 21:00:00,-0.2616
2023-05-03 22:00:00,0
2023-05-03 23:00:00,0
2023-05-04 00:00:00,0
2023-05-04 01:00:00,0
2023-05-04 02:00:00,0
2023-05-04 03:00:00,0
2023-05-04 04:00:00,0
2023-05-04 05:00:00,0
2023-05-04 06:00:00,0
2023-05-04 07:00:00,0
2023-05-04 08:00:00,0
2023-05-04 09:00:00,0
2023-05-04 10:00:00,0
2023-05-04 11:00:00,0
2023-05-04 12:00:00,0
2023-05-04 13:00:00,0
2023-05-04 14:00:00,0
2023-05-04 15:00:00,0
2023-05-04 16:00:00,-0.0937
2023-05-04 17:00:00,0
2023-05-04 18:00:00,0
2023-05-04 19:00:00,0
2023-05-04 20:00:00,-0.0324
2023-05-04 21:00:00,0
2023-05-04 22:00:00,0
2023-05-04 23:00:00,0
2023-05-05 00:00:00,-0.0569
2023-05-05 01:00:00,0
2023-05-05 02:00:00,0
2023-05-05 03:00:00,0
2023-05-05 04:00:00,0
2023-05-05 05:00:00,0
2023-05-05 06:00:00,0
2023-05-05 07:00:00,-0.3179
2023-05-05 08:00:00,0
2023-05-05 09:00:00,0
2023-05-05 10:00:00,0
2023-05-05 11:00:00,0
2023-05-05 12:00:00,0
2023-05-05 13:00:00,0
2023-05-05 14:00:00,0
2023-05-05 15:00:00,0
2023-05-05 16:00:00,0
2023-05-05 17:00:00,0
2023-05-05 18:00:00,0
2023-05-05 19:00:00,0
2023-05-05 20:00:00,0
2023-05-05 21:00:00,0
2023-05-05 22:00:00,0
2023-05-05 23:00:00,0
2023-05-06 00:00:00,0
2023-05-06 01:00:00,0
2023-05-06 02:00:00,0
2023-05-06 03:00:00,0
2023-05-06 04:00:00,0
2023-05-06 05:00:00,0
2023-05-06 06:00:00,0
2023-05-06 07:00:00,0
2023-05-06 08:00:00,0
2023-05-06 09:00:00,0
2023-05-06 10:00:00,0
2023-05-06 11:00:00,0
2023-05-06 12:00:00,0
2023-05-06 13:00:00,0
2023-05-06 14:00:00,0
2023-05-06 15:00:00,0
2023-05-06 16:00:00,0
2023-05-06 17:00:00,0
2023-05-06 18:00:00,0
2023-05-06 19:00:00,0
2023-05-06 20:00:00,0
2023-05-06 21:00:00,0
2023-05-06 22:00:00,0
2023-05-06 23:00:00,0
2023-05-07 00:00:00,0
2023-05-07 01:00:00,0
2023-05-07 02:00:00,0
2023-05-07 03:00:00,0
2023-05-07 04:00:00,0
2023-05-07 05:00:00,0
2023-05-07 06:00:00,0
2023-05-07 07:00:00,0
2023-05-07 08:00:00,0
2023-05-07 09:00:00,0
2023-05-07 10:00:00,0
2023-05-07 11:00:00,0
2023-05-07 12:00:00,0
2023-05-07 13:00:00,0
2023-05-07 14:00:00,0
2023-05-07 15:00:00,0
2023-05-07 16:00:00,-0.0912
2023-05-07 17:00:00,0
2023-05-07 18:00:00,0
2023-05-07 19:00:00,0
2023-05-07 20:00:00,0
2023-05-07 21:00:00,0
2023-05-07 22:00:00,0
2023-05-07 23:00:00,0
2023-05-08 00:00:00,0
2023-05-08 01:00:00,0
2023-05-08 02:00:00,0
2023-05-08 03:00:00,0
2023-05-08 04:00:00,0
2023-05-08 05:00:00,0
2023-05-08 06:00:00,0
2023-05-08 07:00:00,0
2023-05-08 08:00:00,0
2023-05-08 09:00:00,0
2023-05-08 10:00:00,0
2023-05-08 11:00:00,0
2023-05-08 12:00:00,0
2023-05-08 13:00:00,0
2023-05-08 14:00:00,0
2023-05-08 15:00:00,0
2023-05-08 16:00:00,0
2023-05-08 17:00:00,0
2023-05-08 18:00:00,-0.4990
2023-05-08 19:00:00,-0.3388
2023-05-08 20:00:00,-0.2790
2023-05-08 21:00:00,0
2023-05-08 22:00:00,0
2023-05-08 23:00:00,0
2023-05-09 00:00:00,0
2023-05-09 01:00:00,0
2023-05-09 02:00:00,0
2023-05-09 03:00:00,0
2023-05-09 04:00:00,0
2023-05-09 05:00:00,0
2023-05-09 06:00:00,0
2023-05-09 07:00:00,-0.1435
2023-05-09 08:00:00,0
2023-05-09 09:00:00,-0.0117
2023-05-09 10:00:00,-0.0118
2023-05-09 11:00:00,0
2023-05-09 12:00:00,0
2023-05-09 13:00:00,0
2023-05-09 14:00:00,-0.0042
2023-05-09 15:00:00,-0.4301
2023-05-09 16:00:00,-0.1531
2023-05-09 17:00:00,0
2023-05-09 18:00:00,-0.4749
2023-05-09 19:00:00,0
2023-05-09 20:00:00,-0.0958
2023-05-09 21:00:00,0
2023-05-09 22:00:00,0
2023-05-09 23:00:00,0
2023-05-10 00:00:00,0
2023-05-10 01:00:00,0
2023-05-10 02:00:00,0
2023-05-10 03:00:00,0
2023-05-10 04:00:00,0
2023-05-10 05:00:00,-0.0336
2023-05-10 06:00:00,0
2023-05-10 07:00:00,0
2023-05-10 08:00:00,0
2023-05-10 09:00:00,0
2023-05-10 10:00:00,0
2023-05-10 11:00:00,0
2023-05-10 12:00:00,0
2023-05-10 13:00:00,-0.0058
2023-05-10 14:00:00,0
2023-05-10 15:00:00,0
2023-05-10 16:00:00,0
2023-05-10 17:00:00,0
2023-05-10 18:00:00,0
2023-05-10 19:00:00,0
2023-05-10 20:00:00,0
2023-05-10 21:00:00,0
2023-05-10 22:00:00,0
2023-05-10 23:00:00,0
2023-05-11 00:00:00,0
2023-05-11 01:00:00,0
2023-05-11 02:00:00,0
2023-05-11 03:00:00,0
2023-05-11 04:00:00,0
2023-05-11 05:00:00,0
2023-05-11 06:00:00,0
2023-05-11 07:00:00,0
2023-05-11 08:00:00,0
2023-05-11 09:00:00,0
2023-05-11 10:00:00,0
2023-05-11 11:00:00,0
2023-05-11 12:00:00,0
2023-05-11 13:00:00,0
2023-05-11 14:00:00,0
2023-05-11 15:00:00,0
2023-05-11 16:00:00,0
2023-05-11 17:00:00,0
2023-05-11 18:00:00,-0.0688
2023-05-11 19:00:00,-1.3617
2023-05-11 20:00:00,-1.7320
2023-05-11 21:00:00,-0.5590
2023-05-11 22:00:00,-0.2010
2023-05-11 23:00:00,0
2023-05-12 00:00:00,0
2023-05-12 01:00:00,0
2023-05-12 02:00:00,0
2023-05-12 03:00:00,-0.0051
2023-05-12 04:00:00,0
2023-05-12 05:00:00,0
2023-05-12 06:00:00,-0.4269
2023-05-12 07:00:00,0
2023-05-12 08:00:00,0
2023-05-12 09:00:00,0
2023-05-12 10:00:00,0
2023-05-12 11:00:00,0
2023-05-12 12:00:00,0
2023-05-12 13:00:00,-0.0491
2023-05-12 14:00:00,0
2023-05-12 15:00:00,0
2023-05-12 16:00:00,0
2023-05-12 17:00:00,0
2023-05-12 18:00:00,0
2023-05-12 19:00:00,-0.0819
2023-05-12 20:00:00,-0.5052
2023-05-12 21:00:00,-0.0290
2023-05-12 22:00:00,0
2023-05-12 23:00:00,0
2023-05-13 00:00:00,0
2023-05-13 01:00:00,0
2023-05-13 02:00:00,0
2023-05-13 03:00:00,0
2023-05-13 04:00:00,0
2023-05-13 05:00:00,0
2023-05-13 06:00:00,0
2023-05-13 07:00:00,0
2023-05-13 08:00:00,0
2023-05-13 09:00:00,0
2023-05-13 10:00:00,0
2023-05-13 11:00:00,0
2023-05-13 12:00:00,0
2023-05-13 13:00:00,0
2023-05-13 14:00:00,0
2023-05-13 15:00:00,0
2023-05-13 16:00:00,0
2023-05-13 17:00:00,0
2023-05-13 18:00:00,0
2023-05-13 19:00:00,-0.0767
2023-05-13 20:00:00,-0.4062
2023-05-13 21:00:00,0
2023-05-13 22:00:00,0
2023-05-13 23:00:00,0
2023-05-14 00:00:00,0
2023-05-14 01:00:00,0
2023-05-14 02:00:00,0
2023-05-14 03:00:00,0
2023-05-14 04:00:00,0
2023-05-14 05:00:00,0
2023-05-14 06:00:00,0
2023-05-14 07:00:00,0
2023-05-14 08:00:00,0
2023-05-14 09:00:00,0
2023-05-14 10:00:00,0
2023-05-14 11:00:00,0
2023-05-14 12:00:00,0
2023-05-14 13:00:00,0
2023-05-14 14:00:00,0
2023-05-14 15:00:00,0
2023-05-14 16:00:00,0
2023-05-14 17:00:00,0
2023-05-14 18:00:00,-0.4059
2023-05-14 19:00:00,-0.5400
2023-05-14 20:00:00,-1.0761
2023-05-14 21:00:00,-0.9143
2023-05-14 22:00:00,-1.9050
2023-05-14 23:00:00,-0.7700
2023-05-15 00:00:00,0
2023-05-15 01:00:00,0
2023-05-15 02:00:00,0
2023-05-15 03:00:00,0
2023-05-15 04:00:00,0
2023-05-15 05:00:00,0
2023-05-15 06:00:00,0
2023-05-15 07:00:00,-0.4707
2023-05-15 08:00:00,0
2023-05-15 09:00:00,0
2023-05-15 10:00:00,0
2023-05-15 11:00:00,0
2023-05-15 12:00:00,0
2023-05-15 13:00:00,0
2023-05-15 14:00:00,0
2023-05-15 15:00:00,0
2023-05-15 16:00:00,-0.1944
2023-05-15 17:00:00,0
2023-05-15 18:00:00,0
2023-05-15 19:00:00,-0.1105
2023-05-15 20:00:00,0
2023-05-15 21:00:00,0
2023-05-15 22:00:00,-0.5259
2023-05-15 23:00:00,0
2023-05-16 00:00:00,0
2023-05-16 01:00:00,-0.2171
2023-05-16 02:00:00,0
2023-05-16 03:00:00,0
2023-05-16 04:00:00,0
2023-05-16 05:00:00,0
2023-05-16 06:00:00,0
2023-05-16 07:00:00,0
2023-05-16 08:00:00,0
2023-05-16 09:00:00,0
2023-05-16 10:00:00,0
2023-05-16 11:00:00,0
2023-05-16 12:00:00,0
2023-05-16 13:00:00,0
2023-05-16 14:00:00,0
2023-05-16 15:00:00,0
2023-05-16 16:00:00,-0.8033
2023-05-16 17:00:00,0
2023-05-16 18:00:00,-0.0835
2023-05-16 19:00:00,0
2023-05-16 20:00:00,0
2023-05-16 21:00:00,-0.0790
2023-05-16 22:00:00,0
2023-05-16 23:00:00,0
2023-05-17 00:00:00,-0.0150
2023-05-17 01:00:00,0
2023-05-17 02:00:00,0
2023-05-17 03:00:00,0
2023-05-17 04:00:00,0
2023-05-17 05:00:00,-0.1120
2023-05-17 06:00:00,-0.4056
2023-05-17 07:00:00,0
2023-05-17 08:00:00,0
2023-05-17 09:00:00,0
2023-05-17 10:00:00,-0.0324
2023-05-17 11:00:00,0
2023-05-17 12:00:00,0
2023-05-17 13:00:00,0
2023-05-17 14:00:00,-0.9459
2023-05-17 15:00:00,-0.4749
2023-05-17 16:00:00,-0.4776
2023-05-17 17:00:00,0
2023-05-17 18:00:00,0
2023-05-17 19:00:00,-0.0883
2023-05-17 20:00:00,-1.1373
2023-05-17 21:00:00,0
2023-05-17 22:00:00,0
2023-05-17 23:00:00,0
2023-05-18 00:00:00,0
2023-05-18 01:00:00,0
2023-05-18 02:00:00,0
2023-05-18 03:00:00,0
2023-05-18 04:00:00,0
2023-05-18 05:00:00,0
2023-05-18 06:00:00,0
2023-05-18 07:00:00,0
2023-05-18 08:00:00,0
2023-05-18 09:00:00,0
2023-05-18 10:00:00,0
2023-05-18 11:00:00,0
2023-05-18 12:00:00,0
2023-05-18 13:00:00,0
2023-05-18 14:00:00,0
2023-05-18 15:00:00,0
2023-05-18 16:00:00,-0.3193
2023-05-18 17:00:00,0
2023-05-18 18:00:00,0
2023-05-18 19:00:00,0
2023-05-18 20:00:00,-0.0839
2023-05-18 21:00:00,0
2023-05-18 22:00:00,-0.9552
2023-05-18 23:00:00,0
2023-05-19 00:00:00,0
2023-05-19 01:00:00,0
2023-05-19 02:00:00,0
2023-05-19 03:00:00,0
2023-05-19 04:00:00,0
2023-05-19 05:00:00,0
2023-05-19 06:00:00,0
2023-05-19 07:00:00,0
2023-05-19 08:00:00,0
2023-05-19 09:00:00,0
2023-05-19 10:00:00,0
2023-05-19 11:00:00,0
2023-05-19 12:00:00,0
2023-05-19 13:00:00,0
2023-05-19 14:00:00,0
2023-05-19 15:00:00,0
2023-05-19 16:00:00,0
2023-05-19 17:00:00,0
2023-05-19 18:00:00,0
2023-05-19 19:00:00,0
2023-05-19 20:00:00,0
2023-05-19 21:00:00,0
2023-05-19 22:00:00,0
2023-05-19 23:00:00,0
2023-05-20 00:00:00,0
2023-05-20 01:00:00,0
2023-05-20 02:00:00,0
2023-05-20 03:00:00,0
2023-05-20 04:00:00,0
2023-05-20 05:00:00,0
2023-05-20 06:00:00,0
2023-05-20 07:00:00,0
2023-05-20 08:00:00,0
2023-05-20 09:00:00,0
2023-05-20 10:00:00,0
2023-05-20 11:00:00,0
2023-05-20 12:00:00,0
2023-05-20 13:00:00,0
2023-05-20 14:00:00,0
2023-05-20 15:00:00,0
2023-05-20 16:00:00,0
2023-05-20 17:00:00,0
2023-05-20 18:00:00,0
2023-05-20 19:00:00,0
2023-05-20 20:00:00,0
2023-05-20 21:00:00,0
2023-05-20 22:00:00,0
2023-05-20 23:00:00,0
2023-05-21 00:00:00,0
2023-05-21 01:00:00,0
2023-05-21 02:00:00,0
2023-05-21 03:00:00,0
2023-05-21 04:00:00,0
2023-05-21 05:00:00,0
2023-05-21 06:00:00,0
2023-05-21 07:00:00,0
2023-05-21 08:00:00,0
2023-05-21 09:00:00,0
2023-05-21 10:00:00,0
2023-05-21 11:00:00,0
2023-05-21 12:00:00,0
2023-05-21 13:00:00,0
2023-05-21 14:00:00,0
2023-05-21 15:00:00,0
2023-05-21 16:00:00,0
2023-05-21 17:00:00,0
2023-05-21 18:00:00,0
2023-05-21 19:00:00,0
2023-05-21 20:00:00,0
2023-05-21 21:00:00,0
2023-05-21 22:00:00,0
2023-05-21 23:00:00,0
2023-05-22 00:00:00,0
2023-05-22 01:00:00,0
2023-05-22 02:00:00,0
2023-05-22 03:00:00,0
2023-05-22 04:00:00,0
2023-05-22 05:00:00,0
2023-05-22 06:00:00,0
2023-05-22 07:00:00,0
2023-05-22 08:00:00,0
2023-05-22 09:00:00,0
2023-05-22 10:00:00,0
2023-05-22 11:00:00,0
2023-05-22 12:00:00,0
2023-05-22 13:00:00,0
2023-05-22 14:00:00,0
2023-05-22 15:00:00,0
2023-05-22 16:00:00,0
2023-05-22 17:00:00,0
2023-05-22 18:00:00,0
2023-05-22 19:00:00,0
2023-05-22 20:00:00,0
2023-05-22 21:00:00,0
2023-05-22 22:00:00,0
2023-05-22 23:00:00,0
2023-05-23 00:00:00,0
2023-05-23 01:00:00,0
2023-05-23 02:00:00,0
2023-05-23 03:00:00,0
2023-05-23 04:00:00,0
2023-05-23 05:00:00,0
2023-05-23 06:00:00,0
2023-05-23 07:00:00,0
2023-05-23 08:00:00,0
2023-05-23 09:00:00,0
2023-05-23 10:00:00,0
2023-05-23 11:00:00,0
2023-05-23 12:00:00,0
2023-05-23 13:00:00,0
2023-05-23 14:00:00,0
2023-05-23 15:00:00,0
2023-05-23 16:00:00,0
2023-05-23 17:00:00,0
2023-05-23 18:00:00,0
2023-05-23 19:00:00,0
2023-05-23 20:00:00,0
2023-05-23 21:00:00,0
2023-05-23 22:00:00,0
2023-05-23 23:00:00,0
2023-05-24 00:00:00,0
2023-05-24 01:00:00,0
2023-05-24 02:00:00,0
2023-05-24 03:00:00,0
2023-05-24 04:00:00,0
2023-05-24 05:00:00,0
2023-05-24 06:00:00,0
2023-05-24 07:00:00,-0.2001
2023-05-24 08:00:00,0
2023-05-24 09:00:00,0
2023-05-24 10:00:00,0
2023-05-24 11:00:00,0
2023-05-24 12:00:00,0
2023-05-24 13:00:00,0
2023-05-24 14:00:00,0
2023-05-24 15:00:00,0
2023-05-24 16:00:00,0
2023-05-24 17:00:00,0
2023-05-24 18:00:00,0
2023-05-24 19:00:00,-0.4071
2023-05-24 20:00:00,-1.3479
2023-05-24 21:00:00,-1.2094
2023-05-24 22:00:00,-1.4034
2023-05-24 23:00:00,0
2023-05-25 00:00:00,0
2023-05-25 01:00:00,0
2023-05-25 02:00:00,0
2023-05-25 03:00:00,0
2023-05-25 04:00:00,0
2023-05-25 05:00:00,0
2023-05-25 06:00:00,0
2023-05-25 07:00:00,0
2023-05-25 08:00:00,0
2023-05-25 09:00:00,0
2023-05-25 10:00:00,0
2023-05-25 11:00:00,0
2023-05-25 12:00:00,0
2023-05-25 13:00:00,0
2023-05-25 14:00:00,0
2023-05-25 15:00:00,0
2023-05-25 16:00:00,0
2023-05-25 17:00:00,0
2023-05-25 18:00:00,0
2023-05-25 19:00:00,0
2023-05-25 20:00:00,0
2023-05-25 21:00:00,0
2023-05-25 22:00:00,0
2023-05-25 23:00:00,0
2023-05-26 00:00:00,0
2023-05-26 01:00:00,0
2023-05-26 02:00:00,0
2023-05-26 03:00:00,0
2023-05-26 04:00:00,0
2023-05-26 05:00:00,0
2023-05-26 06:00:00,0
2023-05-26 07:00:00,0
2023-05-26 08:00:00,0
2023-05-26 09:00:00,0
2023-05-26 10:00:00,0
2023-05-26 11:00:00,0
2023-05-26 12:00:00,0
2023-05-26 13:00:00,0
2023-05-26 14:00:00,0
2023-05-26 15:00:00,0
2023-05-26 16:00:00,0
2023-05-26 17:00:00,0
2023-05-26 18:00:00,0
2023-05-26 19:00:00,0
2023-05-26 20:00:00,0
2023-05-26 21:00:00,0
2023-05-26 22:00:00,0
2023-05-26 23:00:00,0
2023-05-27 00:00:00,0
2023-05-27 01:00:00,0
2023-05-27 02:00:00,0
2023-05-27 03:00:00,0
2023-05-27 04:00:00,0
2023-05-27 05:00:00,0
2023-05-27 06:00:00,0
2023-05-27 07:00:00,0
2023-05-27 08:00:00,0
2023-05-27 09:00:00,0
2023-05-27 10:00:00,0
2023-05-27 11:00:00,0
2023-05-27 12:00:00,0
2023-05-27 13:00:00,0
2023-05-27 14:00:00,0
2023-05-27 15:00:00,0
2023-05-27 16:00:00,0
2023-05-27 17:00:00,0
2023-05-27 18:00:00,0
2023-05-27 19:00:00,0
2023-05-27 20:00:00,0
2023-05-27 21:00:00,0
2023-05-27 22:00:00,0
2023-05-27 23:00:00,0
2023-05-28 00:00:00,0
2023-05-28 01:00:00,0
2023-05-28 02:00:00,0
2023-05-28 03:00:00,0
2023-05-28 04:00:00,0
2023-05-28 05:00:00,0
2023-05-28 06:00:00,0
2023-05-28 07:00:00,0
2023-05-28 08:00:00,0
2023-05-28 09:00:00,0
2023-05-28 10:00:00,0
2023-05-28 11:00:00,0
2023-05-28 12:00:00,0
2023-05-28 13:00:00,0
2023-05-28 14:00:00,0
2023-05-28 15:00:00,0
2023-05-28 16:00:00,0
2023-05-28 17:00:00,0
2023-05-28 18:00:00,0
2023-05-28 19:00:00,0
2023-05-28 20:00:00,0
2023-05-28 21:00:00,0
2023-05-28 22:00:00,0
2023-05-28 23:00:00,0
2023-05-29 00:00:00,0
2023-05-29 01:00:00,0
2023-05-29 02:00:00,0
2023-05-29 03:00:00,0
2023-05-29 04:00:00,0
2023-05-29 05:00:00,0
2023-05-29 06:00:00,0
2023-05-29 07:00:00,0
2023-05-29 08:00:00,0
2023-05-29 09:00:00,0
2023-05-29 10:00:00,0
2023-05-29 11:00:00,0
2023-05-29 12:00:00,0
2023-05-29 13:00:00,0
2023-05-29 14:00:00,0
2023-05-29 15:00:00,0
2023-05-29 16:00:00,0
2023-05-29 17:00:00,0
2023-05-29 18:00:00,0
2023-05-29 19:00:00,0
2023-05-29 20:00:00,0
2023-05-29 21:00:00,0
2023-05-29 22:00:00,0
2023-05-29 23:00:00,0
2023-05-30 00:00:00,0
2023-05-30 01:00:00,0
2023-05-30 02:00:00,0
2023-05-30 03:00:00,0
2023-05-30 04:00:00,0
2023-05-30 05:00:00,0
2023-05-30 06:00:00,0
2023-05-30 07:00:00,0
2023-05-30 08:00:00,0
2023-05-30 09:00:00,0
2023-05-30 10:00:00,0
2023-05-30 11:00:00,0
2023-05-30 12:00:00,0
2023-05-30 13:00:00,0
2023-05-30 14:00:00,0
2023-05-30 15:00:00,0
2023-05-30 16:00:00,0
2023-05-30 17:00:00,0
2023-05-30 18:00:00,0
2023-05-30 19:00:00,0
2023-05-30 20:00:00,0
2023-05-30 21:00:00,0
2023-05-30 22:00:00,0
2023-05-30 23:00:00,0
2023-05-31 00:00:00,0
2023-05-31 01:00:00,0
2023-05-31 02:00:00,0
2023-05-31 03:00:00,0
2023-05-31 04:00:00,0
2023-05-31 05:00:00,0
2023-05-31 06:00:00,0
2023-05-31 07:00:00,0
2023-05-31 08:00:00,0
2023-05-31 09:00:00,0
2023-05-31 10:00:00,0
2023-05-31 11:00:00,0
2023-05-31 12:00:00,0
2023-05-31 13:00:00,0
2023-05-31 14:00:00,0
2023-05-31 15:00:00,0
2023-05-31 16:00:00,0
2023-05-31 17:00:00,0
2023-05-31 18:00:00,0
2023-05-31 19:00:00,0
2023-05-31 20:00:00,0
2023-05-31 21:00:00,0
2023-05-31 22:00:00,0
2023-05-31 23:00:00,0
2023-06-01 00:00:00,0
2023-06-01 01:00:00,0
2023-06-01 02:00:00,0
2023-06-01 03:00:00,0
2023-06-01 04:00:00,0
2023-06-01 05:00:00,0
2023-06-01 06:00:00,0
2023-06-01 07:00:00,0
2023-06-01 08:00:00,0
2023-06-01 09:00:00,0
2023-06-01 10:00:00,0
2023-06-01 11:00:00,0
2023-06-01 12:00:00,0
2023-06-01 13:00:00,0
2023-06-01 14:00:00,0
2023-06-01 15:00:00,0
2023-06-01 16:00:00,0
2023-06-01 17:00:00,0
2023-06-01 18:00:00,0
2023-06-01 19:00:00,0
2023-06-01 20:00:00,0
2023-06-01 21:00:00,0
2023-06-01 22:00:00,0
2023-06-01 23:00:00,0
2023-06-02 00:00:00,0
2023-06-02 01:00:00,0
2023-06-02 02:00:00,0
2023-06-02 03:00:00,0
2023-06-02 04:00:00,0
2023-06-02 05:00:00,0
2023-06-02 06:00:00,0
2023-06-02 07:00:00,0
2023-06-02 08:00:00,0
2023-06-02 09:00:00,0
2023-06-02 10:00:00,0
2023-06-02 11:00:00,0
2023-06-02 12:00:00,0
2023-06-02 13:00:00,0
2023-06-02 14:00:00,0
2023-06-02 15:00:00,0
2023-06-02 16:00:00,0
2023-06-02 17:00:00,0
2023-06-02 18:00:00,0
2023-06-02 19:00:00,0
2023-06-02 20:00:00,0
2023-06-02 21:00:00,0
2023-06-02 22:00:00,0
2023-06-02 23:00:00,0
2023-06-03 00:00:00,0
2023-06-03 01:00:00,0
2023-06-03 02:00:00,0
2023-06-03 03:00:00,0
2023-06-03 04:00:00,0
2023-06-03 05:00:00,0
2023-06-03 06:00:00,0
2023-06-03 07:00:00,0
2023-06-03 08:00:00,0
2023-06-03 09:00:00,0
2023-06-03 10:00:00,0
2023-06-03 11:00:00,0
2023-06-03 12:00:00,0
2023-06-03 13:00:00,0
2023-06-03 14:00:00,0
2023-06-03 15:00:00,0
2023-06-03 16:00:00,0
2023-06-03 17:00:00,0
2023-06-03 18:00:00,0
2023-06-03 19:00:00,0
2023-06-03 20:00:00,0
2023-06-03 21:00:00,0
2023-06-03 22:00:00,0
2023-06-03 23:00:00,0
2023-06-04 00:00:00,0
2023-06-04 01:00:00,0
2023-06-04 02:00:00,0
2023-06-04 03:00:00,0
2023-06-04 04:00:00,0
2023-06-04 05:00:00,0
2023-06-04 06:00:00,0
2023-06-04 07:00:00,0
2023-06-04 08:00:00,0
2023-06-04 09:00:00,0
2023-06-04 10:00:00,0
2023-06-04 11:00:00,0
2023-06-04 12:00:00,0
2023-06-04 13:00:00,0
2023-06-04 14:00:00,0
2023-06-04 15:00:00,0
2023-06-04 16:00:00,0
2023-06-04 17:00:00,0
2023-06-04 18:00:00,0
2023-06-04 19:00:00,0
2023-06-04 20:00:00,0
2023-06-04 21:00:00,0
2023-06-04 22:00:00,0
2023-06-04 23:00:00,0
2023-06-05 00:00:00,0
2023-06-05 01:00:00,0
2023-06-05 02:00:00,0
2023-06-05 03:00:00,0
2023-06-05 04:00:00,0
2023-06-05 05:00:00,0
2023-06-05 06:00:00,0
2023-06-05 07:00:00,0
2023-06-05 08:00:00,0
2023-06-05 09:00:00,0
2023-06-05 10:00:00,0
2023-06-05 11:00:00,0
2023-06-05 12:00:00,0
2023-06-05 13:00:00,0
2023-06-05 14:00:00,0
2023-06-05 15:00:00,0
2023-06-05 16:00:00,0
2023-06-05 17:00:00,0
2023-06-05 18:00:00,0
2023-06-05 19:00:00,0
2023-06-05 20:00:00,0
2023-06-05 21:00:00,0
2023-06-05 22:00:00,0
2023-06-05 23:00:00,0
2023-06-06 00:00:00,0
2023-06-06 01:00:00,0
2023-06-06 02:00:00,0
2023-06-06 03:00:00,0
2023-06-06 04:00:00,0
2023-06-06 05:00:00,0
2023-06-06 06:00:00,0
2023-06-06 07:00:00,0
2023-06-06 08:00:00,0
2023-06-06 09:00:00,0
2023-06-06 10:00:00,0
2023-06-06 11:00:00,0
2023-06-06 12:00:00,0
2023-06-06 13:00:00,0
2023-06-06 14:00:00,0
2023-06-06 15:00:00,0
2023-06-06 16:00:00,0
2023-06-06 17:00:00,0
2023-06-06 18:00:00,0
2023-06-06 19:00:00,0
2023-06-06 20:00:00,0
2023-06-06 21:00:00,0
2023-06-06 22:00:00,0
2023-06-06 23:00:00,0
2023-06-07 00:00:00,0
2023-06-07 01:00:00,0
2023-06-07 02:00:00,0
2023-06-07 03:00:00,0
2023-06-07 04:00:00,0
2023-06-07 05:00:00,0
2023-06-07 06:00:00,0
2023-06-07 07:00:00,0
2023-06-07 08:00:00,0
2023-06-07 09:00:00,0
2023-06-07 10:00:00,0
2023-06-07 11:00:00,0
2023-06-07 12:00:00,0
2023-06-07 13:00:00,0
2023-06-07 14:00:00,0
2023-06-07 15:00:00,0
2023-06-07 16:00:00,0
2023-06-07 17:00:00,0
2023-06-07 18:00:00,0
2023-06-07 19:00:00,0
2023-06-07 20:00:00,0
2023-06-07 21:00:00,0
2023-06-07 22:00:00,0
2023-06-07 23:00:00,0
2023-06-08 00:00:00,0
2023-06-08 01:00:00,0
2023-06-08 02:00:00,0
2023-06-08 03:00:00,0
2023-06-08 04:00:00,0
2023-06-08 05:00:00,0
2023-06-08 06:00:00,0
2023-06-08 07:00:00,0
2023-06-08 08:00:00,0
2023-06-08 09:00:00,0
2023-06-08 10:00:00,0
2023-06-08 11:00:00,0
2023-06-08 12:00:00,0
2023-06-08 13:00:00,0
2023-06-08 14:00:00,0
2023-06-08 15:00:00,0
2023-06-08 16:00:00,0
2023-06-08 17:00:00,0
2023-06-08 18:00:00,0
2023-06-08 19:00:00,0
2023-06-08 20:00:00,0
2023-06-08 21:00:00,0
2023-06-08 22:00:00,0
2023-06-08 23:00:00,0
2023-06-09 00:00:00,0
2023-06-09 01:00:00,0
2023-06-09 02:00:00,0
2023-06-09 03:00:00,0
2023-06-09 04:00:00,0
2023-06-09 05:00:00,0
2023-06-09 06:00:00,0
2023-06-09 07:00:00,0
2023-06-09 08:00:00,0
2023-06-09 09:00:00,0
2023-06-09 10:00:00,0
2023-06-09 11:00:00,0
2023-06-09 12:00:00,0
2023-06-09 13:00:00,0
2023-06-09 14:00:00,0
2023-06-09 15:00:00,0
2023-06-09 16:00:00,0
2023-06-09 17:00:00,0
2023-06-09 18:00:00,0
2023-06-09 19:00:00,0
2023-06-09 20:00:00,0
2023-06-09 21:00:00,0
2023-06-09 22:00:00,0
2023-06-09 23:00:00,0
2023-06-10 00:00:00,0
2023-06-10 01:00:00,0
2023-06-10 02:00:00,0
2023-06-10 03:00:00,0
2023-06-10 04:00:00,0
2023-06-10 05:00:00,0
2023-06-10 06:00:00,0
2023-06-10 07:00:00,0
2023-06-10 08:00:00,0
2023-06-10 09:00:00,0
2023-06-10 10:00:00,0
2023-06-10 11:00:00,0
2023-06-10 12:00:00,0
2023-06-10 13:00:00,0
2023-06-10 14:00:00,0
2023-06-10 15:00:00,0
2023-06-10 16:00:00,0
2023-06-10 17:00:00,0
2023-06-10 18:00:00,0
2023-06-10 19:00:00,0
2023-06-10 20:00:00,0
2023-06-10 21:00:00,0
2023-06-10 22:00:00,0
2023-06-10 23:00:00,0
2023-06-11 00:00:00,0
2023-06-11 01:00:00,0
2023-06-11 02:00:00,0
2023-06-11 03:00:00,0
2023-06-11 04:00:00,0
2023-06-11 05:00:00,0
2023-06-11 06:00:00,0
2023-06-11 07:00:00,0
2023-06-11 08:00:00,0
2023-06-11 09:00:00,0
2023-06-11 10:00:00,0
2023-06-11 11:00:00,0
2023-06-11 12:00:00,0
2023-06-11 13:00:00,0
2023-06-11 14:00:00,0
2023-06-11 15:00:00,0
2023-06-11 16:00:00,0
2023-06-11 17:00:00,0
2023-06-11 18:00:00,0
2023-06-11 19:00:00,0
2023-06-11 20:00:00,0
2023-06-11 21:00:00,0
2023-06-11 22:00:00,0
2023-06-11 23:00:00,0
2023-06-12 00:00:00,0
2023-06-12 01:00:00,0
2023-06-12 02:00:00,0
2023-06-12 03:00:00,0
2023-06-12 04:00:00,0
2023-06-12 05:00:00,0
2023-06-12 06:00:00,0
2023-06-12 07:00:00,0
2023-06-12 08:00:00,0
2023-06-12 09:00:00,0
2023-06-12 10:00:00,0
2023-06-12 11:00:00,0
2023-06-12 12:00:00,0
2023-06-12 13:00:00,0
2023-06-12 14:00:00,0
2023-06-12 15:00:00,0
2023-06-12 16:00:00,0
2023-06-12 17:00:00,0
2023-06-12 18:00:00,0
2023-06-12 19:00:00,0
2023-06-12 20:00:00,0
2023-06-12 21:00:00,0
2023-06-12 22:00:00,0
2023-06-12 23:00:00,0
2023-06-13 00:00:00,0
2023-06-13 01:00:00,0
2023-06-13 02:00:00,0
2023-06-13 03:00:00,0
2023-06-13 04:00:00,0
2023-06-13 05:00:00,0
2023-06-13 06:00:00,0
2023-06-13 07:00:00,0
2023-06-13 08:00:00,0
2023-06-13 09:00:00,0
2023-06-13 10:00:00,0
2023-06-13 11:00:00,0
2023-06-13 12:00:00,0
2023-06-13 13:00:00,0
2023-06-13 14:00:00,0
2023-06-13 15:00:00,0
2023-06-13 16:00:00,0
2023-06-13 17:00:00,0
2023-06-13 18:00:00,0
2023-06-13 19:00:00,-0.4749
2023-06-13 20:00:00,0
2023-06-13 21:00:00,-0.4749
2023-06-13 22:00:00,0
2023-06-13 23:00:00,0
2023-06-14 00:00:00,0
2023-06-14 01:00:00,0
2023-06-14 02:00:00,0
2023-06-14 03:00:00,0
2023-06-14 04:00:00,0
2023-06-14 05:00:00,0
2023-06-14 06:00:00,0
2023-06-14 07:00:00,0
2023-06-14 08:00:00,0
2023-06-14 09:00:00,0
2023-06-14 10:00:00,0
2023-06-14 11:00:00,0
2023-06-14 12:00:00,0
2023-06-14 13:00:00,0
2023-06-14 14:00:00,0
2023-06-14 15:00:00,0
2023-06-14 16:00:00,0
2023-06-14 17:00:00,0
2023-06-14 18:00:00,0
2023-06-14 19:00:00,-0.5496
2023-06-14 20:00:00,-0.0657
2023-06-14 21:00:00,-0.3268
2023-06-14 22:00:00,-0.4749
2023-06-14 23:00:00,0
2023-06-15 00:00:00,0
2023-06-15 01:00:00,0
2023-06-15 02:00:00,0
2023-06-15 03:00:00,0
2023-06-15 04:00:00,0
2023-06-15 05:00:00,0
2023-06-15 06:00:00,0
2023-06-15 07:00:00,0
2023-06-15 08:00:00,0
2023-06-15 09:00:00,0
2023-06-15 10:00:00,0
2023-06-15 11:00:00,0
2023-06-15 12:00:00,0
2023-06-15 13:00:00,0
2023-06-15 14:00:00,0
2023-06-15 15:00:00,0
2023-06-15 16:00:00,0
2023-06-15 17:00:00,0
2023-06-15 18:00:00,0
2023-06-15 19:00:00,0
2023-06-15 20:00:00,-0.0765
2023-06-15 21:00:00,0
2023-06-15 22:00:00,-0.1517
2023-06-15 23:00:00,0
2023-06-16 00:00:00,0
2023-06-16 01:00:00,0
2023-06-16 02:00:00,0
2023-06-16 03:00:00,0
2023-06-16 04:00:00,0
2023-06-16 05:00:00,-0.7503
2023-06-16 06:00:00,-0.2500
2023-06-16 07:00:00,0
2023-06-16 08:00:00,0
2023-06-16 09:00:00,0
2023-06-16 10:00:00,0
2023-06-16 11:00:00,0
2023-06-16 12:00:00,0
2023-06-16 13:00:00,0
2023-06-16 14:00:00,0
2023-06-16 15:00:00,-0.2499
2023-06-16 16:00:00,0
2023-06-16 17:00:00,-0.2075
2023-06-16 18:00:00,0
2023-06-16 19:00:00,-1.4193
2023-06-16 20:00:00,-0.7801
2023-06-16 21:00:00,-0.2550
2023-06-16 22:00:00,-0.7047
2023-06-16 23:00:00,0
2023-06-17 00:00:00,0
2023-06-17 01:00:00,0
2023-06-17 02:00:00,0
2023-06-17 03:00:00,0
2023-06-17 04:00:00,0
2023-06-17 05:00:00,-0.2370
2023-06-17 06:00:00,-0.1550
2023-06-17 07:00:00,0
2023-06-17 08:00:00,0
2023-06-17 09:00:00,0
2023-06-17 10:00:00,0
2023-06-17 11:00:00,0
2023-06-17 12:00:00,0
2023-06-17 13:00:00,0
2023-06-17 14:00:00,0
2023-06-17 15:00:00,0
2023-06-17 16:00:00,0
2023-06-17 17:00:00,0
2023-06-17 18:00:00,0
2023-06-17 19:00:00,0
2023-06-17 20:00:00,-0.6494
2023-06-17 21:00:00,0
2023-06-17 22:00:00,0
2023-06-17 23:00:00,0
2023-06-18 00:00:00,0
2023-06-18 01:00:00,0
2023-06-18 02:00:00,0
2023-06-18 03:00:00,-0.3249
2023-06-18 04:00:00,0
2023-06-18 05:00:00,0
2023-06-18 06:00:00,-0.4776
2023-06-18 07:00:00,0
2023-06-18 08:00:00,0
2023-06-18 09:00:00,0
2023-06-18 10:00:00,0
2023-06-18 11:00:00,0
2023-06-18 12:00:00,0
2023-06-18 13:00:00,0
2023-06-18 14:00:00,0
2023-06-18 15:00:00,0
2023-06-18 16:00:00,0
2023-06-18 17:00:00,0
2023-06-18 18:00:00,0
2023-06-18 19:00:00,0
2023-06-18 20:00:00,-0.0850
2023-06-18 21:00:00,-0.4609
2023-06-18 22:00:00,0
2023-06-18 23:00:00,0
2023-06-19 00:00:00,0
2023-06-19 01:00:00,0
2023-06-19 02:00:00,0
2023-06-19 03:00:00,0
2023-06-19 04:00:00,0
2023-06-19 05:00:00,0
2023-06-19 06:00:00,0
2023-06-19 07:00:00,0
2023-06-19 08:00:00,0
2023-06-19 09:00:00,0
2023-06-19 10:00:00,0
2023-06-19 11:00:00,0
2023-06-19 12:00:00,0
2023-06-19 13:00:00,0
2023-06-19 14:00:00,0
2023-06-19 15:00:00,0
2023-06-19 16:00:00,0
2023-06-19 17:00:00,0
2023-06-19 18:00:00,0
2023-06-19 19:00:00,0
2023-06-19 20:00:00,-0.1055
2023-06-19 21:00:00,-0.3676
2023-06-19 22:00:00,-0.2287
2023-06-19 23:00:00,0
2023-06-20 00:00:00,0
2023-06-20 01:00:00,0
2023-06-20 02:00:00,0
2023-06-20 03:00:00,0
2023-06-20 04:00:00,0
2023-06-20 05:00:00,0
2023-06-20 06:00:00,0
2023-06-20 07:00:00,0
2023-06-20 08:00:00,0
2023-06-20 09:00:00,0
2023-06-20 10:00:00,0
2023-06-20 11:00:00,-0.0544
2023-06-20 12:00:00,0
2023-06-20 13:00:00,-0.0100
2023-06-20 14:00:00,0
2023-06-20 15:00:00,0
2023-06-20 16:00:00,0
2023-06-20 17:00:00,-0.3999
2023-06-20 18:00:00,0
2023-06-20 19:00:00,-0.0744
2023-06-20 20:00:00,-0.3990
2023-06-20 21:00:00,0
2023-06-20 22:00:00,0
2023-06-20 23:00:00,0
2023-06-21 00:00:00,-0.2001
2023-06-21 01:00:00,-0.2124
2023-06-21 02:00:00,0
2023-06-21 03:00:00,0
2023-06-21 04:00:00,0
2023-06-21 05:00:00,0
2023-06-21 06:00:00,-0.0971
2023-06-21 07:00:00,0
2023-06-21 08:00:00,0
2023-06-21 09:00:00,0
2023-06-21 10:00:00,0
2023-06-21 11:00:00,0
2023-06-21 12:00:00,0
2023-06-21 13:00:00,0
2023-06-21 14:00:00,0
2023-06-21 15:00:00,0
2023-06-21 16:00:00,-0.3248
2023-06-21 17:00:00,-0.3999
2023-06-21 18:00:00,0
2023-06-21 19:00:00,0
2023-06-21 20:00:00,-0.0845
2023-06-21 21:00:00,-0.3900
2023-06-21 22:00:00,0
2023-06-21 23:00:00,0
2023-06-22 00:00:00,0
2023-06-22 01:00:00,0
2023-06-22 02:00:00,0
2023-06-22 03:00:00,0
2023-06-22 04:00:00,0
2023-06-22 05:00:00,0
2023-06-22 06:00:00,0
2023-06-22 07:00:00,0
2023-06-22 08:00:00,0
2023-06-22 09:00:00,0
2023-06-22 10:00:00,0
2023-06-22 11:00:00,0
2023-06-22 12:00:00,0
2023-06-22 13:00:00,0
2023-06-22 14:00:00,0
2023-06-22 15:00:00,-0.2499
2023-06-22 16:00:00,-0.3999
2023-06-22 17:00:00,-0.2062
2023-06-22 18:00:00,0
2023-06-22 19:00:00,0
2023-06-22 20:00:00,-0.4587
2023-06-22 21:00:00,0
2023-06-22 22:00:00,0
2023-06-22 23:00:00,0
2023-06-23 00:00:00,0
2023-06-23 01:00:00,0
2023-06-23 02:00:00,0
2023-06-23 03:00:00,0
2023-06-23 04:00:00,0
2023-06-23 05:00:00,-0.0853
2023-06-23 06:00:00,-0.1350
2023-06-23 07:00:00,0
2023-06-23 08:00:00,0
2023-06-23 09:00:00,0
2023-06-23 10:00:00,0
2023-06-23 11:00:00,0
2023-06-23 12:00:00,0
2023-06-23 13:00:00,0
2023-06-23 14:00:00,0
2023-06-23 15:00:00,0
2023-06-23 16:00:00,0
2023-06-23 17:00:00,0
2023-06-23 18:00:00,0
2023-06-23 19:00:00,0
2023-06-23 20:00:00,-0.0833
2023-06-23 21:00:00,-0.3310
2023-06-23 22:00:00,0
2023-06-23 23:00:00,0
2023-06-24 00:00:00,0
2023-06-24 01:00:00,-0.2534
2023-06-24 02:00:00,0
2023-06-24 03:00:00,0
2023-06-24 04:00:00,0
2023-06-24 05:00:00,0
2023-06-24 06:00:00,-0.1727
2023-06-24 07:00:00,0
2023-06-24 08:00:00,0
2023-06-24 09:00:00,0
2023-06-24 10:00:00,0
2023-06-24 11:00:00,0
2023-06-24 12:00:00,0
2023-06-24 13:00:00,0
2023-06-24 14:00:00,0
2023-06-24 15:00:00,0
2023-06-24 16:00:00,0
2023-06-24 17:00:00,0
2023-06-24 18:00:00,0
2023-06-24 19:00:00,0
2023-06-24 20:00:00,-0.0864
2023-06-24 21:00:00,-0.4499
2023-06-24 22:00:00,0
2023-06-24 23:00:00,0
2023-06-25 00:00:00,0
2023-06-25 01:00:00,0
2023-06-25 02:00:00,0
2023-06-25 03:00:00,0
2023-06-25 04:00:00,0
2023-06-25 05:00:00,0
2023-06-25 06:00:00,0
2023-06-25 07:00:00,0
2023-06-25 08:00:00,0
2023-06-25 09:00:00,0
2023-06-25 10:00:00,0
2023-06-25 11:00:00,0
2023-06-25 12:00:00,0
2023-06-25 13:00:00,0
2023-06-25 14:00:00,0
2023-06-25 15:00:00,0
2023-06-25 16:00:00,0
2023-06-25 17:00:00,-0.3999
2023-06-25 18:00:00,0
2023-06-25 19:00:00,-0.0685
2023-06-25 20:00:00,0
2023-06-25 21:00:00,-0.4750
2023-06-25 22:00:00,0
2023-06-25 23:00:00,0
2023-06-26 00:00:00,-0.1278
2023-06-26 01:00:00,0
2023-06-26 02:00:00,0
2023-06-26 03:00:00,0
2023-06-26 04:00:00,0
2023-06-26 05:00:00,-0.5448
2023-06-26 06:00:00,0
2023-06-26 07:00:00,0
2023-06-26 08:00:00,0
2023-06-26 09:00:00,0
2023-06-26 10:00:00,0
2023-06-26 11:00:00,0
2023-06-26 12:00:00,0
2023-06-26 13:00:00,0
2023-06-26 14:00:00,0
2023-06-26 15:00:00,0
2023-06-26 16:00:00,0
2023-06-26 17:00:00,0
2023-06-26 18:00:00,0
2023-06-26 19:00:00,0
2023-06-26 20:00:00,-0.0907
2023-06-26 21:00:00,0
2023-06-26 22:00:00,0
2023-06-26 23:00:00,0
2023-06-27 00:00:00,0
2023-06-27 01:00:00,0
2023-06-27 02:00:00,0
2023-06-27 03:00:00,0
2023-06-27 04:00:00,0
2023-06-27 05:00:00,-0.0847
2023-06-27 06:00:00,-0.6547
2023-06-27 07:00:00,0
2023-06-27 08:00:00,0
2023-06-27 09:00:00,0
2023-06-27 10:00:00,0
2023-06-27 11:00:00,0
2023-06-27 12:00:00,0
2023-06-27 13:00:00,0
2023-06-27 14:00:00,0
2023-06-27 15:00:00,0
2023-06-27 16:00:00,-0.0698
2023-06-27 17:00:00,0
2023-06-27 18:00:00,0
2023-06-27 19:00:00,0
2023-06-27 20:00:00,0
2023-06-27 21:00:00,-0.1035
2023-06-27 22:00:00,0
2023-06-27 23:00:00,0
2023-06-28 00:00:00,0
2023-06-28 01:00:00,0
2023-06-28 02:00:00,0
2023-06-28 03:00:00,0
2023-06-28 04:00:00,0
2023-06-28 05:00:00,0
2023-06-28 06:00:00,0
2023-06-28 07:00:00,-0.4749
2023-06-28 08:00:00,0
2023-06-28 09:00:00,0
2023-06-28 10:00:00,0
2023-06-28 11:00:00,0
2023-06-28 12:00:00,0
2023-06-28 13:00:00,-0.0326
2023-06-28 14:00:00,0
2023-06-28 15:00:00,0
2023-06-28 16:00:00,0
2023-06-28 17:00:00,0
2023-06-28 18:00:00,0
2023-06-28 19:00:00,-0.4285
2023-06-28 20:00:00,0
2023-06-28 21:00:00,0
2023-06-28 22:00:00,0
2023-06-28 23:00:00,0
2023-06-29 00:00:00,-0.3289
2023-06-29 01:00:00,-0.3709
2023-06-29 02:00:00,0
2023-06-29 03:00:00,0
2023-06-29 04:00:00,0
2023-06-29 05:00:00,0
2023-06-29 06:00:00,0
2023-06-29 07:00:00,0
2023-06-29 08:00:00,0
2023-06-29 09:00:00,0
2023-06-29 10:00:00,0
2023-06-29 11:00:00,0
2023-06-29 12:00:00,0
2023-06-29 13:00:00,0
2023-06-29 14:00:00,-0.3388
2023-06-29 15:00:00,-0.7100
2023-06-29 16:00:00,0
2023-06-29 17:00:00,0
2023-06-29 18:00:00,-0.0818
2023-06-29 19:00:00,0
2023-06-29 20:00:00,0
2023-06-29 21:00:00,0
2023-06-29 22:00:00,0
2023-06-29 23:00:00,0
2023-06-30 00:00:00,0
2023-06-30 01:00:00,0
2023-06-30 02:00:00,0
2023-06-30 03:00:00,0
2023-06-30 04:00:00,0
2023-06-30 05:00:00,-0.0407
2023-06-30 06:00:00,-0.4388
2023-06-30 07:00:00,-0.2386
2023-06-30 08:00:00,0
2023-06-30 09:00:00,0
2023-06-30 10:00:00,0
2023-06-30 11:00:00,0
2023-06-30 12:00:00,0
2023-06-30 13:00:00,0
2023-06-30 14:00:00,0
2023-06-30 15:00:00,0
2023-06-30 16:00:00,0
2023-06-30 17:00:00,-0.0389
2023-06-30 18:00:00,0
2023-06-30 19:00:00,0
2023-06-30 20:00:00,0
2023-06-30 21:00:00,0
2023-06-30 22:00:00,0
2023-06-30 23:00:00,0
