date,volume_offeredcapacity_regup
2023-04-01 00:00:00,2.6400
2023-04-01 01:00:00,2.6400
2023-04-01 02:00:00,2.4200
2023-04-01 03:00:00,2.3200
2023-04-01 04:00:00,1.7350
2023-04-01 05:00:00,0.6900
2023-04-01 06:00:00,0.6900
2023-04-01 07:00:00,1.9500
2023-04-01 08:00:00,1.9500
2023-04-01 09:00:00,1.3000
2023-04-01 10:00:00,2.4600
2023-04-01 11:00:00,2.5675
2023-04-01 12:00:00,1.2450
2023-04-01 13:00:00,3.2875
2023-04-01 14:00:00,2.8250
2023-04-01 15:00:00,3.5100
2023-04-01 16:00:00,1.7375
2023-04-01 17:00:00,1.7375
2023-04-01 18:00:00,1.4400
2023-04-01 19:00:00,3.8300
2023-04-01 20:00:00,1.9500
2023-04-01 21:00:00,3.9000
2023-04-01 22:00:00,3.8725
2023-04-01 23:00:00,3.7825
2023-04-02 00:00:00,0.7400
2023-04-02 01:00:00,0.7400
2023-04-02 02:00:00,0.7400
2023-04-02 03:00:00,2.6900
2023-04-02 04:00:00,0.7400
2023-04-02 05:00:00,0.7400
2023-04-02 06:00:00,0.7400
2023-04-02 07:00:00,1.9500
2023-04-02 08:00:00,1.9500
2023-04-02 09:00:00,0
2023-04-02 10:00:00,2.6100
2023-04-02 11:00:00,1.8200
2023-04-02 12:00:00,0
2023-04-02 13:00:00,3.9000
2023-04-02 14:00:00,3.2400
2023-04-02 15:00:00,1.7375
2023-04-02 16:00:00,1.9500
2023-04-02 17:00:00,1.9500
2023-04-02 18:00:00,1.9500
2023-04-02 19:00:00,1.9500
2023-04-02 20:00:00,0
2023-04-02 21:00:00,3.9000
2023-04-02 22:00:00,3.9000
2023-04-02 23:00:00,3.7700
2023-04-03 00:00:00,2.7600
2023-04-03 01:00:00,3.1000
2023-04-03 02:00:00,2.8150
2023-04-03 03:00:00,3.1000
2023-04-03 04:00:00,3.1000
2023-04-03 05:00:00,1.1500
2023-04-03 06:00:00,1.1500
2023-04-03 07:00:00,1.9500
2023-04-03 08:00:00,1.9500
2023-04-03 09:00:00,0
2023-04-03 10:00:00,1.1300
2023-04-03 11:00:00,3.1500
2023-04-03 12:00:00,3.1900
2023-04-03 13:00:00,3.1800
2023-04-03 14:00:00,3.9000
2023-04-03 15:00:00,3.8400
2023-04-03 16:00:00,1.9500
2023-04-03 17:00:00,2.7350
2023-04-03 18:00:00,3.1950
2023-04-03 19:00:00,3.9000
2023-04-03 20:00:00,3.9000
2023-04-03 21:00:00,2.7575
2023-04-03 22:00:00,3.8375
2023-04-03 23:00:00,3.2500
2023-04-04 00:00:00,0
2023-04-04 01:00:00,0
2023-04-04 02:00:00,0
2023-04-04 03:00:00,0
2023-04-04 04:00:00,0
2023-04-04 05:00:00,0
2023-04-04 06:00:00,0
2023-04-04 07:00:00,0
2023-04-04 08:00:00,0
2023-04-04 09:00:00,0
2023-04-04 10:00:00,0
2023-04-04 11:00:00,0
2023-04-04 12:00:00,0
2023-04-04 13:00:00,0
2023-04-04 14:00:00,0
2023-04-04 15:00:00,0
2023-04-04 16:00:00,0
2023-04-04 17:00:00,0
2023-04-04 18:00:00,0
2023-04-04 19:00:00,0
2023-04-04 20:00:00,0
2023-04-04 21:00:00,0
2023-04-04 22:00:00,0
2023-04-04 23:00:00,0
2023-04-05 00:00:00,0
2023-04-05 01:00:00,0
2023-04-05 02:00:00,0
2023-04-05 03:00:00,0
2023-04-05 04:00:00,0
2023-04-05 05:00:00,0
2023-04-05 06:00:00,0
2023-04-05 07:00:00,0
2023-04-05 08:00:00,0
2023-04-05 09:00:00,0
2023-04-05 10:00:00,0
2023-04-05 11:00:00,0
2023-04-05 12:00:00,0
2023-04-05 13:00:00,0
2023-04-05 14:00:00,0
2023-04-05 15:00:00,0
2023-04-05 16:00:00,0
2023-04-05 17:00:00,0
2023-04-05 18:00:00,0
2023-04-05 19:00:00,0
2023-04-05 20:00:00,0
2023-04-05 21:00:00,0
2023-04-05 22:00:00,0
2023-04-05 23:00:00,0
2023-04-06 00:00:00,1.7100
2023-04-06 01:00:00,1.9500
2023-04-06 02:00:00,2.1100
2023-04-06 03:00:00,1.7400
2023-04-06 04:00:00,0.1600
2023-04-06 05:00:00,0.1600
2023-04-06 06:00:00,0.1600
2023-04-06 07:00:00,1.9500
2023-04-06 08:00:00,1.9500
2023-04-06 09:00:00,0
2023-04-06 10:00:00,1.9500
2023-04-06 11:00:00,1.9500
2023-04-06 12:00:00,1.9500
2023-04-06 13:00:00,1.9500
2023-04-06 14:00:00,0
2023-04-06 15:00:00,1.5492
2023-04-06 16:00:00,3.3500
2023-04-06 17:00:00,1.9500
2023-04-06 18:00:00,0
2023-04-06 19:00:00,3.9000
2023-04-06 20:00:00,1.9500
2023-04-06 21:00:00,1.9500
2023-04-06 22:00:00,3.1200
2023-04-06 23:00:00,3.7125
2023-04-07 00:00:00,0
2023-04-07 01:00:00,0
2023-04-07 02:00:00,0
2023-04-07 03:00:00,0
2023-04-07 04:00:00,0
2023-04-07 05:00:00,0
2023-04-07 06:00:00,0
2023-04-07 07:00:00,0
2023-04-07 08:00:00,0
2023-04-07 09:00:00,0
2023-04-07 10:00:00,0
2023-04-07 11:00:00,0
2023-04-07 12:00:00,0
2023-04-07 13:00:00,0
2023-04-07 14:00:00,0
2023-04-07 15:00:00,0
2023-04-07 16:00:00,0
2023-04-07 17:00:00,0
2023-04-07 18:00:00,0
2023-04-07 19:00:00,0
2023-04-07 20:00:00,0
2023-04-07 21:00:00,0
2023-04-07 22:00:00,0
2023-04-07 23:00:00,0
2023-04-08 00:00:00,1.9411
2023-04-08 01:00:00,1.9409
2023-04-08 02:00:00,1.9405
2023-04-08 03:00:00,1.9098
2023-04-08 04:00:00,0
2023-04-08 05:00:00,0.1800
2023-04-08 06:00:00,0.1800
2023-04-08 07:00:00,0
2023-04-08 08:00:00,1.9495
2023-04-08 09:00:00,0
2023-04-08 10:00:00,1.7592
2023-04-08 11:00:00,1.9007
2023-04-08 12:00:00,1.9467
2023-04-08 13:00:00,1.9500
2023-04-08 14:00:00,0
2023-04-08 15:00:00,0
2023-04-08 16:00:00,0
2023-04-08 17:00:00,1.9443
2023-04-08 18:00:00,0
2023-04-08 19:00:00,0
2023-04-08 20:00:00,0
2023-04-08 21:00:00,1.9463
2023-04-08 22:00:00,1.9492
2023-04-08 23:00:00,1.9500
2023-04-09 00:00:00,0
2023-04-09 01:00:00,0
2023-04-09 02:00:00,0
2023-04-09 03:00:00,0
2023-04-09 04:00:00,0
2023-04-09 05:00:00,0
2023-04-09 06:00:00,0
2023-04-09 07:00:00,0
2023-04-09 08:00:00,0
2023-04-09 09:00:00,0
2023-04-09 10:00:00,0
2023-04-09 11:00:00,0
2023-04-09 12:00:00,0
2023-04-09 13:00:00,0
2023-04-09 14:00:00,0
2023-04-09 15:00:00,0
2023-04-09 16:00:00,0
2023-04-09 17:00:00,0
2023-04-09 18:00:00,0
2023-04-09 19:00:00,0
2023-04-09 20:00:00,0
2023-04-09 21:00:00,0
2023-04-09 22:00:00,0
2023-04-09 23:00:00,0
2023-04-10 00:00:00,0
2023-04-10 01:00:00,0
2023-04-10 02:00:00,0
2023-04-10 03:00:00,0
2023-04-10 04:00:00,0
2023-04-10 05:00:00,0
2023-04-10 06:00:00,0
2023-04-10 07:00:00,0
2023-04-10 08:00:00,0
2023-04-10 09:00:00,0
2023-04-10 10:00:00,0
2023-04-10 11:00:00,0
2023-04-10 12:00:00,0
2023-04-10 13:00:00,0
2023-04-10 14:00:00,0
2023-04-10 15:00:00,0
2023-04-10 16:00:00,0
2023-04-10 17:00:00,0
2023-04-10 18:00:00,0
2023-04-10 19:00:00,0
2023-04-10 20:00:00,0
2023-04-10 21:00:00,0
2023-04-10 22:00:00,0
2023-04-10 23:00:00,0
2023-04-11 00:00:00,1.9500
2023-04-11 01:00:00,0.9803
2023-04-11 02:00:00,1.7724
2023-04-11 03:00:00,0
2023-04-11 04:00:00,0
2023-04-11 05:00:00,1.7176
2023-04-11 06:00:00,1.7200
2023-04-11 07:00:00,0
2023-04-11 08:00:00,0
2023-04-11 09:00:00,0
2023-04-11 10:00:00,1.9301
2023-04-11 11:00:00,1.8765
2023-04-11 12:00:00,1.8488
2023-04-11 13:00:00,1.9162
2023-04-11 14:00:00,1.9447
2023-04-11 15:00:00,1.9082
2023-04-11 16:00:00,3.7768
2023-04-11 17:00:00,1.9500
2023-04-11 18:00:00,0
2023-04-11 19:00:00,1.8900
2023-04-11 20:00:00,0
2023-04-11 21:00:00,1.9468
2023-04-11 22:00:00,1.9346
2023-04-11 23:00:00,1.9295
2023-04-12 00:00:00,1.9500
2023-04-12 01:00:00,1.9389
2023-04-12 02:00:00,1.9384
2023-04-12 03:00:00,2.5660
2023-04-12 04:00:00,0.6500
2023-04-12 05:00:00,1.0595
2023-04-12 06:00:00,1.9498
2023-04-12 07:00:00,1.9201
2023-04-12 08:00:00,1.9500
2023-04-12 09:00:00,1.9500
2023-04-12 10:00:00,1.9500
2023-04-12 11:00:00,1.9358
2023-04-12 12:00:00,1.8767
2023-04-12 13:00:00,1.9145
2023-04-12 14:00:00,0
2023-04-12 15:00:00,1.9409
2023-04-12 16:00:00,1.9305
2023-04-12 17:00:00,0.6500
2023-04-12 18:00:00,0
2023-04-12 19:00:00,2.5876
2023-04-12 20:00:00,1.9499
2023-04-12 21:00:00,1.9500
2023-04-12 22:00:00,1.8698
2023-04-12 23:00:00,2.5822
2023-04-13 00:00:00,0
2023-04-13 01:00:00,0
2023-04-13 02:00:00,0
2023-04-13 03:00:00,0
2023-04-13 04:00:00,0
2023-04-13 05:00:00,0
2023-04-13 06:00:00,0
2023-04-13 07:00:00,0
2023-04-13 08:00:00,0
2023-04-13 09:00:00,0
2023-04-13 10:00:00,0
2023-04-13 11:00:00,0
2023-04-13 12:00:00,0
2023-04-13 13:00:00,1.9107
2023-04-13 14:00:00,0
2023-04-13 15:00:00,1.9301
2023-04-13 16:00:00,1.9500
2023-04-13 17:00:00,0
2023-04-13 18:00:00,0
2023-04-13 19:00:00,0
2023-04-13 20:00:00,0
2023-04-13 21:00:00,0
2023-04-13 22:00:00,0
2023-04-13 23:00:00,0
2023-04-14 00:00:00,0
2023-04-14 01:00:00,0
2023-04-14 02:00:00,0
2023-04-14 03:00:00,0
2023-04-14 04:00:00,0
2023-04-14 05:00:00,0
2023-04-14 06:00:00,0
2023-04-14 07:00:00,0
2023-04-14 08:00:00,0
2023-04-14 09:00:00,0
2023-04-14 10:00:00,0
2023-04-14 11:00:00,0
2023-04-14 12:00:00,1.9500
2023-04-14 13:00:00,1.9500
2023-04-14 14:00:00,1.9500
2023-04-14 15:00:00,0
2023-04-14 16:00:00,0
2023-04-14 17:00:00,0
2023-04-14 18:00:00,0
2023-04-14 19:00:00,0
2023-04-14 20:00:00,0
2023-04-14 21:00:00,0
2023-04-14 22:00:00,0
2023-04-14 23:00:00,0
2023-04-15 00:00:00,0
2023-04-15 01:00:00,0
2023-04-15 02:00:00,0
2023-04-15 03:00:00,0
2023-04-15 04:00:00,0
2023-04-15 05:00:00,0
2023-04-15 06:00:00,0
2023-04-15 07:00:00,0
2023-04-15 08:00:00,0
2023-04-15 09:00:00,0
2023-04-15 10:00:00,0
2023-04-15 11:00:00,0
2023-04-15 12:00:00,1.9351
2023-04-15 13:00:00,1.9175
2023-04-15 14:00:00,1.8875
2023-04-15 15:00:00,0
2023-04-15 16:00:00,0
2023-04-15 17:00:00,0
2023-04-15 18:00:00,0
2023-04-15 19:00:00,0
2023-04-15 20:00:00,0
2023-04-15 21:00:00,0
2023-04-15 22:00:00,0
2023-04-15 23:00:00,0
2023-04-16 00:00:00,1.9500
2023-04-16 01:00:00,1.9500
2023-04-16 02:00:00,1.9500
2023-04-16 03:00:00,0.1600
2023-04-16 04:00:00,0.1401
2023-04-16 05:00:00,0
2023-04-16 06:00:00,0
2023-04-16 07:00:00,1.9500
2023-04-16 08:00:00,1.9490
2023-04-16 09:00:00,1.9490
2023-04-16 10:00:00,1.9490
2023-04-16 11:00:00,1.9232
2023-04-16 12:00:00,1.9451
2023-04-16 13:00:00,1.9358
2023-04-16 14:00:00,1.3806
2023-04-16 15:00:00,0
2023-04-16 16:00:00,1.7992
2023-04-16 17:00:00,1.8527
2023-04-16 18:00:00,0
2023-04-16 19:00:00,3.2904
2023-04-16 20:00:00,1.9500
2023-04-16 21:00:00,1.9500
2023-04-16 22:00:00,1.9496
2023-04-16 23:00:00,1.9478
2023-04-17 00:00:00,0
2023-04-17 01:00:00,0
2023-04-17 02:00:00,0
2023-04-17 03:00:00,0
2023-04-17 04:00:00,0
2023-04-17 05:00:00,0
2023-04-17 06:00:00,0
2023-04-17 07:00:00,0
2023-04-17 08:00:00,0
2023-04-17 09:00:00,0
2023-04-17 10:00:00,0
2023-04-17 11:00:00,0
2023-04-17 12:00:00,1.9500
2023-04-17 13:00:00,1.9500
2023-04-17 14:00:00,0
2023-04-17 15:00:00,0
2023-04-17 16:00:00,0
2023-04-17 17:00:00,0
2023-04-17 18:00:00,0
2023-04-17 19:00:00,0
2023-04-17 20:00:00,0
2023-04-17 21:00:00,0
2023-04-17 22:00:00,0
2023-04-17 23:00:00,0
2023-04-18 00:00:00,1.9500
2023-04-18 01:00:00,0
2023-04-18 02:00:00,1.9500
2023-04-18 03:00:00,0
2023-04-18 04:00:00,0
2023-04-18 05:00:00,0
2023-04-18 06:00:00,0
2023-04-18 07:00:00,1.9320
2023-04-18 08:00:00,1.9495
2023-04-18 09:00:00,1.9490
2023-04-18 10:00:00,1.9500
2023-04-18 11:00:00,1.9414
2023-04-18 12:00:00,1.9280
2023-04-18 13:00:00,1.2089
2023-04-18 14:00:00,0
2023-04-18 15:00:00,1.9424
2023-04-18 16:00:00,1.9375
2023-04-18 17:00:00,1.9332
2023-04-18 18:00:00,0
2023-04-18 19:00:00,3.8606
2023-04-18 20:00:00,1.9499
2023-04-18 21:00:00,1.9313
2023-04-18 22:00:00,1.9500
2023-04-18 23:00:00,1.9449
2023-04-19 00:00:00,1.9500
2023-04-19 01:00:00,1.9317
2023-04-19 02:00:00,1.9200
2023-04-19 03:00:00,0
2023-04-19 04:00:00,0.3900
2023-04-19 05:00:00,0
2023-04-19 06:00:00,0
2023-04-19 07:00:00,1.9500
2023-04-19 08:00:00,1.9500
2023-04-19 09:00:00,1.9341
2023-04-19 10:00:00,1.8920
2023-04-19 11:00:00,1.9446
2023-04-19 12:00:00,1.9467
2023-04-19 13:00:00,1.5700
2023-04-19 14:00:00,1.7954
2023-04-19 15:00:00,0
2023-04-19 16:00:00,1.9434
2023-04-19 17:00:00,1.8971
2023-04-19 18:00:00,0
2023-04-19 19:00:00,3.7234
2023-04-19 20:00:00,1.9500
2023-04-19 21:00:00,1.9499
2023-04-19 22:00:00,1.9217
2023-04-19 23:00:00,1.9500
2023-04-20 00:00:00,1.9406
2023-04-20 01:00:00,1.9500
2023-04-20 02:00:00,1.9398
2023-04-20 03:00:00,0
2023-04-20 04:00:00,0.6801
2023-04-20 05:00:00,0
2023-04-20 06:00:00,0
2023-04-20 07:00:00,1.9320
2023-04-20 08:00:00,1.9500
2023-04-20 09:00:00,1.9500
2023-04-20 10:00:00,1.9497
2023-04-20 11:00:00,1.9108
2023-04-20 12:00:00,1.9229
2023-04-20 13:00:00,1.9411
2023-04-20 14:00:00,0
2023-04-20 15:00:00,1.9387
2023-04-20 16:00:00,1.6516
2023-04-20 17:00:00,1.9034
2023-04-20 18:00:00,0
2023-04-20 19:00:00,3.8310
2023-04-20 20:00:00,1.9499
2023-04-20 21:00:00,1.9500
2023-04-20 22:00:00,1.9285
2023-04-20 23:00:00,1.9499
2023-04-21 00:00:00,0
2023-04-21 01:00:00,0
2023-04-21 02:00:00,0
2023-04-21 03:00:00,0
2023-04-21 04:00:00,0
2023-04-21 05:00:00,0
2023-04-21 06:00:00,0
2023-04-21 07:00:00,0
2023-04-21 08:00:00,0
2023-04-21 09:00:00,0
2023-04-21 10:00:00,0
2023-04-21 11:00:00,0
2023-04-21 12:00:00,0
2023-04-21 13:00:00,0
2023-04-21 14:00:00,0
2023-04-21 15:00:00,0
2023-04-21 16:00:00,0
2023-04-21 17:00:00,0
2023-04-21 18:00:00,0
2023-04-21 19:00:00,0
2023-04-21 20:00:00,0
2023-04-21 21:00:00,0
2023-04-21 22:00:00,0
2023-04-21 23:00:00,0
2023-04-22 00:00:00,1.8287
2023-04-22 01:00:00,1.9500
2023-04-22 02:00:00,1.9500
2023-04-22 03:00:00,1.2226
2023-04-22 04:00:00,0
2023-04-22 05:00:00,0
2023-04-22 06:00:00,0
2023-04-22 07:00:00,1.9365
2023-04-22 08:00:00,1.9148
2023-04-22 09:00:00,1.3263
2023-04-22 10:00:00,1.9055
2023-04-22 11:00:00,1.9091
2023-04-22 12:00:00,1.9193
2023-04-22 13:00:00,1.9104
2023-04-22 14:00:00,0
2023-04-22 15:00:00,1.9397
2023-04-22 16:00:00,1.9278
2023-04-22 17:00:00,1.2125
2023-04-22 18:00:00,0
2023-04-22 19:00:00,3.3889
2023-04-22 20:00:00,1.4828
2023-04-22 21:00:00,1.9364
2023-04-22 22:00:00,1.9411
2023-04-22 23:00:00,1.8621
2023-04-23 00:00:00,2.6532
2023-04-23 01:00:00,1.9398
2023-04-23 02:00:00,1.4854
2023-04-23 03:00:00,3.2249
2023-04-23 04:00:00,1.9471
2023-04-23 05:00:00,0
2023-04-23 06:00:00,0
2023-04-23 07:00:00,1.9500
2023-04-23 08:00:00,1.9385
2023-04-23 09:00:00,1.9411
2023-04-23 10:00:00,1.9395
2023-04-23 11:00:00,1.9248
2023-04-23 12:00:00,1.9490
2023-04-23 13:00:00,1.9458
2023-04-23 14:00:00,0
2023-04-23 15:00:00,1.9422
2023-04-23 16:00:00,1.1292
2023-04-23 17:00:00,0
2023-04-23 18:00:00,0
2023-04-23 19:00:00,1.8995
2023-04-23 20:00:00,1.9132
2023-04-23 21:00:00,1.9315
2023-04-23 22:00:00,1.8927
2023-04-23 23:00:00,1.8856
2023-04-24 00:00:00,1.7052
2023-04-24 01:00:00,1.6909
2023-04-24 02:00:00,1.6729
2023-04-24 03:00:00,3.6355
2023-04-24 04:00:00,0
2023-04-24 05:00:00,1.9500
2023-04-24 06:00:00,1.1519
2023-04-24 07:00:00,1.6904
2023-04-24 08:00:00,1.6661
2023-04-24 09:00:00,1.6890
2023-04-24 10:00:00,1.6748
2023-04-24 11:00:00,1.7001
2023-04-24 12:00:00,1.2717
2023-04-24 13:00:00,0
2023-04-24 14:00:00,1.6649
2023-04-24 15:00:00,1.2134
2023-04-24 16:00:00,0
2023-04-24 17:00:00,0
2023-04-24 18:00:00,0
2023-04-24 19:00:00,3.4348
2023-04-24 20:00:00,2.6461
2023-04-24 21:00:00,1.6890
2023-04-24 22:00:00,1.6904
2023-04-24 23:00:00,1.6572
2023-04-25 00:00:00,0.4285
2023-04-25 01:00:00,0.5453
2023-04-25 02:00:00,0.3318
2023-04-25 03:00:00,0.5071
2023-04-25 04:00:00,0
2023-04-25 05:00:00,0
2023-04-25 06:00:00,0
2023-04-25 07:00:00,0
2023-04-25 08:00:00,0
2023-04-25 09:00:00,0.5500
2023-04-25 10:00:00,0.5500
2023-04-25 11:00:00,0.5500
2023-04-25 12:00:00,0.5500
2023-04-25 13:00:00,0
2023-04-25 14:00:00,0.5500
2023-04-25 15:00:00,0.5500
2023-04-25 16:00:00,2.1464
2023-04-25 17:00:00,1.9500
2023-04-25 18:00:00,0
2023-04-25 19:00:00,0
2023-04-25 20:00:00,0
2023-04-25 21:00:00,0
2023-04-25 22:00:00,0.5395
2023-04-25 23:00:00,0.5228
2023-04-26 00:00:00,1.9500
2023-04-26 01:00:00,3.7061
2023-04-26 02:00:00,3.8830
2023-04-26 03:00:00,1.9353
2023-04-26 04:00:00,1.9353
2023-04-26 05:00:00,0
2023-04-26 06:00:00,1.9197
2023-04-26 07:00:00,1.9500
2023-04-26 08:00:00,1.9442
2023-04-26 09:00:00,1.9467
2023-04-26 10:00:00,1.8578
2023-04-26 11:00:00,1.8926
2023-04-26 12:00:00,1.9371
2023-04-26 13:00:00,1.9427
2023-04-26 14:00:00,0
2023-04-26 15:00:00,1.9396
2023-04-26 16:00:00,2.8817
2023-04-26 17:00:00,1.9481
2023-04-26 18:00:00,0
2023-04-26 19:00:00,1.9500
2023-04-26 20:00:00,0
2023-04-26 21:00:00,1.9500
2023-04-26 22:00:00,0
2023-04-26 23:00:00,1.9500
2023-04-27 00:00:00,2.7065
2023-04-27 01:00:00,0
2023-04-27 02:00:00,0.7687
2023-04-27 03:00:00,0.6038
2023-04-27 04:00:00,1.9500
2023-04-27 05:00:00,1.9500
2023-04-27 06:00:00,0
2023-04-27 07:00:00,0.7618
2023-04-27 08:00:00,0
2023-04-27 09:00:00,0
2023-04-27 10:00:00,0
2023-04-27 11:00:00,0
2023-04-27 12:00:00,0
2023-04-27 13:00:00,0
2023-04-27 14:00:00,0
2023-04-27 15:00:00,0
2023-04-27 16:00:00,0
2023-04-27 17:00:00,1.5268
2023-04-27 18:00:00,1.9500
2023-04-27 19:00:00,1.9500
2023-04-27 20:00:00,0
2023-04-27 21:00:00,2.6901
2023-04-27 22:00:00,0.7695
2023-04-27 23:00:00,2.5818
2023-04-28 00:00:00,1.8800
2023-04-28 01:00:00,0
2023-04-28 02:00:00,0.9919
2023-04-28 03:00:00,0
2023-04-28 04:00:00,0
2023-04-28 05:00:00,0
2023-04-28 06:00:00,0
2023-04-28 07:00:00,1.9390
2023-04-28 08:00:00,0
2023-04-28 09:00:00,0
2023-04-28 10:00:00,0
2023-04-28 11:00:00,0
2023-04-28 12:00:00,0
2023-04-28 13:00:00,0
2023-04-28 14:00:00,0
2023-04-28 15:00:00,0
2023-04-28 16:00:00,0
2023-04-28 17:00:00,1.3233
2023-04-28 18:00:00,1.9500
2023-04-28 19:00:00,1.9500
2023-04-28 20:00:00,1.9500
2023-04-28 21:00:00,1.9500
2023-04-28 22:00:00,0
2023-04-28 23:00:00,1.9306
2023-04-29 00:00:00,1.9500
2023-04-29 01:00:00,0
2023-04-29 02:00:00,1.9500
2023-04-29 03:00:00,1.9434
2023-04-29 04:00:00,1.9323
2023-04-29 05:00:00,0
2023-04-29 06:00:00,0
2023-04-29 07:00:00,1.9201
2023-04-29 08:00:00,1.9325
2023-04-29 09:00:00,1.9471
2023-04-29 10:00:00,1.9477
2023-04-29 11:00:00,1.9401
2023-04-29 12:00:00,1.1111
2023-04-29 13:00:00,1.9280
2023-04-29 14:00:00,1.9465
2023-04-29 15:00:00,1.9500
2023-04-29 16:00:00,3.5086
2023-04-29 17:00:00,1.9461
2023-04-29 18:00:00,1.9500
2023-04-29 19:00:00,1.9500
2023-04-29 20:00:00,1.9500
2023-04-29 21:00:00,1.8995
2023-04-29 22:00:00,0
2023-04-29 23:00:00,1.9300
2023-04-30 00:00:00,1.9391
2023-04-30 01:00:00,1.9353
2023-04-30 02:00:00,1.9368
2023-04-30 03:00:00,1.8511
2023-04-30 04:00:00,1.9373
2023-04-30 05:00:00,0
2023-04-30 06:00:00,1.9005
2023-04-30 07:00:00,1.9328
2023-04-30 08:00:00,1.9264
2023-04-30 09:00:00,1.9051
2023-04-30 10:00:00,1.9382
2023-04-30 11:00:00,1.9384
2023-04-30 12:00:00,1.9275
2023-04-30 13:00:00,1.9166
2023-04-30 14:00:00,0
2023-04-30 15:00:00,1.9319
2023-04-30 16:00:00,1.6644
2023-04-30 17:00:00,1.3795
2023-04-30 18:00:00,1.9442
2023-04-30 19:00:00,1.9495
2023-04-30 20:00:00,0
2023-04-30 21:00:00,1.9472
2023-04-30 22:00:00,1.9305
2023-04-30 23:00:00,1.9018
2023-05-01 00:00:00,0.8600
2023-05-01 01:00:00,0.8232
2023-05-01 02:00:00,2.6343
2023-05-01 03:00:00,2.7325
2023-05-01 04:00:00,1.9500
2023-05-01 05:00:00,0.8600
2023-05-01 06:00:00,0
2023-05-01 07:00:00,0
2023-05-01 08:00:00,0
2023-05-01 09:00:00,0.8600
2023-05-01 10:00:00,0.8600
2023-05-01 11:00:00,0.8600
2023-05-01 12:00:00,0.8600
2023-05-01 13:00:00,0.8545
2023-05-01 14:00:00,0
2023-05-01 15:00:00,0
2023-05-01 16:00:00,0
2023-05-01 17:00:00,0
2023-05-01 18:00:00,0
2023-05-01 19:00:00,0
2023-05-01 20:00:00,0
2023-05-01 21:00:00,2.7706
2023-05-01 22:00:00,0.8405
2023-05-01 23:00:00,2.8033
2023-05-02 00:00:00,3.2398
2023-05-02 01:00:00,1.9500
2023-05-02 02:00:00,0
2023-05-02 03:00:00,1.2074
2023-05-02 04:00:00,0
2023-05-02 05:00:00,0
2023-05-02 06:00:00,0
2023-05-02 07:00:00,0
2023-05-02 08:00:00,0
2023-05-02 09:00:00,1.9500
2023-05-02 10:00:00,1.9421
2023-05-02 11:00:00,1.9384
2023-05-02 12:00:00,1.9343
2023-05-02 13:00:00,1.9336
2023-05-02 14:00:00,0
2023-05-02 15:00:00,0
2023-05-02 16:00:00,1.3000
2023-05-02 17:00:00,0
2023-05-02 18:00:00,0
2023-05-02 19:00:00,0
2023-05-02 20:00:00,0
2023-05-02 21:00:00,3.8760
2023-05-02 22:00:00,1.9500
2023-05-02 23:00:00,3.9000
2023-05-03 00:00:00,0
2023-05-03 01:00:00,0
2023-05-03 02:00:00,0
2023-05-03 03:00:00,0
2023-05-03 04:00:00,0
2023-05-03 05:00:00,0
2023-05-03 06:00:00,0
2023-05-03 07:00:00,0
2023-05-03 08:00:00,0
2023-05-03 09:00:00,1.8477
2023-05-03 10:00:00,1.8500
2023-05-03 11:00:00,1.8308
2023-05-03 12:00:00,1.8500
2023-05-03 13:00:00,1.1263
2023-05-03 14:00:00,1.8500
2023-05-03 15:00:00,0
2023-05-03 16:00:00,1.9500
2023-05-03 17:00:00,0
2023-05-03 18:00:00,0
2023-05-03 19:00:00,0
2023-05-03 20:00:00,0
2023-05-03 21:00:00,1.7910
2023-05-03 22:00:00,1.8296
2023-05-03 23:00:00,3.4237
2023-05-04 00:00:00,1.2393
2023-05-04 01:00:00,1.2409
2023-05-04 02:00:00,3.0401
2023-05-04 03:00:00,1.9416
2023-05-04 04:00:00,0
2023-05-04 05:00:00,0
2023-05-04 06:00:00,0
2023-05-04 07:00:00,1.2500
2023-05-04 08:00:00,1.2500
2023-05-04 09:00:00,1.2500
2023-05-04 10:00:00,1.2500
2023-05-04 11:00:00,1.2500
2023-05-04 12:00:00,1.2500
2023-05-04 13:00:00,1.2500
2023-05-04 14:00:00,1.2481
2023-05-04 15:00:00,0
2023-05-04 16:00:00,0
2023-05-04 17:00:00,2.5537
2023-05-04 18:00:00,1.2471
2023-05-04 19:00:00,1.2446
2023-05-04 20:00:00,1.2102
2023-05-04 21:00:00,1.2239
2023-05-04 22:00:00,1.2263
2023-05-04 23:00:00,0
2023-05-05 00:00:00,1.5837
2023-05-05 01:00:00,1.5791
2023-05-05 02:00:00,1.6140
2023-05-05 03:00:00,0
2023-05-05 04:00:00,0
2023-05-05 05:00:00,0
2023-05-05 06:00:00,0
2023-05-05 07:00:00,0
2023-05-05 08:00:00,0
2023-05-05 09:00:00,1.6290
2023-05-05 10:00:00,1.6262
2023-05-05 11:00:00,1.3380
2023-05-05 12:00:00,1.6209
2023-05-05 13:00:00,1.6230
2023-05-05 14:00:00,1.6089
2023-05-05 15:00:00,1.6130
2023-05-05 16:00:00,0
2023-05-05 17:00:00,0
2023-05-05 18:00:00,0
2023-05-05 19:00:00,0
2023-05-05 20:00:00,0
2023-05-05 21:00:00,1.6117
2023-05-05 22:00:00,1.6253
2023-05-05 23:00:00,0
2023-05-06 00:00:00,0.4700
2023-05-06 01:00:00,0.4700
2023-05-06 02:00:00,0.4631
2023-05-06 03:00:00,0
2023-05-06 04:00:00,0
2023-05-06 05:00:00,0
2023-05-06 06:00:00,0
2023-05-06 07:00:00,0
2023-05-06 08:00:00,0
2023-05-06 09:00:00,0.4578
2023-05-06 10:00:00,0.4620
2023-05-06 11:00:00,0.4590
2023-05-06 12:00:00,0.4594
2023-05-06 13:00:00,0.4604
2023-05-06 14:00:00,0.4624
2023-05-06 15:00:00,0
2023-05-06 16:00:00,0
2023-05-06 17:00:00,0
2023-05-06 18:00:00,0
2023-05-06 19:00:00,0
2023-05-06 20:00:00,0
2023-05-06 21:00:00,0
2023-05-06 22:00:00,0
2023-05-06 23:00:00,0
2023-05-07 00:00:00,0.5100
2023-05-07 01:00:00,0.4994
2023-05-07 02:00:00,0.5064
2023-05-07 03:00:00,0
2023-05-07 04:00:00,0
2023-05-07 05:00:00,0
2023-05-07 06:00:00,0
2023-05-07 07:00:00,0.5085
2023-05-07 08:00:00,0.4855
2023-05-07 09:00:00,0.5100
2023-05-07 10:00:00,0.5100
2023-05-07 11:00:00,0.4985
2023-05-07 12:00:00,0.5038
2023-05-07 13:00:00,0.4800
2023-05-07 14:00:00,0.4805
2023-05-07 15:00:00,0.4975
2023-05-07 16:00:00,0
2023-05-07 17:00:00,0.5019
2023-05-07 18:00:00,0.4591
2023-05-07 19:00:00,0.4878
2023-05-07 20:00:00,0.4905
2023-05-07 21:00:00,0.5100
2023-05-07 22:00:00,0
2023-05-07 23:00:00,0
2023-05-08 00:00:00,0.5980
2023-05-08 01:00:00,0.6000
2023-05-08 02:00:00,0.6000
2023-05-08 03:00:00,0
2023-05-08 04:00:00,0
2023-05-08 05:00:00,0
2023-05-08 06:00:00,0
2023-05-08 07:00:00,0.6000
2023-05-08 08:00:00,0.5919
2023-05-08 09:00:00,0.5918
2023-05-08 10:00:00,0.5892
2023-05-08 11:00:00,0.5821
2023-05-08 12:00:00,0.5950
2023-05-08 13:00:00,0.5946
2023-05-08 14:00:00,0.5989
2023-05-08 15:00:00,0
2023-05-08 16:00:00,0
2023-05-08 17:00:00,1.5000
2023-05-08 18:00:00,0
2023-05-08 19:00:00,0.6000
2023-05-08 20:00:00,0.5969
2023-05-08 21:00:00,0.5563
2023-05-08 22:00:00,0
2023-05-08 23:00:00,0
2023-05-09 00:00:00,0.6000
2023-05-09 01:00:00,0.6000
2023-05-09 02:00:00,0.5939
2023-05-09 03:00:00,0
2023-05-09 04:00:00,0
2023-05-09 05:00:00,0
2023-05-09 06:00:00,0
2023-05-09 07:00:00,0.5948
2023-05-09 08:00:00,0.5935
2023-05-09 09:00:00,0.5955
2023-05-09 10:00:00,0.5979
2023-05-09 11:00:00,0.5427
2023-05-09 12:00:00,0.5594
2023-05-09 13:00:00,0.5924
2023-05-09 14:00:00,0.5986
2023-05-09 15:00:00,0.5776
2023-05-09 16:00:00,0
2023-05-09 17:00:00,1.9301
2023-05-09 18:00:00,0
2023-05-09 19:00:00,1.9500
2023-05-09 20:00:00,0
2023-05-09 21:00:00,0.5783
2023-05-09 22:00:00,0
2023-05-09 23:00:00,0
2023-05-10 00:00:00,0.6400
2023-05-10 01:00:00,0.6400
2023-05-10 02:00:00,0.6291
2023-05-10 03:00:00,0.6346
2023-05-10 04:00:00,0
2023-05-10 05:00:00,0
2023-05-10 06:00:00,0.6273
2023-05-10 07:00:00,0.6227
2023-05-10 08:00:00,0.6238
2023-05-10 09:00:00,0.6133
2023-05-10 10:00:00,0.6297
2023-05-10 11:00:00,0.6133
2023-05-10 12:00:00,0.6256
2023-05-10 13:00:00,0.6265
2023-05-10 14:00:00,0.5995
2023-05-10 15:00:00,0.6287
2023-05-10 16:00:00,0.6283
2023-05-10 17:00:00,2.5649
2023-05-10 18:00:00,0.6284
2023-05-10 19:00:00,0.6218
2023-05-10 20:00:00,0.6317
2023-05-10 21:00:00,0.5793
2023-05-10 22:00:00,0.6185
2023-05-10 23:00:00,0.6243
2023-05-11 00:00:00,0.6240
2023-05-11 01:00:00,0.6201
2023-05-11 02:00:00,0.6311
2023-05-11 03:00:00,0.6093
2023-05-11 04:00:00,0.6286
2023-05-11 05:00:00,0
2023-05-11 06:00:00,0
2023-05-11 07:00:00,0.6391
2023-05-11 08:00:00,0.6322
2023-05-11 09:00:00,0.6392
2023-05-11 10:00:00,0.6205
2023-05-11 11:00:00,0.6313
2023-05-11 12:00:00,0.6177
2023-05-11 13:00:00,0.6238
2023-05-11 14:00:00,0.6272
2023-05-11 15:00:00,0.6007
2023-05-11 16:00:00,0
2023-05-11 17:00:00,1.2700
2023-05-11 18:00:00,0
2023-05-11 19:00:00,0.6124
2023-05-11 20:00:00,0.6144
2023-05-11 21:00:00,0.6099
2023-05-11 22:00:00,0.6206
2023-05-11 23:00:00,0.6335
2023-05-12 00:00:00,0.8082
2023-05-12 01:00:00,0.7906
2023-05-12 02:00:00,0.8103
2023-05-12 03:00:00,0.8064
2023-05-12 04:00:00,0.7895
2023-05-12 05:00:00,0
2023-05-12 06:00:00,0.8006
2023-05-12 07:00:00,0.8098
2023-05-12 08:00:00,0.8098
2023-05-12 09:00:00,0.8098
2023-05-12 10:00:00,0.7993
2023-05-12 11:00:00,0.7969
2023-05-12 12:00:00,0.8068
2023-05-12 13:00:00,0.8159
2023-05-12 14:00:00,0.7830
2023-05-12 15:00:00,0.8055
2023-05-12 16:00:00,0.7904
2023-05-12 17:00:00,1.9500
2023-05-12 18:00:00,0
2023-05-12 19:00:00,0
2023-05-12 20:00:00,0.8191
2023-05-12 21:00:00,0.7918
2023-05-12 22:00:00,0.8200
2023-05-12 23:00:00,0.7966
2023-05-13 00:00:00,1.9500
2023-05-13 01:00:00,1.9102
2023-05-13 02:00:00,1.9234
2023-05-13 03:00:00,1.9319
2023-05-13 04:00:00,1.6653
2023-05-13 05:00:00,0
2023-05-13 06:00:00,0
2023-05-13 07:00:00,1.9354
2023-05-13 08:00:00,1.9369
2023-05-13 09:00:00,1.9261
2023-05-13 10:00:00,1.9411
2023-05-13 11:00:00,1.8986
2023-05-13 12:00:00,1.9493
2023-05-13 13:00:00,1.8928
2023-05-13 14:00:00,1.9471
2023-05-13 15:00:00,1.9494
2023-05-13 16:00:00,1.9351
2023-05-13 17:00:00,1.9500
2023-05-13 18:00:00,1.9500
2023-05-13 19:00:00,0
2023-05-13 20:00:00,1.9600
2023-05-13 21:00:00,1.9500
2023-05-13 22:00:00,1.9500
2023-05-13 23:00:00,1.9500
2023-05-14 00:00:00,0.9500
2023-05-14 01:00:00,0.9436
2023-05-14 02:00:00,0.9500
2023-05-14 03:00:00,0.9500
2023-05-14 04:00:00,0.9500
2023-05-14 05:00:00,0
2023-05-14 06:00:00,0
2023-05-14 07:00:00,0.9300
2023-05-14 08:00:00,0.9384
2023-05-14 09:00:00,0.9440
2023-05-14 10:00:00,0.8835
2023-05-14 11:00:00,0.9172
2023-05-14 12:00:00,0.9306
2023-05-14 13:00:00,0.9136
2023-05-14 14:00:00,0.9248
2023-05-14 15:00:00,0.9152
2023-05-14 16:00:00,0.9285
2023-05-14 17:00:00,1.9500
2023-05-14 18:00:00,0
2023-05-14 19:00:00,2.3316
2023-05-14 20:00:00,0.9399
2023-05-14 21:00:00,0.9398
2023-05-14 22:00:00,0.9420
2023-05-14 23:00:00,0.9272
2023-05-15 00:00:00,0.7572
2023-05-15 01:00:00,0.7527
2023-05-15 02:00:00,0.7530
2023-05-15 03:00:00,0.7619
2023-05-15 04:00:00,0.7410
2023-05-15 05:00:00,0
2023-05-15 06:00:00,0
2023-05-15 07:00:00,0.7694
2023-05-15 08:00:00,0.7495
2023-05-15 09:00:00,0.7622
2023-05-15 10:00:00,0.7456
2023-05-15 11:00:00,0.7565
2023-05-15 12:00:00,0.7585
2023-05-15 13:00:00,0.7573
2023-05-15 14:00:00,0.7465
2023-05-15 15:00:00,0.7506
2023-05-15 16:00:00,0.7700
2023-05-15 17:00:00,2.6955
2023-05-15 18:00:00,1.9285
2023-05-15 19:00:00,0
2023-05-15 20:00:00,2.7006
2023-05-15 21:00:00,0.7470
2023-05-15 22:00:00,0.7700
2023-05-15 23:00:00,0.7432
2023-05-16 00:00:00,0.6670
2023-05-16 01:00:00,0.6473
2023-05-16 02:00:00,0.6590
2023-05-16 03:00:00,0
2023-05-16 04:00:00,0
2023-05-16 05:00:00,0
2023-05-16 06:00:00,0
2023-05-16 07:00:00,0.6609
2023-05-16 08:00:00,0.6783
2023-05-16 09:00:00,0.6800
2023-05-16 10:00:00,0.6770
2023-05-16 11:00:00,0.6736
2023-05-16 12:00:00,0.6779
2023-05-16 13:00:00,0.6752
2023-05-16 14:00:00,0.6695
2023-05-16 15:00:00,0
2023-05-16 16:00:00,0
2023-05-16 17:00:00,1.9500
2023-05-16 18:00:00,0
2023-05-16 19:00:00,1.9500
2023-05-16 20:00:00,1.9500
2023-05-16 21:00:00,0
2023-05-16 22:00:00,0
2023-05-16 23:00:00,0
2023-05-17 00:00:00,1.9138
2023-05-17 01:00:00,1.9076
2023-05-17 02:00:00,1.9201
2023-05-17 03:00:00,0
2023-05-17 04:00:00,0
2023-05-17 05:00:00,0
2023-05-17 06:00:00,0
2023-05-17 07:00:00,1.9173
2023-05-17 08:00:00,1.9500
2023-05-17 09:00:00,1.9319
2023-05-17 10:00:00,1.9255
2023-05-17 11:00:00,1.9408
2023-05-17 12:00:00,1.9127
2023-05-17 13:00:00,1.9193
2023-05-17 14:00:00,1.6501
2023-05-17 15:00:00,0
2023-05-17 16:00:00,0
2023-05-17 17:00:00,0
2023-05-17 18:00:00,0
2023-05-17 19:00:00,0
2023-05-17 20:00:00,1.9500
2023-05-17 21:00:00,1.8903
2023-05-17 22:00:00,0
2023-05-17 23:00:00,0
2023-05-18 00:00:00,1.8871
2023-05-18 01:00:00,1.8679
2023-05-18 02:00:00,1.9460
2023-05-18 03:00:00,0
2023-05-18 04:00:00,0
2023-05-18 05:00:00,0
2023-05-18 06:00:00,0
2023-05-18 07:00:00,1.9500
2023-05-18 08:00:00,1.9500
2023-05-18 09:00:00,1.9500
2023-05-18 10:00:00,1.9500
2023-05-18 11:00:00,1.9500
2023-05-18 12:00:00,1.9333
2023-05-18 13:00:00,1.9427
2023-05-18 14:00:00,1.7149
2023-05-18 15:00:00,1.3600
2023-05-18 16:00:00,0
2023-05-18 17:00:00,1.9500
2023-05-18 18:00:00,1.9427
2023-05-18 19:00:00,1.9500
2023-05-18 20:00:00,0
2023-05-18 21:00:00,0
2023-05-18 22:00:00,0
2023-05-18 23:00:00,0
2023-05-19 00:00:00,3.3917
2023-05-19 01:00:00,1.9422
2023-05-19 02:00:00,1.5815
2023-05-19 03:00:00,1.9500
2023-05-19 04:00:00,3.0088
2023-05-19 05:00:00,0
2023-05-19 06:00:00,0
2023-05-19 07:00:00,1.9355
2023-05-19 08:00:00,1.9355
2023-05-19 09:00:00,1.8902
2023-05-19 10:00:00,1.9427
2023-05-19 11:00:00,1.9321
2023-05-19 12:00:00,1.9350
2023-05-19 13:00:00,1.9033
2023-05-19 14:00:00,1.9473
2023-05-19 15:00:00,0
2023-05-19 16:00:00,1.9500
2023-05-19 17:00:00,1.9500
2023-05-19 18:00:00,1.9389
2023-05-19 19:00:00,0
2023-05-19 20:00:00,0
2023-05-19 21:00:00,1.9500
2023-05-19 22:00:00,1.2696
2023-05-19 23:00:00,1.9325
2023-05-20 00:00:00,0.7375
2023-05-20 01:00:00,0.7391
2023-05-20 02:00:00,0.7573
2023-05-20 03:00:00,0.7506
2023-05-20 04:00:00,2.1495
2023-05-20 05:00:00,1.1500
2023-05-20 06:00:00,0
2023-05-20 07:00:00,0.7695
2023-05-20 08:00:00,0.7630
2023-05-20 09:00:00,0.7649
2023-05-20 10:00:00,0.7665
2023-05-20 11:00:00,0.7695
2023-05-20 12:00:00,0.7680
2023-05-20 13:00:00,0.7588
2023-05-20 14:00:00,0.7691
2023-05-20 15:00:00,0.7572
2023-05-20 16:00:00,2.7195
2023-05-20 17:00:00,1.9500
2023-05-20 18:00:00,1.9500
2023-05-20 19:00:00,0
2023-05-20 20:00:00,0.7500
2023-05-20 21:00:00,0.7700
2023-05-20 22:00:00,0.7374
2023-05-20 23:00:00,0.7582
2023-05-21 00:00:00,0.5100
2023-05-21 01:00:00,0.4916
2023-05-21 02:00:00,2.4509
2023-05-21 03:00:00,1.5700
2023-05-21 04:00:00,2.4551
2023-05-21 05:00:00,1.4703
2023-05-21 06:00:00,0
2023-05-21 07:00:00,0.4998
2023-05-21 08:00:00,0.5100
2023-05-21 09:00:00,0.5100
2023-05-21 10:00:00,0.4914
2023-05-21 11:00:00,0.4884
2023-05-21 12:00:00,0.4868
2023-05-21 13:00:00,0.5080
2023-05-21 14:00:00,0.5029
2023-05-21 15:00:00,0.5095
2023-05-21 16:00:00,0.5095
2023-05-21 17:00:00,1.9500
2023-05-21 18:00:00,1.9500
2023-05-21 19:00:00,0
2023-05-21 20:00:00,0.4556
2023-05-21 21:00:00,0.4824
2023-05-21 22:00:00,0.4813
2023-05-21 23:00:00,0.5100
2023-05-22 00:00:00,1.1600
2023-05-22 01:00:00,1.1519
2023-05-22 02:00:00,1.1600
2023-05-22 03:00:00,1.1517
2023-05-22 04:00:00,1.1503
2023-05-22 05:00:00,0
2023-05-22 06:00:00,1.1406
2023-05-22 07:00:00,1.1600
2023-05-22 08:00:00,1.1600
2023-05-22 09:00:00,1.1600
2023-05-22 10:00:00,1.1600
2023-05-22 11:00:00,1.1600
2023-05-22 12:00:00,1.1600
2023-05-22 13:00:00,1.1600
2023-05-22 14:00:00,1.1519
2023-05-22 15:00:00,2.4359
2023-05-22 16:00:00,1.1595
2023-05-22 17:00:00,1.9500
2023-05-22 18:00:00,1.9500
2023-05-22 19:00:00,0
2023-05-22 20:00:00,1.1599
2023-05-22 21:00:00,0.0100
2023-05-22 22:00:00,1.1495
2023-05-22 23:00:00,1.1518
2023-05-23 00:00:00,1.9500
2023-05-23 01:00:00,1.9500
2023-05-23 02:00:00,1.1336
2023-05-23 03:00:00,1.9500
2023-05-23 04:00:00,1.9494
2023-05-23 05:00:00,1.8894
2023-05-23 06:00:00,0
2023-05-23 07:00:00,1.9500
2023-05-23 08:00:00,1.9500
2023-05-23 09:00:00,1.9500
2023-05-23 10:00:00,1.9500
2023-05-23 11:00:00,1.9500
2023-05-23 12:00:00,1.9500
2023-05-23 13:00:00,1.9500
2023-05-23 14:00:00,1.8200
2023-05-23 15:00:00,1.0754
2023-05-23 16:00:00,0
2023-05-23 17:00:00,1.9338
2023-05-23 18:00:00,1.9500
2023-05-23 19:00:00,0
2023-05-23 20:00:00,1.9499
2023-05-23 21:00:00,1.9306
2023-05-23 22:00:00,1.9107
2023-05-23 23:00:00,1.9500
2023-05-24 00:00:00,1.9495
2023-05-24 01:00:00,1.9408
2023-05-24 02:00:00,1.4898
2023-05-24 03:00:00,1.9500
2023-05-24 04:00:00,1.9300
2023-05-24 05:00:00,0
2023-05-24 06:00:00,0
2023-05-24 07:00:00,1.9500
2023-05-24 08:00:00,1.9495
2023-05-24 09:00:00,1.9500
2023-05-24 10:00:00,3.1131
2023-05-24 11:00:00,3.0740
2023-05-24 12:00:00,1.9395
2023-05-24 13:00:00,1.9422
2023-05-24 14:00:00,1.9435
2023-05-24 15:00:00,2.7961
2023-05-24 16:00:00,1.9437
2023-05-24 17:00:00,3.0131
2023-05-24 18:00:00,1.9500
2023-05-24 19:00:00,0
2023-05-24 20:00:00,1.9468
2023-05-24 21:00:00,0
2023-05-24 22:00:00,1.9300
2023-05-24 23:00:00,1.9396
2023-05-25 00:00:00,0
2023-05-25 01:00:00,0
2023-05-25 02:00:00,0
2023-05-25 03:00:00,0
2023-05-25 04:00:00,0
2023-05-25 05:00:00,0
2023-05-25 06:00:00,0
2023-05-25 07:00:00,1.9318
2023-05-25 08:00:00,1.9390
2023-05-25 09:00:00,1.9274
2023-05-25 10:00:00,1.9346
2023-05-25 11:00:00,1.9338
2023-05-25 12:00:00,1.8827
2023-05-25 13:00:00,0
2023-05-25 14:00:00,0
2023-05-25 15:00:00,0
2023-05-25 16:00:00,0
2023-05-25 17:00:00,0
2023-05-25 18:00:00,0
2023-05-25 19:00:00,0
2023-05-25 20:00:00,0
2023-05-25 21:00:00,0
2023-05-25 22:00:00,0
2023-05-25 23:00:00,0
2023-05-26 00:00:00,0
2023-05-26 01:00:00,0
2023-05-26 02:00:00,0
2023-05-26 03:00:00,0
2023-05-26 04:00:00,0
2023-05-26 05:00:00,0
2023-05-26 06:00:00,0
2023-05-26 07:00:00,0
2023-05-26 08:00:00,0
2023-05-26 09:00:00,0
2023-05-26 10:00:00,0
2023-05-26 11:00:00,0
2023-05-26 12:00:00,0
2023-05-26 13:00:00,0
2023-05-26 14:00:00,0
2023-05-26 15:00:00,0
2023-05-26 16:00:00,0.7950
2023-05-26 17:00:00,0.7050
2023-05-26 18:00:00,0
2023-05-26 19:00:00,0
2023-05-26 20:00:00,0.8661
2023-05-26 21:00:00,0.9200
2023-05-26 22:00:00,0
2023-05-26 23:00:00,0
2023-05-27 00:00:00,1.7431
2023-05-27 01:00:00,0.9854
2023-05-27 02:00:00,1.2297
2023-05-27 03:00:00,3.1179
2023-05-27 04:00:00,3.3914
2023-05-27 05:00:00,0
2023-05-27 06:00:00,1.9045
2023-05-27 07:00:00,1.8576
2023-05-27 08:00:00,1.9280
2023-05-27 09:00:00,1.8978
2023-05-27 10:00:00,1.9249
2023-05-27 11:00:00,1.8628
2023-05-27 12:00:00,1.9088
2023-05-27 13:00:00,1.9140
2023-05-27 14:00:00,1.9323
2023-05-27 15:00:00,1.9301
2023-05-27 16:00:00,1.9005
2023-05-27 17:00:00,1.4884
2023-05-27 18:00:00,0
2023-05-27 19:00:00,1.9361
2023-05-27 20:00:00,1.9386
2023-05-27 21:00:00,0
2023-05-27 22:00:00,0
2023-05-27 23:00:00,0
2023-05-28 00:00:00,0
2023-05-28 01:00:00,0
2023-05-28 02:00:00,0
2023-05-28 03:00:00,0
2023-05-28 04:00:00,1.2400
2023-05-28 05:00:00,0
2023-05-28 06:00:00,0
2023-05-28 07:00:00,0
2023-05-28 08:00:00,0
2023-05-28 09:00:00,0
2023-05-28 10:00:00,0
2023-05-28 11:00:00,0
2023-05-28 12:00:00,0
2023-05-28 13:00:00,0
2023-05-28 14:00:00,0
2023-05-28 15:00:00,0
2023-05-28 16:00:00,0
2023-05-28 17:00:00,1.9327
2023-05-28 18:00:00,0
2023-05-28 19:00:00,0
2023-05-28 20:00:00,0
2023-05-28 21:00:00,0
2023-05-28 22:00:00,0
2023-05-28 23:00:00,0
2023-05-29 00:00:00,0
2023-05-29 01:00:00,1.4800
2023-05-29 02:00:00,0
2023-05-29 03:00:00,0
2023-05-29 04:00:00,0
2023-05-29 05:00:00,0
2023-05-29 06:00:00,0
2023-05-29 07:00:00,0
2023-05-29 08:00:00,0
2023-05-29 09:00:00,0
2023-05-29 10:00:00,0
2023-05-29 11:00:00,0
2023-05-29 12:00:00,0
2023-05-29 13:00:00,0
2023-05-29 14:00:00,0
2023-05-29 15:00:00,0
2023-05-29 16:00:00,0
2023-05-29 17:00:00,1.9500
2023-05-29 18:00:00,0
2023-05-29 19:00:00,0
2023-05-29 20:00:00,0
2023-05-29 21:00:00,0
2023-05-29 22:00:00,0
2023-05-29 23:00:00,0
2023-05-30 00:00:00,0
2023-05-30 01:00:00,0
2023-05-30 02:00:00,0
2023-05-30 03:00:00,0
2023-05-30 04:00:00,1.3900
2023-05-30 05:00:00,0
2023-05-30 06:00:00,0
2023-05-30 07:00:00,0
2023-05-30 08:00:00,0
2023-05-30 09:00:00,0
2023-05-30 10:00:00,0
2023-05-30 11:00:00,0
2023-05-30 12:00:00,0
2023-05-30 13:00:00,0
2023-05-30 14:00:00,0
2023-05-30 15:00:00,0
2023-05-30 16:00:00,0
2023-05-30 17:00:00,1.5038
2023-05-30 18:00:00,0
2023-05-30 19:00:00,1.3100
2023-05-30 20:00:00,0
2023-05-30 21:00:00,0
2023-05-30 22:00:00,0
2023-05-30 23:00:00,0
2023-05-31 00:00:00,1.9500
2023-05-31 01:00:00,1.3900
2023-05-31 02:00:00,0.9667
2023-05-31 03:00:00,1.9500
2023-05-31 04:00:00,1.9495
2023-05-31 05:00:00,0
2023-05-31 06:00:00,1.8929
2023-05-31 07:00:00,1.9124
2023-05-31 08:00:00,1.9219
2023-05-31 09:00:00,1.8759
2023-05-31 10:00:00,1.9391
2023-05-31 11:00:00,1.9500
2023-05-31 12:00:00,1.9091
2023-05-31 13:00:00,1.7137
2023-05-31 14:00:00,1.9100
2023-05-31 15:00:00,1.9409
2023-05-31 16:00:00,1.9271
2023-05-31 17:00:00,0
2023-05-31 18:00:00,0
2023-05-31 19:00:00,1.8601
2023-05-31 20:00:00,1.9346
2023-05-31 21:00:00,1.9121
2023-05-31 22:00:00,0
2023-05-31 23:00:00,0
2023-06-01 00:00:00,0.6601
2023-06-01 01:00:00,0.6800
2023-06-01 02:00:00,0.6800
2023-06-01 03:00:00,0.6800
2023-06-01 04:00:00,1.9601
2023-06-01 05:00:00,0
2023-06-01 06:00:00,0.6606
2023-06-01 07:00:00,0.6800
2023-06-01 08:00:00,0.6800
2023-06-01 09:00:00,0.6800
2023-06-01 10:00:00,0.6800
2023-06-01 11:00:00,0.6800
2023-06-01 12:00:00,0.6800
2023-06-01 13:00:00,0.6800
2023-06-01 14:00:00,0.6787
2023-06-01 15:00:00,0.6759
2023-06-01 16:00:00,0.6689
2023-06-01 17:00:00,0
2023-06-01 18:00:00,0
2023-06-01 19:00:00,0.6795
2023-06-01 20:00:00,0.6797
2023-06-01 21:00:00,0.6605
2023-06-01 22:00:00,0
2023-06-01 23:00:00,0
2023-06-02 00:00:00,1.9500
2023-06-02 01:00:00,1.9500
2023-06-02 02:00:00,1.9500
2023-06-02 03:00:00,1.9399
2023-06-02 04:00:00,3.5872
2023-06-02 05:00:00,0
2023-06-02 06:00:00,1.9500
2023-06-02 07:00:00,1.9500
2023-06-02 08:00:00,1.9500
2023-06-02 09:00:00,1.2900
2023-06-02 10:00:00,1.8754
2023-06-02 11:00:00,1.9408
2023-06-02 12:00:00,1.9247
2023-06-02 13:00:00,1.9026
2023-06-02 14:00:00,1.6190
2023-06-02 15:00:00,1.5527
2023-06-02 16:00:00,1.1000
2023-06-02 17:00:00,1.9450
2023-06-02 18:00:00,1.4300
2023-06-02 19:00:00,0
2023-06-02 20:00:00,0
2023-06-02 21:00:00,0
2023-06-02 22:00:00,0
2023-06-02 23:00:00,0
2023-06-03 00:00:00,0.9500
2023-06-03 01:00:00,0.9500
2023-06-03 02:00:00,0.9500
2023-06-03 03:00:00,2.5577
2023-06-03 04:00:00,1.8300
2023-06-03 05:00:00,1.3742
2023-06-03 06:00:00,0
2023-06-03 07:00:00,0.9500
2023-06-03 08:00:00,0.9500
2023-06-03 09:00:00,0.9500
2023-06-03 10:00:00,0.9500
2023-06-03 11:00:00,0.9380
2023-06-03 12:00:00,0.9450
2023-06-03 13:00:00,0.9500
2023-06-03 14:00:00,0.9355
2023-06-03 15:00:00,0.9500
2023-06-03 16:00:00,0.9327
2023-06-03 17:00:00,1.9448
2023-06-03 18:00:00,1.9500
2023-06-03 19:00:00,1.9449
2023-06-03 20:00:00,0
2023-06-03 21:00:00,0
2023-06-03 22:00:00,0
2023-06-03 23:00:00,0
2023-06-04 00:00:00,1.9500
2023-06-04 01:00:00,1.9500
2023-06-04 02:00:00,1.4601
2023-06-04 03:00:00,3.3551
2023-06-04 04:00:00,1.4100
2023-06-04 05:00:00,0
2023-06-04 06:00:00,1.9306
2023-06-04 07:00:00,1.9500
2023-06-04 08:00:00,1.9450
2023-06-04 09:00:00,1.9313
2023-06-04 10:00:00,0
2023-06-04 11:00:00,1.9263
2023-06-04 12:00:00,1.9167
2023-06-04 13:00:00,1.9069
2023-06-04 14:00:00,1.9118
2023-06-04 15:00:00,0
2023-06-04 16:00:00,1.9097
2023-06-04 17:00:00,3.2200
2023-06-04 18:00:00,0
2023-06-04 19:00:00,1.9500
2023-06-04 20:00:00,0
2023-06-04 21:00:00,0
2023-06-04 22:00:00,0
2023-06-04 23:00:00,0
2023-06-05 00:00:00,0
2023-06-05 01:00:00,0
2023-06-05 02:00:00,0
2023-06-05 03:00:00,0
2023-06-05 04:00:00,0
2023-06-05 05:00:00,0
2023-06-05 06:00:00,0.7037
2023-06-05 07:00:00,0.6998
2023-06-05 08:00:00,0.7100
2023-06-05 09:00:00,0.7100
2023-06-05 10:00:00,0.7100
2023-06-05 11:00:00,0.6699
2023-06-05 12:00:00,0.7100
2023-06-05 13:00:00,0.7100
2023-06-05 14:00:00,0.6643
2023-06-05 15:00:00,0.7100
2023-06-05 16:00:00,0.6891
2023-06-05 17:00:00,1.3267
2023-06-05 18:00:00,1.9438
2023-06-05 19:00:00,0
2023-06-05 20:00:00,0.7100
2023-06-05 21:00:00,0.6731
2023-06-05 22:00:00,0.7043
2023-06-05 23:00:00,1.8370
2023-06-06 00:00:00,0
2023-06-06 01:00:00,0
2023-06-06 02:00:00,0
2023-06-06 03:00:00,0
2023-06-06 04:00:00,0.6700
2023-06-06 05:00:00,0
2023-06-06 06:00:00,1.9500
2023-06-06 07:00:00,1.9500
2023-06-06 08:00:00,1.9500
2023-06-06 09:00:00,1.9301
2023-06-06 10:00:00,1.9500
2023-06-06 11:00:00,1.9408
2023-06-06 12:00:00,1.9466
2023-06-06 13:00:00,1.9458
2023-06-06 14:00:00,1.4900
2023-06-06 15:00:00,1.9301
2023-06-06 16:00:00,1.3346
2023-06-06 17:00:00,0.6700
2023-06-06 18:00:00,0.6532
2023-06-06 19:00:00,0
2023-06-06 20:00:00,0
2023-06-06 21:00:00,1.9498
2023-06-06 22:00:00,1.9408
2023-06-06 23:00:00,1.9398
2023-06-07 00:00:00,0
2023-06-07 01:00:00,0
2023-06-07 02:00:00,0
2023-06-07 03:00:00,0
2023-06-07 04:00:00,0
2023-06-07 05:00:00,0
2023-06-07 06:00:00,0
2023-06-07 07:00:00,1.9500
2023-06-07 08:00:00,1.9229
2023-06-07 09:00:00,1.9243
2023-06-07 10:00:00,1.7800
2023-06-07 11:00:00,1.9449
2023-06-07 12:00:00,1.9353
2023-06-07 13:00:00,0
2023-06-07 14:00:00,0
2023-06-07 15:00:00,0
2023-06-07 16:00:00,0
2023-06-07 17:00:00,0
2023-06-07 18:00:00,0
2023-06-07 19:00:00,0
2023-06-07 20:00:00,0
2023-06-07 21:00:00,0
2023-06-07 22:00:00,0
2023-06-07 23:00:00,0
2023-06-08 00:00:00,0
2023-06-08 01:00:00,0
2023-06-08 02:00:00,0
2023-06-08 03:00:00,0
2023-06-08 04:00:00,0
2023-06-08 05:00:00,0
2023-06-08 06:00:00,0
2023-06-08 07:00:00,0.7917
2023-06-08 08:00:00,0.9500
2023-06-08 09:00:00,0.9422
2023-06-08 10:00:00,0.9500
2023-06-08 11:00:00,0.9412
2023-06-08 12:00:00,0.8945
2023-06-08 13:00:00,0.9355
2023-06-08 14:00:00,0
2023-06-08 15:00:00,0
2023-06-08 16:00:00,0
2023-06-08 17:00:00,0
2023-06-08 18:00:00,0
2023-06-08 19:00:00,0.9498
2023-06-08 20:00:00,0.9438
2023-06-08 21:00:00,0.9500
2023-06-08 22:00:00,0.9500
2023-06-08 23:00:00,0
2023-06-09 00:00:00,0
2023-06-09 01:00:00,0
2023-06-09 02:00:00,0
2023-06-09 03:00:00,0
2023-06-09 04:00:00,1.8858
2023-06-09 05:00:00,0
2023-06-09 06:00:00,1.9459
2023-06-09 07:00:00,1.9500
2023-06-09 08:00:00,0
2023-06-09 09:00:00,0
2023-06-09 10:00:00,0
2023-06-09 11:00:00,0
2023-06-09 12:00:00,1.3000
2023-06-09 13:00:00,1.9500
2023-06-09 14:00:00,1.9437
2023-06-09 15:00:00,1.3612
2023-06-09 16:00:00,0
2023-06-09 17:00:00,0
2023-06-09 18:00:00,1.9500
2023-06-09 19:00:00,0
2023-06-09 20:00:00,1.9500
2023-06-09 21:00:00,1.9306
2023-06-09 22:00:00,1.9500
2023-06-09 23:00:00,1.9300
2023-06-10 00:00:00,0
2023-06-10 01:00:00,0
2023-06-10 02:00:00,0
2023-06-10 03:00:00,1.9500
2023-06-10 04:00:00,1.9371
2023-06-10 05:00:00,0
2023-06-10 06:00:00,0
2023-06-10 07:00:00,1.9500
2023-06-10 08:00:00,1.9329
2023-06-10 09:00:00,1.9325
2023-06-10 10:00:00,1.4439
2023-06-10 11:00:00,1.9450
2023-06-10 12:00:00,1.9358
2023-06-10 13:00:00,1.9465
2023-06-10 14:00:00,1.9403
2023-06-10 15:00:00,1.9438
2023-06-10 16:00:00,1.9500
2023-06-10 17:00:00,0
2023-06-10 18:00:00,1.9500
2023-06-10 19:00:00,0
2023-06-10 20:00:00,0
2023-06-10 21:00:00,1.9494
2023-06-10 22:00:00,1.9500
2023-06-10 23:00:00,1.9500
2023-06-11 00:00:00,0.8600
2023-06-11 01:00:00,0.8492
2023-06-11 02:00:00,2.6847
2023-06-11 03:00:00,2.8100
2023-06-11 04:00:00,0
2023-06-11 05:00:00,0
2023-06-11 06:00:00,0.8325
2023-06-11 07:00:00,0.8510
2023-06-11 08:00:00,0.8483
2023-06-11 09:00:00,0.8163
2023-06-11 10:00:00,0
2023-06-11 11:00:00,0.8587
2023-06-11 12:00:00,0.8380
2023-06-11 13:00:00,0.8600
2023-06-11 14:00:00,0.8339
2023-06-11 15:00:00,0
2023-06-11 16:00:00,0
2023-06-11 17:00:00,1.1800
2023-06-11 18:00:00,1.7700
2023-06-11 19:00:00,0
2023-06-11 20:00:00,0
2023-06-11 21:00:00,0
2023-06-11 22:00:00,0
2023-06-11 23:00:00,0
2023-06-12 00:00:00,0.4588
2023-06-12 01:00:00,0.4700
2023-06-12 02:00:00,0.4495
2023-06-12 03:00:00,2.4099
2023-06-12 04:00:00,1.8800
2023-06-12 05:00:00,0
2023-06-12 06:00:00,0
2023-06-12 07:00:00,0.4700
2023-06-12 08:00:00,0.4700
2023-06-12 09:00:00,0.4700
2023-06-12 10:00:00,0.4493
2023-06-12 11:00:00,0.4613
2023-06-12 12:00:00,0.4518
2023-06-12 13:00:00,0.4526
2023-06-12 14:00:00,0.4651
2023-06-12 15:00:00,0
2023-06-12 16:00:00,0.4687
2023-06-12 17:00:00,0
2023-06-12 18:00:00,0
2023-06-12 19:00:00,0
2023-06-12 20:00:00,0
2023-06-12 21:00:00,0
2023-06-12 22:00:00,0
2023-06-12 23:00:00,0
2023-06-13 00:00:00,1.4600
2023-06-13 01:00:00,1.4600
2023-06-13 02:00:00,3.4100
2023-06-13 03:00:00,3.4100
2023-06-13 04:00:00,0
2023-06-13 05:00:00,0
2023-06-13 06:00:00,0
2023-06-13 07:00:00,1.4600
2023-06-13 08:00:00,1.4600
2023-06-13 09:00:00,1.4600
2023-06-13 10:00:00,0
2023-06-13 11:00:00,1.4600
2023-06-13 12:00:00,1.4519
2023-06-13 13:00:00,1.4392
2023-06-13 14:00:00,1.2056
2023-06-13 15:00:00,0
2023-06-13 16:00:00,0
2023-06-13 17:00:00,0
2023-06-13 18:00:00,0
2023-06-13 19:00:00,0
2023-06-13 20:00:00,0
2023-06-13 21:00:00,0
2023-06-13 22:00:00,0
2023-06-13 23:00:00,0
2023-06-14 00:00:00,1.7711
2023-06-14 01:00:00,1.9288
2023-06-14 02:00:00,3.1979
2023-06-14 03:00:00,3.6889
2023-06-14 04:00:00,1.7867
2023-06-14 05:00:00,0
2023-06-14 06:00:00,1.9075
2023-06-14 07:00:00,1.9294
2023-06-14 08:00:00,1.9462
2023-06-14 09:00:00,0
2023-06-14 10:00:00,1.9262
2023-06-14 11:00:00,1.9500
2023-06-14 12:00:00,1.9389
2023-06-14 13:00:00,1.9500
2023-06-14 14:00:00,0
2023-06-14 15:00:00,0
2023-06-14 16:00:00,0
2023-06-14 17:00:00,1.4100
2023-06-14 18:00:00,1.7600
2023-06-14 19:00:00,0
2023-06-14 20:00:00,0
2023-06-14 21:00:00,0
2023-06-14 22:00:00,1.9500
2023-06-14 23:00:00,1.9500
2023-06-15 00:00:00,0.5100
2023-06-15 01:00:00,0.5100
2023-06-15 02:00:00,0.5100
2023-06-15 03:00:00,2.3400
2023-06-15 04:00:00,2.4600
2023-06-15 05:00:00,0.5100
2023-06-15 06:00:00,0.5100
2023-06-15 07:00:00,0.5100
2023-06-15 08:00:00,0.5100
2023-06-15 09:00:00,0.5100
2023-06-15 10:00:00,0
2023-06-15 11:00:00,0.5100
2023-06-15 12:00:00,0.5053
2023-06-15 13:00:00,0.5100
2023-06-15 14:00:00,0.5085
2023-06-15 15:00:00,0.5100
2023-06-15 16:00:00,0
2023-06-15 17:00:00,0
2023-06-15 18:00:00,1.9500
2023-06-15 19:00:00,0
2023-06-15 20:00:00,0
2023-06-15 21:00:00,0
2023-06-15 22:00:00,0.5100
2023-06-15 23:00:00,0.5100
2023-06-16 00:00:00,0
2023-06-16 01:00:00,0
2023-06-16 02:00:00,0
2023-06-16 03:00:00,1.9270
2023-06-16 04:00:00,1.9302
2023-06-16 05:00:00,0
2023-06-16 06:00:00,0.7611
2023-06-16 07:00:00,0.7700
2023-06-16 08:00:00,0.7700
2023-06-16 09:00:00,0.7700
2023-06-16 10:00:00,0.7700
2023-06-16 11:00:00,0.7700
2023-06-16 12:00:00,0.7700
2023-06-16 13:00:00,0.7700
2023-06-16 14:00:00,0.7700
2023-06-16 15:00:00,0.7700
2023-06-16 16:00:00,0
2023-06-16 17:00:00,0
2023-06-16 18:00:00,1.9500
2023-06-16 19:00:00,0
2023-06-16 20:00:00,0
2023-06-16 21:00:00,0.7506
2023-06-16 22:00:00,0.7700
2023-06-16 23:00:00,0.7700
2023-06-17 00:00:00,0
2023-06-17 01:00:00,0
2023-06-17 02:00:00,0
2023-06-17 03:00:00,0
2023-06-17 04:00:00,1.6747
2023-06-17 05:00:00,0
2023-06-17 06:00:00,1.9500
2023-06-17 07:00:00,1.9495
2023-06-17 08:00:00,1.9500
2023-06-17 09:00:00,1.9411
2023-06-17 10:00:00,1.9436
2023-06-17 11:00:00,1.9376
2023-06-17 12:00:00,1.9427
2023-06-17 13:00:00,1.9418
2023-06-17 14:00:00,1.9481
2023-06-17 15:00:00,1.9403
2023-06-17 16:00:00,1.2100
2023-06-17 17:00:00,0
2023-06-17 18:00:00,1.9500
2023-06-17 19:00:00,1.9500
2023-06-17 20:00:00,0
2023-06-17 21:00:00,1.9306
2023-06-17 22:00:00,1.9500
2023-06-17 23:00:00,1.9500
2023-06-18 00:00:00,0
2023-06-18 01:00:00,0
2023-06-18 02:00:00,0
2023-06-18 03:00:00,0
2023-06-18 04:00:00,1.9500
2023-06-18 05:00:00,0
2023-06-18 06:00:00,1.2100
2023-06-18 07:00:00,1.2100
2023-06-18 08:00:00,1.1972
2023-06-18 09:00:00,1.1901
2023-06-18 10:00:00,1.1944
2023-06-18 11:00:00,1.1762
2023-06-18 12:00:00,1.2100
2023-06-18 13:00:00,1.2087
2023-06-18 14:00:00,1.2070
2023-06-18 15:00:00,1.2037
2023-06-18 16:00:00,1.1824
2023-06-18 17:00:00,0
2023-06-18 18:00:00,1.9500
2023-06-18 19:00:00,1.9500
2023-06-18 20:00:00,0
2023-06-18 21:00:00,0
2023-06-18 22:00:00,1.2100
2023-06-18 23:00:00,1.2100
2023-06-19 00:00:00,0.4700
2023-06-19 01:00:00,0
2023-06-19 02:00:00,0.4700
2023-06-19 03:00:00,0.4700
2023-06-19 04:00:00,0.4700
2023-06-19 05:00:00,1.9000
2023-06-19 06:00:00,0.4598
2023-06-19 07:00:00,0.4595
2023-06-19 08:00:00,0.4627
2023-06-19 09:00:00,0.4584
2023-06-19 10:00:00,0.4528
2023-06-19 11:00:00,0.4449
2023-06-19 12:00:00,0.4583
2023-06-19 13:00:00,0.4558
2023-06-19 14:00:00,0.4669
2023-06-19 15:00:00,0.4511
2023-06-19 16:00:00,0.4630
2023-06-19 17:00:00,0
2023-06-19 18:00:00,1.9458
2023-06-19 19:00:00,1.9400
2023-06-19 20:00:00,0
2023-06-19 21:00:00,0.4486
2023-06-19 22:00:00,0.4700
2023-06-19 23:00:00,0.4700
2023-06-20 00:00:00,0
2023-06-20 01:00:00,0
2023-06-20 02:00:00,0.3900
2023-06-20 03:00:00,0.3900
2023-06-20 04:00:00,0.3900
2023-06-20 05:00:00,2.2300
2023-06-20 06:00:00,0.3900
2023-06-20 07:00:00,0.3900
2023-06-20 08:00:00,0.3798
2023-06-20 09:00:00,0.3706
2023-06-20 10:00:00,0
2023-06-20 11:00:00,0.3761
2023-06-20 12:00:00,0.3433
2023-06-20 13:00:00,0.3523
2023-06-20 14:00:00,0.3842
2023-06-20 15:00:00,0.3860
2023-06-20 16:00:00,0
2023-06-20 17:00:00,0
2023-06-20 18:00:00,1.9500
2023-06-20 19:00:00,0
2023-06-20 20:00:00,0
2023-06-20 21:00:00,0.3808
2023-06-20 22:00:00,0.3900
2023-06-20 23:00:00,0.3900
2023-06-21 00:00:00,0.2790
2023-06-21 01:00:00,0.3000
2023-06-21 02:00:00,0.3000
2023-06-21 03:00:00,0.3000
2023-06-21 04:00:00,0.3000
2023-06-21 05:00:00,1.4900
2023-06-21 06:00:00,0.2898
2023-06-21 07:00:00,0.3000
2023-06-21 08:00:00,0.2938
2023-06-21 09:00:00,0.2985
2023-06-21 10:00:00,0.2749
2023-06-21 11:00:00,0.2795
2023-06-21 12:00:00,0.2826
2023-06-21 13:00:00,0.2839
2023-06-21 14:00:00,0.2814
2023-06-21 15:00:00,0.2839
2023-06-21 16:00:00,0.2967
2023-06-21 17:00:00,0
2023-06-21 18:00:00,1.9500
2023-06-21 19:00:00,1.9500
2023-06-21 20:00:00,0
2023-06-21 21:00:00,0
2023-06-21 22:00:00,0.3000
2023-06-21 23:00:00,0.3000
2023-06-22 00:00:00,0
2023-06-22 01:00:00,0.3000
2023-06-22 02:00:00,0.3000
2023-06-22 03:00:00,0
2023-06-22 04:00:00,0
2023-06-22 05:00:00,0
2023-06-22 06:00:00,0
2023-06-22 07:00:00,0.3000
2023-06-22 08:00:00,0.2936
2023-06-22 09:00:00,0.2914
2023-06-22 10:00:00,0.3000
2023-06-22 11:00:00,0.2888
2023-06-22 12:00:00,0.3000
2023-06-22 13:00:00,0
2023-06-22 14:00:00,0.3000
2023-06-22 15:00:00,0
2023-06-22 16:00:00,0
2023-06-22 17:00:00,0
2023-06-22 18:00:00,0
2023-06-22 19:00:00,0
2023-06-22 20:00:00,0
2023-06-22 21:00:00,0
2023-06-22 22:00:00,0
2023-06-22 23:00:00,0
2023-06-23 00:00:00,0
2023-06-23 01:00:00,0
2023-06-23 02:00:00,0
2023-06-23 03:00:00,0
2023-06-23 04:00:00,0
2023-06-23 05:00:00,0
2023-06-23 06:00:00,1.9398
2023-06-23 07:00:00,1.9500
2023-06-23 08:00:00,1.9494
2023-06-23 09:00:00,1.9296
2023-06-23 10:00:00,1.3267
2023-06-23 11:00:00,1.8633
2023-06-23 12:00:00,1.9495
2023-06-23 13:00:00,1.9357
2023-06-23 14:00:00,1.9456
2023-06-23 15:00:00,1.9470
2023-06-23 16:00:00,1.8349
2023-06-23 17:00:00,0
2023-06-23 18:00:00,1.9500
2023-06-23 19:00:00,1.9500
2023-06-23 20:00:00,0
2023-06-23 21:00:00,0
2023-06-23 22:00:00,1.9500
2023-06-23 23:00:00,1.9500
2023-06-24 00:00:00,0
2023-06-24 01:00:00,0
2023-06-24 02:00:00,0
2023-06-24 03:00:00,0
2023-06-24 04:00:00,0
2023-06-24 05:00:00,1.1900
2023-06-24 06:00:00,0
2023-06-24 07:00:00,0
2023-06-24 08:00:00,0
2023-06-24 09:00:00,0
2023-06-24 10:00:00,0
2023-06-24 11:00:00,0
2023-06-24 12:00:00,0
2023-06-24 13:00:00,0
2023-06-24 14:00:00,0
2023-06-24 15:00:00,0
2023-06-24 16:00:00,0
2023-06-24 17:00:00,0
2023-06-24 18:00:00,1.9500
2023-06-24 19:00:00,1.9500
2023-06-24 20:00:00,0
2023-06-24 21:00:00,0
2023-06-24 22:00:00,0
2023-06-24 23:00:00,0
2023-06-25 00:00:00,0
2023-06-25 01:00:00,0
2023-06-25 02:00:00,0
2023-06-25 03:00:00,0
2023-06-25 04:00:00,0
2023-06-25 05:00:00,0
2023-06-25 06:00:00,1.9500
2023-06-25 07:00:00,1.9500
2023-06-25 08:00:00,1.9500
2023-06-25 09:00:00,1.9396
2023-06-25 10:00:00,0
2023-06-25 11:00:00,1.9377
2023-06-25 12:00:00,1.9475
2023-06-25 13:00:00,1.9247
2023-06-25 14:00:00,1.9465
2023-06-25 15:00:00,1.3733
2023-06-25 16:00:00,0
2023-06-25 17:00:00,0
2023-06-25 18:00:00,1.9500
2023-06-25 19:00:00,0
2023-06-25 20:00:00,0
2023-06-25 21:00:00,1.9374
2023-06-25 22:00:00,0
2023-06-25 23:00:00,1.9395
2023-06-26 00:00:00,0
2023-06-26 01:00:00,0
2023-06-26 02:00:00,0
2023-06-26 03:00:00,0
2023-06-26 04:00:00,0
2023-06-26 05:00:00,0
2023-06-26 06:00:00,0
2023-06-26 07:00:00,0
2023-06-26 08:00:00,0
2023-06-26 09:00:00,0
2023-06-26 10:00:00,0
2023-06-26 11:00:00,0
2023-06-26 12:00:00,0
2023-06-26 13:00:00,0
2023-06-26 14:00:00,0
2023-06-26 15:00:00,0
2023-06-26 16:00:00,0
2023-06-26 17:00:00,0
2023-06-26 18:00:00,1.9460
2023-06-26 19:00:00,0
2023-06-26 20:00:00,0
2023-06-26 21:00:00,0
2023-06-26 22:00:00,0
2023-06-26 23:00:00,0
2023-06-27 00:00:00,1.9500
2023-06-27 01:00:00,1.1280
2023-06-27 02:00:00,1.9500
2023-06-27 03:00:00,1.9470
2023-06-27 04:00:00,2.9529
2023-06-27 05:00:00,0
2023-06-27 06:00:00,1.9382
2023-06-27 07:00:00,1.9500
2023-06-27 08:00:00,1.9500
2023-06-27 09:00:00,1.9500
2023-06-27 10:00:00,0
2023-06-27 11:00:00,1.3200
2023-06-27 12:00:00,1.9374
2023-06-27 13:00:00,1.9334
2023-06-27 14:00:00,1.9500
2023-06-27 15:00:00,1.9429
2023-06-27 16:00:00,1.6437
2023-06-27 17:00:00,0
2023-06-27 18:00:00,1.0300
2023-06-27 19:00:00,0
2023-06-27 20:00:00,0
2023-06-27 21:00:00,1.9412
2023-06-27 22:00:00,1.9398
2023-06-27 23:00:00,1.9500
2023-06-28 00:00:00,1.9295
2023-06-28 01:00:00,1.9262
2023-06-28 02:00:00,3.8254
2023-06-28 03:00:00,0
2023-06-28 04:00:00,0
2023-06-28 05:00:00,0
2023-06-28 06:00:00,0
2023-06-28 07:00:00,1.9500
2023-06-28 08:00:00,1.9434
2023-06-28 09:00:00,1.9428
2023-06-28 10:00:00,0
2023-06-28 11:00:00,1.9332
2023-06-28 12:00:00,1.9485
2023-06-28 13:00:00,0
2023-06-28 14:00:00,1.4881
2023-06-28 15:00:00,0
2023-06-28 16:00:00,0
2023-06-28 17:00:00,0
2023-06-28 18:00:00,0
2023-06-28 19:00:00,0
2023-06-28 20:00:00,1.9306
2023-06-28 21:00:00,1.5975
2023-06-28 22:00:00,1.5832
2023-06-28 23:00:00,1.7746
2023-06-29 00:00:00,0.8841
2023-06-29 01:00:00,0.9000
2023-06-29 02:00:00,0.8806
2023-06-29 03:00:00,0.9000
2023-06-29 04:00:00,0
2023-06-29 05:00:00,0
2023-06-29 06:00:00,0
2023-06-29 07:00:00,0.9000
2023-06-29 08:00:00,0.9000
2023-06-29 09:00:00,0.9000
2023-06-29 10:00:00,0.9000
2023-06-29 11:00:00,0
2023-06-29 12:00:00,0.9000
2023-06-29 13:00:00,0.8902
2023-06-29 14:00:00,0.8898
2023-06-29 15:00:00,0
2023-06-29 16:00:00,0
2023-06-29 17:00:00,0
2023-06-29 18:00:00,0
2023-06-29 19:00:00,0
2023-06-29 20:00:00,0.9000
2023-06-29 21:00:00,0.9000
2023-06-29 22:00:00,0
2023-06-29 23:00:00,0
2023-06-30 00:00:00,1.3700
2023-06-30 01:00:00,1.3700
2023-06-30 02:00:00,0
2023-06-30 03:00:00,0
2023-06-30 04:00:00,0
2023-06-30 05:00:00,0
2023-06-30 06:00:00,0
2023-06-30 07:00:00,1.3620
2023-06-30 08:00:00,1.3700
2023-06-30 09:00:00,1.3700
2023-06-30 10:00:00,1.3700
2023-06-30 11:00:00,1.3700
2023-06-30 12:00:00,1.3700
2023-06-30 13:00:00,0
2023-06-30 14:00:00,0
2023-06-30 15:00:00,0
2023-06-30 16:00:00,0
2023-06-30 17:00:00,0
2023-06-30 18:00:00,0
2023-06-30 19:00:00,1.3110
2023-06-30 20:00:00,1.3700
2023-06-30 21:00:00,1.3700
2023-06-30 22:00:00,1.2700
2023-06-30 23:00:00,0
